{"id":"103","uri":"/selfcnil/api/configuration/site/document/103/content","contents":[{"locale":"fr_FR","content":"<strong><span style=\"color:#ff5122;\">Important !</span><br />\r\nAvant tout, veuillez consulter : <a href=\"https://www.cnil.fr/cnil-direct/question/1245?visiteur=part\" target=\"_blank\">Comment savoir si mon employeur respecte le RGPD ?</a></strong><br />\r\n<br />\r\nSi vous estimez que votre employeur ne respecte pas le RGPD, vous avez plusieurs recours :\r\n<ul>\r\n\t<li><a href=\"https://www.cnil.fr/fr/plaintes/travail\" target=\"_blank\"><span style=\"color:#2179c4;\">Adresser une réclamation&nbsp;à la CNIL</span></a> : la CNIL interviendra auprès de votre employeur si les éléments que vous nous apportez sont suffisamment conséquents.&nbsp;</li>\r\n\t<li>Saisir les services de l'<a href=\"http://direccte.gouv.fr/\" target=\"_blank\">inspection du Travail</a>&nbsp;;</li>\r\n</ul>\r\nPar ailleurs si vous avez demandé à avoir accès aux données vous concernant et que votre employeur a refusé ou n'a pas répondu dans un délai d'un&nbsp;mois, vous pouvez également <a href=\"https://www.cnil.fr/fr/plaintes/travail\" target=\"_blank\">adresser une plainte à la CNIL</a>.<br />\r\n<br />\r\n&nbsp;","format":"text/html"}]}