{"id":"104","uri":"/selfcnil/api/configuration/site/document/104/content","contents":[{"locale":"fr_FR","content":"<span style=\"color:#2179c4;\"><strong>Non</strong></span>.<br />\r\n<br />\r\nLe <a href=\"https://www.legifrance.gouv.fr/affichCodeArticle.do;jsessionid=F05D26F8415E88E92816DA3AA44C767F.tpdila07v_1?idArticle=LEGIARTI000006840969&amp;cidTexte=LEGITEXT000006074228&amp;dateTexte=20160217\" target=\"_blank\">code de la route</a> prévoit que le nombre de points sur un permis de conduire ne peut être demandé que par les autorités administratives et judiciaires,&nbsp;à l'exclusion des employeurs, des assureurs et toute autre personne physique ou morale.","format":"text/html"}]}