{"id":"105","uri":"/selfcnil/api/configuration/site/document/105","names":[{"name":"Puis-je refuser que ma photographie figure dans l'annuaire du personnel ?","locale":"fr_FR"}],"metadata":[{"locale":"fr_FR","name":"description","property":null,"content":"annuaire, trombi, trombinoscope, intranet, internet, photo, image, vie privée, salarié, employé"}],"content":{"uri":"/selfcnil/api/configuration/site/document/105/content"},"creator":{"uri":"/selfcnil/api/configuration/site/document/105/creator"},"creationDate":1424696702000,"lastModifier":{"uri":"/selfcnil/api/configuration/site/document/105/lastModifier"},"lastModificationDate":1505294488000,"fields":[{"name":"Description","value":null,"fieldType":"TEXT","fieldOrder":null,"fieldLength":null,"listOfValueId":null,"visibleByAgent":null,"visibleBySupervisor":null,"visibleByExternalSpecialist":null,"mandatoryForAgent":null,"mandatoryForSupervisor":null,"readonlyForAgent":null,"readonlyForSupervisor":null,"localisation":[{"label":"Description","value":"annuaire, trombi, trombinoscope, intranet, internet, photo, image, vie privée, salarié, employé","locale":"fr_FR"}]},{"name":"OrderTemplate","value":"6","fieldType":"STRING","fieldOrder":null,"fieldLength":null,"listOfValueId":null,"visibleByAgent":null,"visibleBySupervisor":null,"visibleByExternalSpecialist":null,"mandatoryForAgent":null,"mandatoryForSupervisor":null,"readonlyForAgent":null,"readonlyForSupervisor":null,"localisation":[{"label":"Ordre d'affichage","value":"6","locale":"fr_FR"}]}],"hits":[{"locale":"fr_FR","hits":146}],"ranks":[{"locale":"fr_FR","rank":1.806509945750452,"count":553}],"contacts":{"uri":"/selfcnil/api/configuration/site/document/105/contacts"},"relatedDocuments":{"uri":"/selfcnil/api/configuration/site/document/105/relatedDocuments"},"attachments":{"uri":"/selfcnil/api/configuration/site/document/105/attachments"},"path":[{"id":"12","uri":"/selfcnil/api/configuration/site/documentGroup/12"},{"id":"65","uri":"/selfcnil/api/configuration/site/documentGroup/65"},{"id":"71","uri":"/selfcnil/api/configuration/site/documentGroup/71"}],"parentGroup":{"id":"71","uri":"/selfcnil/api/configuration/site/documentGroup/71"},"publicationStatus":"None"}