{"id":"106","uri":"/selfcnil/api/configuration/site/document/106","names":[{"name":"Mon employeur peut-il enregistrer ou écouter mes conversations téléphoniques à mon insu ?","locale":"fr_FR"}],"metadata":[{"locale":"fr_FR","name":"description","property":null,"content":"appels, appelants, flicage, enregistrement, écoute, centre d'appels, call center, ecoutes telephoniques"}],"content":{"uri":"/selfcnil/api/configuration/site/document/106/content"},"creator":{"uri":"/selfcnil/api/configuration/site/document/106/creator"},"creationDate":1424696803000,"lastModifier":{"uri":"/selfcnil/api/configuration/site/document/106/lastModifier"},"lastModificationDate":1487063593000,"fields":[{"name":"Description","value":null,"fieldType":"TEXT","fieldOrder":null,"fieldLength":null,"listOfValueId":null,"visibleByAgent":null,"visibleBySupervisor":null,"visibleByExternalSpecialist":null,"mandatoryForAgent":null,"mandatoryForSupervisor":null,"readonlyForAgent":null,"readonlyForSupervisor":null,"localisation":[{"label":"Description","value":"appels, appelants, flicage, enregistrement, écoute, centre d'appels, call center, ecoutes telephoniques","locale":"fr_FR"}]},{"name":"OrderTemplate","value":"","fieldType":"STRING","fieldOrder":null,"fieldLength":null,"listOfValueId":null,"visibleByAgent":null,"visibleBySupervisor":null,"visibleByExternalSpecialist":null,"mandatoryForAgent":null,"mandatoryForSupervisor":null,"readonlyForAgent":null,"readonlyForSupervisor":null,"localisation":[{"label":"Ordre d'affichage","value":"","locale":"fr_FR"}]}],"hits":[{"locale":"fr_FR","hits":136}],"ranks":[{"locale":"fr_FR","rank":1.5044247787610618,"count":113}],"contacts":{"uri":"/selfcnil/api/configuration/site/document/106/contacts"},"relatedDocuments":{"uri":"/selfcnil/api/configuration/site/document/106/relatedDocuments"},"attachments":{"uri":"/selfcnil/api/configuration/site/document/106/attachments"},"path":[{"id":"12","uri":"/selfcnil/api/configuration/site/documentGroup/12"},{"id":"65","uri":"/selfcnil/api/configuration/site/documentGroup/65"},{"id":"71","uri":"/selfcnil/api/configuration/site/documentGroup/71"}],"parentGroup":{"id":"71","uri":"/selfcnil/api/configuration/site/documentGroup/71"},"publicationStatus":"None"}