{"id":"107","uri":"/selfcnil/api/configuration/site/document/107/content","contents":[{"locale":"fr_FR","content":"<span style=\"color:#2179c4;\"><strong>Oui.</strong></span><br />\r\n<br />\r\nIl existe une <span style=\"color:#2179c4;\"><strong>tolérance</strong></span> permettant d'utiliser les outils professionnels à des fins personnelles, à condition que cette utilisation reste <span style=\"color:#2179c4;\"><strong>raisonnable</strong></span>. Mais vous devez <span style=\"color:#2179c4;\"><strong>identifier clairement ces messages</strong></span> comme étant&nbsp;\"personnels\", par exemple en indiquant \"Personnel\" ou&nbsp;\"Privé\" en objet ou en les classant dans un répertoire \"Personnel\".<br />\r\n<br />\r\nUn message identifié comme étant personnel est considéré comme une correspondance privée et&nbsp;l'employeur doit en respecter le secret.<br />\r\n<br />\r\n<strong><span style=\"color:#ff5122;\">Attention</span><span style=\"color: rgb(255, 0, 0);\"> </span></strong>: vous ne pouvez pas transformer des messages professionnels en correspondance privée et les communiquer à des personnes extérieures non autorisées.","format":"text/html"}]}