{"id":"108","uri":"/selfcnil/api/configuration/site/document/108/content","contents":[{"locale":"fr_FR","content":"<span style=\"color:#2179c4;\"><strong>Oui.</strong></span><br />\r\n<br />\r\nMais tous les fichiers présents sur votre ordinateur de travail sont supposés être professionnels, sauf si vous les identifiez clairement comme étant personnels.<br />\r\n<br />\r\nSi vous stockez des documents personnels, rangez-les dans un répertoire ou un dossier intitulé&nbsp; \"Personnel\" ou&nbsp;\"Privé\". L'intitulé&nbsp;\"Mes documents\", vos initiales ou votre prénom ne suffisent pas à lui donner un caractère personnel.<br />\r\n<br />\r\n<strong><span style=\"color:#ff5122;\">A savoir</span><span style=\"color: rgb(255, 0, 0);\">&nbsp;</span></strong>: votre employeur peut accéder librement à vos documents et fichiers professionnels, même en votre absence.","format":"text/html"}]}