{"id":"109","uri":"/selfcnil/api/configuration/site/document/109","names":[{"name":"Peut-on me filmer en permanence sur mon poste de travail ?","locale":"fr_FR"}],"metadata":[{"locale":"fr_FR","name":"description","property":null,"content":"caméra, bureau, vidéo, flicage, contrôle, employeur, employé, salarié, poste de travail, machine, ligne de production, caisse, PC sécurité, atelier"}],"content":{"uri":"/selfcnil/api/configuration/site/document/109/content"},"creator":{"uri":"/selfcnil/api/configuration/site/document/109/creator"},"creationDate":1424697370000,"lastModifier":{"uri":"/selfcnil/api/configuration/site/document/109/lastModifier"},"lastModificationDate":1487065457000,"fields":[{"name":"Description","value":null,"fieldType":"TEXT","fieldOrder":null,"fieldLength":null,"listOfValueId":null,"visibleByAgent":null,"visibleBySupervisor":null,"visibleByExternalSpecialist":null,"mandatoryForAgent":null,"mandatoryForSupervisor":null,"readonlyForAgent":null,"readonlyForSupervisor":null,"localisation":[{"label":"Description","value":"caméra, bureau, vidéo, flicage, contrôle, employeur, employé, salarié, poste de travail, machine, ligne de production, caisse, PC sécurité, atelier","locale":"fr_FR"}]},{"name":"OrderTemplate","value":"5","fieldType":"STRING","fieldOrder":null,"fieldLength":null,"listOfValueId":null,"visibleByAgent":null,"visibleBySupervisor":null,"visibleByExternalSpecialist":null,"mandatoryForAgent":null,"mandatoryForSupervisor":null,"readonlyForAgent":null,"readonlyForSupervisor":null,"localisation":[{"label":"Ordre d'affichage","value":"5","locale":"fr_FR"}]}],"hits":[{"locale":"fr_FR","hits":247}],"ranks":[{"locale":"fr_FR","rank":1.6,"count":290}],"contacts":{"uri":"/selfcnil/api/configuration/site/document/109/contacts"},"relatedDocuments":{"uri":"/selfcnil/api/configuration/site/document/109/relatedDocuments"},"attachments":{"uri":"/selfcnil/api/configuration/site/document/109/attachments"},"path":[{"id":"12","uri":"/selfcnil/api/configuration/site/documentGroup/12"},{"id":"65","uri":"/selfcnil/api/configuration/site/documentGroup/65"},{"id":"71","uri":"/selfcnil/api/configuration/site/documentGroup/71"}],"parentGroup":{"id":"71","uri":"/selfcnil/api/configuration/site/documentGroup/71"},"publicationStatus":"None"}