{"id":"110","uri":"/selfcnil/api/configuration/site/document/110","names":[{"name":"Démarchage postal : puis-je m'y opposer ?","locale":"fr_FR"}],"metadata":[{"locale":"fr_FR","name":"description","property":null,"content":"pub, courrier postal, boite aux lettres, opt-out, opposition, recevoir de nombreux courriers"}],"content":{"uri":"/selfcnil/api/configuration/site/document/110/content"},"creator":{"uri":"/selfcnil/api/configuration/site/document/110/creator"},"creationDate":1424697738000,"lastModifier":{"uri":"/selfcnil/api/configuration/site/document/110/lastModifier"},"lastModificationDate":1487606885000,"fields":[{"name":"Description","value":null,"fieldType":"TEXT","fieldOrder":null,"fieldLength":null,"listOfValueId":null,"visibleByAgent":null,"visibleBySupervisor":null,"visibleByExternalSpecialist":null,"mandatoryForAgent":null,"mandatoryForSupervisor":null,"readonlyForAgent":null,"readonlyForSupervisor":null,"localisation":[{"label":"Description","value":"pub, courrier postal, boite aux lettres, opt-out, opposition","locale":"fr_FR"}]},{"name":"OrderTemplate","value":"","fieldType":"STRING","fieldOrder":null,"fieldLength":null,"listOfValueId":null,"visibleByAgent":null,"visibleBySupervisor":null,"visibleByExternalSpecialist":null,"mandatoryForAgent":null,"mandatoryForSupervisor":null,"readonlyForAgent":null,"readonlyForSupervisor":null,"localisation":[{"label":"Ordre d'affichage","value":"","locale":"fr_FR"}]}],"hits":[{"locale":"fr_FR","hits":98}],"ranks":[{"locale":"fr_FR","rank":1.475609756097561,"count":82}],"contacts":{"uri":"/selfcnil/api/configuration/site/document/110/contacts"},"relatedDocuments":{"uri":"/selfcnil/api/configuration/site/document/110/relatedDocuments"},"attachments":{"uri":"/selfcnil/api/configuration/site/document/110/attachments"},"path":[{"id":"12","uri":"/selfcnil/api/configuration/site/documentGroup/12"},{"id":"65","uri":"/selfcnil/api/configuration/site/documentGroup/65"},{"id":"85","uri":"/selfcnil/api/configuration/site/documentGroup/85"}],"parentGroup":{"id":"85","uri":"/selfcnil/api/configuration/site/documentGroup/85"},"publicationStatus":"None"}