{"id":"110","uri":"/selfcnil/api/configuration/site/document/110/content","contents":[{"locale":"fr_FR","content":"<span style=\"color:#2179c4;\"><strong>Oui.</strong></span><br />\r\n<br />\r\nVous pouvez vous opposer à l'utilisation de votre adresse pour des envois publicitaires : au moment où vous donnez vos coordonnées, chez un commerçant ou sur internet, en cochant la case \"<em>ne pas communiquer mes coordonnées à vos partenaires</em>\"&nbsp;ou&nbsp;\"<em>je refuse de recevoir des propositions commerciales de la société X</em>\".<br />\r\n<br />\r\nVous pouvez également le faire par la suite en contactant la société&nbsp;qui vous envoie des publicités.<br />\r\n<br />\r\nCette opposition doit être gratuite, facile à réaliser et n'a pas à être justifiée.<br />\r\n<br />\r\nSi dans un délai de 2 mois, la société n'a pas pris en compte votre demande, vous pouvez :\r\n<ul>\r\n\t<li><a href=\"https://www.cnil.fr/plainte/commerce/stopper-la-reception-de-courriers-publicitaires-par-voie-postale\" target=\"_blank\">adresser une plainte à la CNIL</a></li>\r\n\t<li>déposer une plainte auprès des services de police, de gendarmerie ou du procureur de la République.</li>\r\n</ul>\r\n<br />\r\n<span style=\"color: rgb(255, 81, 34);\"><strong>En savoir plus</strong></span>&nbsp;:&nbsp;<a href=\"https://www.cnil.fr/sites/default/files/typo/document/Prospection_Fiches_Commerce.pdf\" target=\"_blank\">Fiche pratique Prospection postale et téléphonique</a>","format":"text/html"}]}