{"id":"1246","uri":"/selfcnil/api/configuration/site/document/1246/content","contents":[{"locale":"fr_FR","content":"Vous pouvez obtenir la liste des déclarations faites à la CNIL par un organisme public ou privé (fichier de gestion du personnel, fichier clients, etc.) et leur caractéristiques (N° d'enregistrement, date, finalité, données traitées, etc.) en consultant le \"<span style=\"color:#2179c4;\"><strong>fichier des fichiers</strong></span>\"&nbsp;sur le site de la CNIL, sur notre page \"<a href=\"https://www.cnil.fr/fr/les-formalites-prealables-accomplies-aupres-de-la-cnil-avant-le-25-mai-2018\" target=\"_blank\" title=\"liste 31\">Les formalités préalables accomplies auprès de la CNIL avant le 25 mai 2018</a>\".<br />\r\n<br />\r\n<span style=\"color:#ff5122;\"><strong>Attention&nbsp;! </strong></span><br />\r\nDepuis le 25 mai 2018, date d'entrée en application du <a href=\"https://www.cnil.fr/fr/reglement-europeen-protection-donnees\" target=\"_blank\">RGPD</a>, la plupart des fichiers n'ont plus à être déclarés à la CNIL.<br />\r\n<br />\r\n<span style=\"color:#ff5122;\"><strong>A savoir</strong></span>&nbsp;: la CNIL ne détient pas le contenu des fichiers qui lui ont été déclarés avant le 25 mai 2018 par les organismes qui les mettent en oeuvre. Elle ne connaît que leur existence et leurs principales caractéristiques.","format":"text/html"}]}