{"id":"1246","uri":"/selfcnil/api/configuration/site/document/1246","names":[{"name":"Comment obtenir la liste des déclarations faites à la CNIL par un organisme public ou privé ?","locale":"fr_FR"}],"metadata":[{"locale":"fr_FR","name":"description","property":null,"content":"article 31, liste, déclaration, avis, autorisation, formalité"}],"content":{"uri":"/selfcnil/api/configuration/site/document/1246/content"},"creator":{"uri":"/selfcnil/api/configuration/site/document/1246/creator"},"creationDate":1503589787000,"lastModifier":{"uri":"/selfcnil/api/configuration/site/document/1246/lastModifier"},"lastModificationDate":1530190711000,"fields":[{"name":"Description","value":null,"fieldType":"TEXT","fieldOrder":null,"fieldLength":null,"listOfValueId":null,"visibleByAgent":null,"visibleBySupervisor":null,"visibleByExternalSpecialist":null,"mandatoryForAgent":null,"mandatoryForSupervisor":null,"readonlyForAgent":null,"readonlyForSupervisor":null,"localisation":[{"label":"Description","value":"article 31, liste, déclaration, avis, autorisation, formalité","locale":"fr_FR"}]},{"name":"OrderTemplate","value":"","fieldType":"STRING","fieldOrder":null,"fieldLength":null,"listOfValueId":null,"visibleByAgent":null,"visibleBySupervisor":null,"visibleByExternalSpecialist":null,"mandatoryForAgent":null,"mandatoryForSupervisor":null,"readonlyForAgent":null,"readonlyForSupervisor":null,"localisation":[{"label":"Ordre d'affichage","value":"","locale":"fr_FR"}]}],"hits":[],"ranks":[{"locale":"fr_FR","rank":1.1889400921658986,"count":217}],"contacts":{"uri":"/selfcnil/api/configuration/site/document/1246/contacts"},"relatedDocuments":{"uri":"/selfcnil/api/configuration/site/document/1246/relatedDocuments"},"attachments":{"uri":"/selfcnil/api/configuration/site/document/1246/attachments"},"path":[{"id":"12","uri":"/selfcnil/api/configuration/site/documentGroup/12"},{"id":"65","uri":"/selfcnil/api/configuration/site/documentGroup/65"},{"id":"73","uri":"/selfcnil/api/configuration/site/documentGroup/73"}],"parentGroup":{"id":"73","uri":"/selfcnil/api/configuration/site/documentGroup/73"},"publicationStatus":"None"}