{"id":"1253","uri":"/selfcnil/api/configuration/site/document/1253","names":[{"name":"Règlement européen sur la protection des données : que faut-il savoir ?","locale":"fr_FR"}],"metadata":[{"locale":"fr_FR","name":"description","property":null,"content":"RGPD, GDPR, règlement général, loi européenne, directive,"}],"content":{"uri":"/selfcnil/api/configuration/site/document/1253/content"},"creator":{"uri":"/selfcnil/api/configuration/site/document/1253/creator"},"creationDate":1503999881000,"lastModifier":{"uri":"/selfcnil/api/configuration/site/document/1253/lastModifier"},"lastModificationDate":1531385670000,"fields":[{"name":"Description","value":null,"fieldType":"TEXT","fieldOrder":null,"fieldLength":null,"listOfValueId":null,"visibleByAgent":null,"visibleBySupervisor":null,"visibleByExternalSpecialist":null,"mandatoryForAgent":null,"mandatoryForSupervisor":null,"readonlyForAgent":null,"readonlyForSupervisor":null,"localisation":[{"label":"Description","value":"RGPD, GDPR, règlement général, loi européenne, directive","locale":"fr_FR"}]},{"name":"OrderTemplate","value":"","fieldType":"STRING","fieldOrder":null,"fieldLength":null,"listOfValueId":null,"visibleByAgent":null,"visibleBySupervisor":null,"visibleByExternalSpecialist":null,"mandatoryForAgent":null,"mandatoryForSupervisor":null,"readonlyForAgent":null,"readonlyForSupervisor":null,"localisation":[{"label":"Ordre d'affichage","value":"","locale":"fr_FR"}]}],"hits":[{"locale":"fr_FR","hits":15000}],"ranks":[{"locale":"fr_FR","rank":1.3577981651376148,"count":545}],"contacts":{"uri":"/selfcnil/api/configuration/site/document/1253/contacts"},"relatedDocuments":{"uri":"/selfcnil/api/configuration/site/document/1253/relatedDocuments"},"attachments":{"uri":"/selfcnil/api/configuration/site/document/1253/attachments"},"path":[{"id":"12","uri":"/selfcnil/api/configuration/site/documentGroup/12"},{"id":"49","uri":"/selfcnil/api/configuration/site/documentGroup/49"},{"id":"143","uri":"/selfcnil/api/configuration/site/documentGroup/143"}],"parentGroup":{"id":"143","uri":"/selfcnil/api/configuration/site/documentGroup/143"},"publicationStatus":"None"}