{"id":"1254","uri":"/selfcnil/api/configuration/site/document/1254","names":[{"name":"Règlement européen : que devient la Loi Informatique et Libertés ?","locale":"fr_FR"}],"metadata":[{"locale":"fr_FR","name":"description","property":null,"content":"RGPD, GDPR, règlement, directive, loi informatique et libertés, loi 78-17"}],"content":{"uri":"/selfcnil/api/configuration/site/document/1254/content"},"creator":{"uri":"/selfcnil/api/configuration/site/document/1254/creator"},"creationDate":1504000131000,"lastModifier":{"uri":"/selfcnil/api/configuration/site/document/1254/lastModifier"},"lastModificationDate":1531387126000,"fields":[{"name":"Description","value":null,"fieldType":"TEXT","fieldOrder":null,"fieldLength":null,"listOfValueId":null,"visibleByAgent":null,"visibleBySupervisor":null,"visibleByExternalSpecialist":null,"mandatoryForAgent":null,"mandatoryForSupervisor":null,"readonlyForAgent":null,"readonlyForSupervisor":null,"localisation":[{"label":"Description","value":"RGPD, GDPR, règlement, directive, loi informatique et libertés, loi 78-17","locale":"fr_FR"}]},{"name":"OrderTemplate","value":"","fieldType":"STRING","fieldOrder":null,"fieldLength":null,"listOfValueId":null,"visibleByAgent":null,"visibleBySupervisor":null,"visibleByExternalSpecialist":null,"mandatoryForAgent":null,"mandatoryForSupervisor":null,"readonlyForAgent":null,"readonlyForSupervisor":null,"localisation":[{"label":"Ordre d'affichage","value":"","locale":"fr_FR"}]}],"hits":[],"ranks":[{"locale":"fr_FR","rank":1.5340909090909092,"count":528}],"contacts":{"uri":"/selfcnil/api/configuration/site/document/1254/contacts"},"relatedDocuments":{"uri":"/selfcnil/api/configuration/site/document/1254/relatedDocuments"},"attachments":{"uri":"/selfcnil/api/configuration/site/document/1254/attachments"},"path":[{"id":"12","uri":"/selfcnil/api/configuration/site/documentGroup/12"},{"id":"49","uri":"/selfcnil/api/configuration/site/documentGroup/49"},{"id":"143","uri":"/selfcnil/api/configuration/site/documentGroup/143"}],"parentGroup":{"id":"143","uri":"/selfcnil/api/configuration/site/documentGroup/143"},"publicationStatus":"None"}