{"id":"1254","uri":"/selfcnil/api/configuration/site/document/1254/content","contents":[{"locale":"fr_FR","content":"Une&nbsp;<span style=\"color:#2179c4;\"><strong>nouvelle loi Informatique et Liberté</strong>s </span>a&nbsp;été publiée au Journal Officiel le 21 juin 2018&nbsp;pour régler diverses situations&nbsp;:\r\n<ul>\r\n\t<li>la&nbsp;<span style=\"color:#2179c4;\"><strong>transposition</strong></span>&nbsp;de la&nbsp;<a href=\"http://eur-lex.europa.eu/legal-content/FR/TXT/PDF/?uri=CELEX:32016L0680&amp;from=FR\" target=\"_blank\" title=\"directive 2016/680\">directive européenne dite police justice</a>&nbsp;;</li>\r\n\t<li><span style=\"color:#2179c4;\"><strong>l'organisation et le fonctionnement de la CNIL</strong></span>, tout particulièrement s'agissant des éléments de procédure au niveau national,</li>\r\n\t<li>les&nbsp;<span style=\"color:#2179c4;\"><strong>spécificités nationales</strong></span>&nbsp;permises par le&nbsp;<a href=\"https://www.cnil.fr/fr/reglement-europeen-protection-donnees\" target=\"_blank\" title=\"règlement européen\">Règlement européen</a>&nbsp;en matière de données sensibles (données de santé, données biométriques), de traitements répondant à des missions d'intérêt public (par exemple pour la protection sociale ou la santé publique, pour la recherche publique ou les archives publiques) ou encore pour les situations particulières de traitement (sort des données après la mort, âge de consentement pour un mineur pour l'offre directe de services de la société de l'information, numéro de sécurité sociale, données relatives aux condamnations pénales et aux infractions).</li>\r\n</ul>\r\n","format":"text/html"}]}