{"id":"1257","uri":"/selfcnil/api/configuration/site/document/1257/content","contents":[{"locale":"fr_FR","content":"La désignation d'un Délégué est&nbsp;<span style=\"color:#2179c4;\"><strong>obligatoire pour</strong></span>&nbsp;:\r\n<ol>\r\n\t<li>Les&nbsp;<span style=\"color:#2179c4;\"><strong>autorités et organismes publics</strong></span>&nbsp;(par exemple, les ministères, collectivités territoriales, établissements publics).</li>\r\n\t<li>Les organismes dont les activités de base les amènent à réaliser un&nbsp;<span style=\"color:#2179c4;\"><strong>suivi régulier et systématique des personnes à grande échelle</strong></span>.<strong>&nbsp;</strong>Par exemple : les compagnies d'assurance ou les banques pour leurs fichiers clients, les opérateurs téléphoniques ou les fournisseurs d'accès internet.</li>\r\n\t<li>Les organismes dont les activités de base les amènent à&nbsp;<span style=\"color:#2179c4;\"><strong>traiter à grande échelle des données dites \"sensibles\"</strong></span>&nbsp;(données biométriques, génétiques, relatives à la santé, la vie sexuelle, l'origine raciale ou ethnique, les opinions politiques, les convictions religieuses ou philosophiques ou l'appartenance syndicale) ou&nbsp;<span style=\"color:#2179c4;\"><strong>relatives à des condamnations pénales et infractions</strong></span>.</li>\r\n</ol>\r\n<br />\r\n<span style=\"color:#2179c4;\"><strong>Dans les autres cas</strong></span>, la désignation d'un Délégué à la protection des données est <span style=\"color:#2179c4;\"><strong>encouragée par la CNIL</strong></span>.<br />\r\n<br />\r\n<strong><span style=\"color:#ff5122;\">En savoir plus&nbsp;</span></strong>:&nbsp;\r\n\r\n<ul>\r\n\t<li><a href=\"https://www.cnil.fr/fr/devenir-delegue-la-protection-des-donnees\" target=\"_blank\" title=\"Devenir DPO\">Devenir Délégué à la protection des données</a></li>\r\n\t<li><a href=\"https://www.cnil.fr/fr/designation-dpo\" target=\"_blank\">Désigner un Délégué à la protection des données</a></li>\r\n</ul>\r\n","format":"text/html"}]}