{"id":"1258","uri":"/selfcnil/api/configuration/site/document/1258/content","contents":[{"locale":"fr_FR","content":"<span style=\"color:#2179c4;\"><strong>Le Délégué n'est pas responsable en cas de de non-respect du Règlement européen</strong></span>&nbsp;: le respect de la protection des données relève de la responsabilité de l'organisme qui a désigné le Délégué (responsable du fichier) ou du sous-traitant.<br />\r\n<br />\r\n<span style=\"color:#ff5122;\"><strong>A savoir</strong></span>&nbsp;: en France, il existe des situations où le Délégué pourrait, comme n'importe quel autre employé ou agent, voir sa responsabilité pénale engagée :\r\n<ul>\r\n\t<li>S'il enfreint intentionnellement les dispositions pénales des règles protectrices des données personnelles.</li>\r\n\t<li>Ou en tant que complice s'il aide le responsable du traitement ou le sous-traitant à enfreindre ces dispositions pénales.&nbsp;</li>\r\n</ul>\r\n<span style=\"color:#ff5122;\"><strong>En savoir plus</strong></span>&nbsp;:&nbsp;\r\n\r\n<ul>\r\n\t<li><a href=\"https://www.cnil.fr/fr/devenir-delegue-la-protection-des-donnees\" target=\"_blank\" title=\"Devenir DPO\">Devenir Délégué à la protection des données</a></li>\r\n\t<li><a href=\"https://www.cnil.fr/fr/designation-dpo\" target=\"_blank\">Désigner un Délégué à la protection des données</a></li>\r\n</ul>\r\n","format":"text/html"}]}