{"id":"1258","uri":"/selfcnil/api/configuration/site/document/1258","names":[{"name":"Règlement européen : quelle responsabilité pour le Délégué à la protection des données ?","locale":"fr_FR"}],"metadata":[{"locale":"fr_FR","name":"description","property":null,"content":"RGPD, GDPR, règlement, CIL, DPO, délégué"}],"content":{"uri":"/selfcnil/api/configuration/site/document/1258/content"},"creator":{"uri":"/selfcnil/api/configuration/site/document/1258/creator"},"creationDate":1504000886000,"lastModifier":{"uri":"/selfcnil/api/configuration/site/document/1258/lastModifier"},"lastModificationDate":1527256925000,"fields":[{"name":"Description","value":null,"fieldType":"TEXT","fieldOrder":null,"fieldLength":null,"listOfValueId":null,"visibleByAgent":null,"visibleBySupervisor":null,"visibleByExternalSpecialist":null,"mandatoryForAgent":null,"mandatoryForSupervisor":null,"readonlyForAgent":null,"readonlyForSupervisor":null,"localisation":[{"label":"Description","value":"RGPD, GDPR, règlement, Délégué à la protection des données, DPO, DPD","locale":"fr_FR"}]},{"name":"OrderTemplate","value":"","fieldType":"STRING","fieldOrder":null,"fieldLength":null,"listOfValueId":null,"visibleByAgent":null,"visibleBySupervisor":null,"visibleByExternalSpecialist":null,"mandatoryForAgent":null,"mandatoryForSupervisor":null,"readonlyForAgent":null,"readonlyForSupervisor":null,"localisation":[{"label":"Ordre d'affichage","value":"","locale":"fr_FR"}]}],"hits":[],"ranks":[{"locale":"fr_FR","rank":1.6415094339622642,"count":106}],"contacts":{"uri":"/selfcnil/api/configuration/site/document/1258/contacts"},"relatedDocuments":{"uri":"/selfcnil/api/configuration/site/document/1258/relatedDocuments"},"attachments":{"uri":"/selfcnil/api/configuration/site/document/1258/attachments"},"path":[{"id":"12","uri":"/selfcnil/api/configuration/site/documentGroup/12"},{"id":"49","uri":"/selfcnil/api/configuration/site/documentGroup/49"},{"id":"143","uri":"/selfcnil/api/configuration/site/documentGroup/143"}],"parentGroup":{"id":"143","uri":"/selfcnil/api/configuration/site/documentGroup/143"},"publicationStatus":"None"}