{"id":"1259","uri":"/selfcnil/api/configuration/site/document/1259/content","contents":[{"locale":"fr_FR","content":"Le Délégué à la protection des données est&nbsp;principalement chargé de :\r\n<ul>\r\n\t<li><span style=\"color:#2179c4;\"><strong>Informer</strong>,&nbsp;<strong>conseiller</strong>&nbsp;<strong>et</strong>&nbsp;<strong>accompagner</strong></span>&nbsp;au sein de l'organisme qui le désigne&nbsp;afin de faire respecter le règlement européen et le droit national en matière de protection des données personnelles ;</li>\r\n\t<li><span style=\"color:#2179c4;\"><strong>Sensibiliser</strong></span>&nbsp;au sein de sa structure aux enjeux de la protection des données personnelles des employés comme des clients ;</li>\r\n\t<li><span style=\"color:#2179c4;\"><strong>Superviser des audits internes</strong></span>&nbsp;sur la protection des données personnelles ;</li>\r\n\t<li>Conseiller le responsable sur l'opportunité de réaliser une&nbsp;<a href=\"https://www.cnil.fr/fr/etude-dimpacts-sur-la-vie-privee-suivez-la-methode-de-la-cnil\" target=\"_blank\" title=\"méthode PIA\"><strong>analyse d'impact vie privée</strong></a>&nbsp;et en vérifier l'exécution ;</li>\r\n\t<li><span style=\"color:#2179c4;\"><strong>Recevoir et répondre à toute question ou réclamation</strong></span>&nbsp;relative&nbsp;à la protection des données ;</li>\r\n\t<li><span style=\"color:#2179c4;\"><strong>Coopérer avec l'autorité de contrôle</strong></span>&nbsp;(en France, la CNIL) et être son point de contact au sein de sa structure.</li>\r\n</ul>\r\n<br />\r\n<strong><span style=\"color:#ff5122;\">A savoir</span>&nbsp;</strong>:&nbsp;Le Délégué à la protection des données n'est&nbsp;<span style=\"color:#2179c4;\"><strong>pas personnellement responsable</strong></span>&nbsp;en cas de non-conformité de l'organisme avec le règlement européen.<br />\r\n<br />\r\n<span style=\"color:#ff5122;\"><strong>En savoir plus</strong></span>&nbsp;:&nbsp;\r\n\r\n<ul>\r\n\t<li><a href=\"https://www.cnil.fr/fr/devenir-delegue-la-protection-des-donnees\" target=\"_blank\" title=\"Devenir DPO\">Devenir Délégué à la protection des données</a></li>\r\n\t<li><a href=\"https://www.cnil.fr/fr/designation-dpo\" target=\"_blank\">Désigner un Délégué à la protection des données</a></li>\r\n</ul>\r\n","format":"text/html"}]}