{"id":"1259","uri":"/selfcnil/api/configuration/site/document/1259","names":[{"name":"Règlement européen : quelles sont les missions du Délégué à la protection des données ?","locale":"fr_FR"}],"metadata":[{"locale":"fr_FR","name":"description","property":null,"content":"RGPD, GDPR, CIL, DPO, règlement"}],"content":{"uri":"/selfcnil/api/configuration/site/document/1259/content"},"creator":{"uri":"/selfcnil/api/configuration/site/document/1259/creator"},"creationDate":1504001045000,"lastModifier":{"uri":"/selfcnil/api/configuration/site/document/1259/lastModifier"},"lastModificationDate":1522400055000,"fields":[{"name":"Description","value":null,"fieldType":"TEXT","fieldOrder":null,"fieldLength":null,"listOfValueId":null,"visibleByAgent":null,"visibleBySupervisor":null,"visibleByExternalSpecialist":null,"mandatoryForAgent":null,"mandatoryForSupervisor":null,"readonlyForAgent":null,"readonlyForSupervisor":null,"localisation":[{"label":"Description","value":"RGPD, GDPR, Délégué à la protection des données, DPO, DPD","locale":"fr_FR"}]},{"name":"OrderTemplate","value":"","fieldType":"STRING","fieldOrder":null,"fieldLength":null,"listOfValueId":null,"visibleByAgent":null,"visibleBySupervisor":null,"visibleByExternalSpecialist":null,"mandatoryForAgent":null,"mandatoryForSupervisor":null,"readonlyForAgent":null,"readonlyForSupervisor":null,"localisation":[{"label":"Ordre d'affichage","value":"","locale":"fr_FR"}]}],"hits":[],"ranks":[{"locale":"fr_FR","rank":1.7419354838709677,"count":62}],"contacts":{"uri":"/selfcnil/api/configuration/site/document/1259/contacts"},"relatedDocuments":{"uri":"/selfcnil/api/configuration/site/document/1259/relatedDocuments"},"attachments":{"uri":"/selfcnil/api/configuration/site/document/1259/attachments"},"path":[{"id":"12","uri":"/selfcnil/api/configuration/site/documentGroup/12"},{"id":"49","uri":"/selfcnil/api/configuration/site/documentGroup/49"},{"id":"143","uri":"/selfcnil/api/configuration/site/documentGroup/143"}],"parentGroup":{"id":"143","uri":"/selfcnil/api/configuration/site/documentGroup/143"},"publicationStatus":"None"}