{"id":"1260","uri":"/selfcnil/api/configuration/site/document/1260/content","contents":[{"locale":"fr_FR","content":"<ul>\r\n\t<li><span style=\"color:#2179c4;\"><strong>Interne ou externe</strong></span>, le Délégué doit posséder des&nbsp;<span style=\"color:#2179c4;\"><strong>connaissances spécialisées</strong></span>&nbsp;de la législation et des pratiques en matière de protection des données. Son niveau d'expertise doit être adapté à l'activité de l'organisme pour lequel il est délégué et à la sensibilité des fichiers qui y sont mis en oeuvre.</li>\r\n\t<li>Le Délégué doit avoir une&nbsp;<span style=\"color:#2179c4;\"><strong>connaissance du secteur d'activité et de l'organisme</strong></span>&nbsp;pour lequel il est désigné.</li>\r\n\t<li>Il ne doit pas avoir de&nbsp;<span style=\"color:#2179c4;\"><strong>conflit d'intérêts</strong></span>&nbsp;avec ses autres missions.</li>\r\n\t<li>Enfin, le Délégué doit pouvoir exercer ses missions en toute&nbsp;<strong><span style=\"color:#2179c4;\">indépendance</span>&nbsp;</strong>au sein de l'organisme qui l'a désigné (capacité de&nbsp;faire valoir ses observations au plus haut niveau de l'organisme, animer un réseau de relais au sein des filiales d'un groupe ou encore une équipe d'experts en interne (expert informatique, juriste, expert en communication, traducteur, etc.).</li>\r\n</ul>\r\n<span style=\"color:#ff5122;\"><strong>En savoir plus</strong></span>&nbsp;:&nbsp;\r\n\r\n<ul>\r\n\t<li><a href=\"https://www.cnil.fr/fr/devenir-delegue-la-protection-des-donnees\" target=\"_blank\" title=\"Devenir DPO\">Devenir Délégué à la protection des données</a></li>\r\n\t<li><a href=\"https://www.cnil.fr/fr/designation-dpo\" target=\"_blank\">Désigner un Délégué à la protection des données</a></li>\r\n</ul>\r\n","format":"text/html"}]}