{"id":"1262","uri":"/selfcnil/api/configuration/site/document/1262/content","contents":[{"locale":"fr_FR","content":"<span style=\"color:#2179c4;\"><strong>Le délégué à la protection des données peut être</strong></span>&nbsp;:\r\n<ul>\r\n\t<li>Interne ou externe à l'organisme qui le désigne.</li>\r\n\t<li>Sous certaines conditions, mutualisé (désigné pour plusieurs organismes).</li>\r\n</ul>\r\n<br />\r\n<span style=\"color:#ff5122;\"><strong>En savoir plus</strong></span>&nbsp;:&nbsp;\r\n\r\n<ul>\r\n\t<li><a href=\"https://www.cnil.fr/fr/devenir-delegue-la-protection-des-donnees\" target=\"_blank\" title=\"Devenir DPO\">Devenir Délégué à la protection des données</a></li>\r\n\t<li><a href=\"https://www.cnil.fr/fr/designation-dpo\" target=\"_blank\">Désigner un Délégué à la protection des données</a></li>\r\n</ul>\r\n","format":"text/html"}]}