{"id":"1262","uri":"/selfcnil/api/configuration/site/document/1262","names":[{"name":"Règlement européen : Délégué à la protection des données interne ou externe ?","locale":"fr_FR"}],"metadata":[{"locale":"fr_FR","name":"description","property":null,"content":"RGPD, GDPR, CIL, DPO, délégué, règlement"}],"content":{"uri":"/selfcnil/api/configuration/site/document/1262/content"},"creator":{"uri":"/selfcnil/api/configuration/site/document/1262/creator"},"creationDate":1504001463000,"lastModifier":{"uri":"/selfcnil/api/configuration/site/document/1262/lastModifier"},"lastModificationDate":1527255155000,"fields":[{"name":"Description","value":null,"fieldType":"TEXT","fieldOrder":null,"fieldLength":null,"listOfValueId":null,"visibleByAgent":null,"visibleBySupervisor":null,"visibleByExternalSpecialist":null,"mandatoryForAgent":null,"mandatoryForSupervisor":null,"readonlyForAgent":null,"readonlyForSupervisor":null,"localisation":[{"label":"Description","value":"RGPD, GDPR, Délégué à la protection des données, DPO, DPD, règlement","locale":"fr_FR"}]},{"name":"OrderTemplate","value":"","fieldType":"STRING","fieldOrder":null,"fieldLength":null,"listOfValueId":null,"visibleByAgent":null,"visibleBySupervisor":null,"visibleByExternalSpecialist":null,"mandatoryForAgent":null,"mandatoryForSupervisor":null,"readonlyForAgent":null,"readonlyForSupervisor":null,"localisation":[{"label":"Ordre d'affichage","value":"","locale":"fr_FR"}]}],"hits":[],"ranks":[{"locale":"fr_FR","rank":1.2622950819672132,"count":61}],"contacts":{"uri":"/selfcnil/api/configuration/site/document/1262/contacts"},"relatedDocuments":{"uri":"/selfcnil/api/configuration/site/document/1262/relatedDocuments"},"attachments":{"uri":"/selfcnil/api/configuration/site/document/1262/attachments"},"path":[{"id":"12","uri":"/selfcnil/api/configuration/site/documentGroup/12"},{"id":"49","uri":"/selfcnil/api/configuration/site/documentGroup/49"},{"id":"143","uri":"/selfcnil/api/configuration/site/documentGroup/143"}],"parentGroup":{"id":"143","uri":"/selfcnil/api/configuration/site/documentGroup/143"},"publicationStatus":"None"}