{"id":"1263","uri":"/selfcnil/api/configuration/site/document/1263","names":[{"name":"Règlement européen : quels sont les moyens d'actions du Délégué à la protection des données ?","locale":"fr_FR"}],"metadata":[{"locale":"fr_FR","name":"description","property":null,"content":"RGPD, GDPR, CIL, DPO, règlement, délégué"}],"content":{"uri":"/selfcnil/api/configuration/site/document/1263/content"},"creator":{"uri":"/selfcnil/api/configuration/site/document/1263/creator"},"creationDate":1504001627000,"lastModifier":{"uri":"/selfcnil/api/configuration/site/document/1263/lastModifier"},"lastModificationDate":1522400083000,"fields":[{"name":"Description","value":null,"fieldType":"TEXT","fieldOrder":null,"fieldLength":null,"listOfValueId":null,"visibleByAgent":null,"visibleBySupervisor":null,"visibleByExternalSpecialist":null,"mandatoryForAgent":null,"mandatoryForSupervisor":null,"readonlyForAgent":null,"readonlyForSupervisor":null,"localisation":[{"label":"Description","value":"RGPD, GDPR, CIL, Délégué à la protection des données, DPO, DPD, règlement","locale":"fr_FR"}]},{"name":"OrderTemplate","value":"","fieldType":"STRING","fieldOrder":null,"fieldLength":null,"listOfValueId":null,"visibleByAgent":null,"visibleBySupervisor":null,"visibleByExternalSpecialist":null,"mandatoryForAgent":null,"mandatoryForSupervisor":null,"readonlyForAgent":null,"readonlyForSupervisor":null,"localisation":[{"label":"Ordre d'affichage","value":"","locale":"fr_FR"}]}],"hits":[],"ranks":[{"locale":"fr_FR","rank":1.36,"count":50}],"contacts":{"uri":"/selfcnil/api/configuration/site/document/1263/contacts"},"relatedDocuments":{"uri":"/selfcnil/api/configuration/site/document/1263/relatedDocuments"},"attachments":{"uri":"/selfcnil/api/configuration/site/document/1263/attachments"},"path":[{"id":"12","uri":"/selfcnil/api/configuration/site/documentGroup/12"},{"id":"49","uri":"/selfcnil/api/configuration/site/documentGroup/49"},{"id":"143","uri":"/selfcnil/api/configuration/site/documentGroup/143"}],"parentGroup":{"id":"143","uri":"/selfcnil/api/configuration/site/documentGroup/143"},"publicationStatus":"None"}