{"id":"1265","uri":"/selfcnil/api/configuration/site/document/1265","names":[{"name":"Règlement européen : quelles protections pour le Délégué à la protection des données ?","locale":"fr_FR"}],"metadata":[{"locale":"fr_FR","name":"description","property":null,"content":"RGPD, GDPR, CIL, DPO, règlement, délégué"}],"content":{"uri":"/selfcnil/api/configuration/site/document/1265/content"},"creator":{"uri":"/selfcnil/api/configuration/site/document/1265/creator"},"creationDate":1504001959000,"lastModifier":{"uri":"/selfcnil/api/configuration/site/document/1265/lastModifier"},"lastModificationDate":1527256994000,"fields":[{"name":"Description","value":null,"fieldType":"TEXT","fieldOrder":null,"fieldLength":null,"listOfValueId":null,"visibleByAgent":null,"visibleBySupervisor":null,"visibleByExternalSpecialist":null,"mandatoryForAgent":null,"mandatoryForSupervisor":null,"readonlyForAgent":null,"readonlyForSupervisor":null,"localisation":[{"label":"Description","value":"RGPD, GDPR, Délégué à la protection des données, DPO, DPD, règlement","locale":"fr_FR"}]},{"name":"OrderTemplate","value":"","fieldType":"STRING","fieldOrder":null,"fieldLength":null,"listOfValueId":null,"visibleByAgent":null,"visibleBySupervisor":null,"visibleByExternalSpecialist":null,"mandatoryForAgent":null,"mandatoryForSupervisor":null,"readonlyForAgent":null,"readonlyForSupervisor":null,"localisation":[{"label":"Ordre d'affichage","value":"","locale":"fr_FR"}]}],"hits":[],"ranks":[{"locale":"fr_FR","rank":1.5,"count":8}],"contacts":{"uri":"/selfcnil/api/configuration/site/document/1265/contacts"},"relatedDocuments":{"uri":"/selfcnil/api/configuration/site/document/1265/relatedDocuments"},"attachments":{"uri":"/selfcnil/api/configuration/site/document/1265/attachments"},"path":[{"id":"12","uri":"/selfcnil/api/configuration/site/documentGroup/12"},{"id":"49","uri":"/selfcnil/api/configuration/site/documentGroup/49"},{"id":"143","uri":"/selfcnil/api/configuration/site/documentGroup/143"}],"parentGroup":{"id":"143","uri":"/selfcnil/api/configuration/site/documentGroup/143"},"publicationStatus":"None"}