{"id":"1268","uri":"/selfcnil/api/configuration/site/document/1268/content","contents":[{"locale":"fr_FR","content":"La liste des fichiers déclarés à la CNIL, dite \"liste article 31\", a été \"gelée\" à la date du 24 mai 2018.&nbsp;<br />\r\n<br />\r\nEn effet, avec l'entrée en application du Règlement européen sur la protection des données (RGPD), la plupart des formalités déclaratives ont disparu.<br />\r\n<br />\r\nToutefois, cette liste&nbsp;<strong><span style=\"color:#2179c4;\">peut toujours être consultée</span>&nbsp;</strong>par les particuliers et les professionnels.<br />\r\n<br />\r\nVous pouvez obtenir la liste des fichiers que votre organisme a déclarés à la CNIL avant le 25 mai 2018 (fichier de gestion du personnel, fichier clients, etc.) et leur caractéristiques (n° d'enregistrement, date, finalité, données traitées, etc.)&nbsp;<strong><span style=\"color: rgb(33, 121, 196);\">en consultant le \"fichier des fichiers\"</span></strong>&nbsp;sur&nbsp;notre page&nbsp;\"<a href=\"https://www.cnil.fr/fr/les-formalites-prealables-accomplies-aupres-de-la-cnil-depuis-1979\" target=\"_blank\" title=\"liste 31\">Les formalités préalables accomplies auprès de la CNIL avant le 25 mai 2018</a>\".","format":"text/html"}]}