{"id":"1269","uri":"/selfcnil/api/configuration/site/document/1269/content","contents":[{"locale":"fr_FR","content":"<span style=\"color:#2179c4;\"><strong>NON</strong></span>.<br />\r\n<br />\r\nDepuis&nbsp;l'entrée en application du Règlement, le 25 mai 2018, les sous-traitants sont soumis&nbsp;:\r\n<ul>\r\n\t<li>A des&nbsp;<span style=\"color:#2179c4;\"><strong>obligations spécifiques en matière de sécurité</strong></span>&nbsp;et en matière d'<a href=\"https://www.cnil.fr/fr/definition/accountability\" target=\"_blank\" title=\"définition accountability\">accountability</a>&nbsp;;</li>\r\n\t<li>A une&nbsp;<span style=\"color:#2179c4;\"><strong>obligation de conseil</strong></span>&nbsp;auprès des responsables de traitements pour la conformité à certaines obligations sur le Règlement (PIA, failles, sécurité, destruction des données, contribution aux audits) ;</li>\r\n\t<li>A&nbsp;l'<span style=\"color:#2179c4;\"><strong>obligation de tenir un registre et de désigner un délégué à la protection des données</strong></span>&nbsp;dans les mêmes conditions qu'un responsable de traitement.&nbsp;</li>\r\n</ul>\r\n<font color=\"#ff5122\"><b>En savoir plus :</b></font>\r\n\r\n<ul>\r\n\t<li><a href=\"https://www.cnil.fr/fr/reglement-europeen-sur-la-protection-des-donnees-ce-qui-change-pour-les-professionnels\">Règlement européen sur la protection des données : ce qui change pour les professionnels</a></li>\r\n\t<li><a href=\"https://www.cnil.fr/fr/principes-cles/reglement-europeen-se-preparer-en-6-etapes\">Règlement européen : se préparer en 6 étapes</a></li>\r\n\t<li><a href=\"https://www.cnil.fr/fr/reglement-europeen-sur-la-protection-des-donnees-un-guide-pour-accompagner-les-sous-traitants\" target=\"_blank\">Règlement européen : un guide pour accompagner les sous-traitants</a></li>\r\n</ul>\r\n","format":"text/html"}]}