{"id":"1307","uri":"/selfcnil/api/configuration/site/document/1307","names":[{"name":"Un hôtelier peut-il faire une copie de ma pièce d'identité ?","locale":"fr_FR"}],"metadata":[{"locale":"fr_FR","name":"description","property":null,"content":"hotelier, hotel, client, chèque, cheque, carte d'identité, nationalité, identité, paiement, passeport"}],"content":{"uri":"/selfcnil/api/configuration/site/document/1307/content"},"creator":null,"creationDate":1504796437000,"lastModifier":{"uri":"/selfcnil/api/configuration/site/document/1307/lastModifier"},"lastModificationDate":1505204958000,"fields":[{"name":"Description","value":null,"fieldType":"TEXT","fieldOrder":null,"fieldLength":null,"listOfValueId":null,"visibleByAgent":null,"visibleBySupervisor":null,"visibleByExternalSpecialist":null,"mandatoryForAgent":null,"mandatoryForSupervisor":null,"readonlyForAgent":null,"readonlyForSupervisor":null,"localisation":[{"label":"Description","value":"hotelier, hotel, client, chèque, cheque, carte d'identité, nationalité, identité, paiement, passeport","locale":"fr_FR"}]},{"name":"OrderTemplate","value":"","fieldType":"STRING","fieldOrder":null,"fieldLength":null,"listOfValueId":null,"visibleByAgent":null,"visibleBySupervisor":null,"visibleByExternalSpecialist":null,"mandatoryForAgent":null,"mandatoryForSupervisor":null,"readonlyForAgent":null,"readonlyForSupervisor":null,"localisation":[{"label":"Ordre d'affichage","value":"","locale":"fr_FR"}]}],"hits":[],"ranks":[{"locale":"fr_FR","rank":1.701219512195122,"count":164}],"contacts":{"uri":"/selfcnil/api/configuration/site/document/1307/contacts"},"relatedDocuments":{"uri":"/selfcnil/api/configuration/site/document/1307/relatedDocuments"},"attachments":{"uri":"/selfcnil/api/configuration/site/document/1307/attachments"},"path":[{"id":"12","uri":"/selfcnil/api/configuration/site/documentGroup/12"},{"id":"65","uri":"/selfcnil/api/configuration/site/documentGroup/65"},{"id":"73","uri":"/selfcnil/api/configuration/site/documentGroup/73"}],"parentGroup":{"id":"73","uri":"/selfcnil/api/configuration/site/documentGroup/73"},"publicationStatus":"None"}