{"id":"1307","uri":"/selfcnil/api/configuration/site/document/1307/content","contents":[{"locale":"fr_FR","content":"<span style=\"color:#2179c4;\"><strong>Non.</strong></span><br />\r\n<br />\r\n<strong><span style=\"color:#ff5122;\">Attention&nbsp;!</span></strong>\r\n\r\n<ul>\r\n\t<li>Il peut cependant vous demander de<span style=\"color:#2179c4;\"> <strong>présenter une pièce</strong></span><strong><span style=\"color:#2179c4;\"> d'identité</span></strong> afin de justifier votre <strong><span style=\"color:#2179c4;\">nationalité</span></strong>. En effet, en France, les hôteliers sont tenus&nbsp;de faire remplir et signer par toute personne étrangère, dès son arrivée, une <a href=\"https://www.cnil.fr/cnil-direct/question/774?visiteur=part\">fiche individuelle de police</a>&nbsp;à des fins de prévention des troubles à l'ordre public, d'enquêtes judiciaires et de recherche dans l'intérêt des personnes.</li>\r\n</ul>\r\n\r\n<ul>\r\n\t<li>Il peut également vous demander de<strong><span style=\"color:#2179c4;\"> justifier de votre</span></strong> <span style=\"color:#2179c4;\"><strong>identité</strong></span> si vous lui remettez un<span style=\"color:#2179c4;\"> </span><a href=\"https://www.cnil.fr/cnil-direct/question/267?visiteur=pro\"><span style=\"color:#2179c4;\">chèque</span> en paiement </a>(code monétaire et financier).</li>\r\n</ul>\r\n","format":"text/html"}]}