{"id":"1314","uri":"/selfcnil/api/configuration/site/document/1314/content","contents":[{"locale":"fr_FR","content":"<strong><span style=\"color: rgb(33, 121, 196);\">Avec le RGPD, il n'y a pas d'autorisation à demander à la CNIL&nbsp;</span></strong>pour transférer de données en dehors de l'Union Européenne dès lors que l'une des&nbsp;<strong><span style=\"color: rgb(33, 121, 196);\">garanties appropriées&nbsp;</span></strong>suivantes est applicable :\r\n<ol>\r\n\t<li>Le destinataire des données est établi dans un pays hors Union Européenne qui dispose d'un&nbsp;<span style=\"color: rgb(33, 121, 196);\"><strong>niveau de protection des données équivalent</strong></span>&nbsp;à celui existant au sein de l'UE, reconnu par la Commission Européenne.</li>\r\n\t<li>Un instrument juridiquement contraignant et exécutoire entre les autorités ou organismes publics.</li>\r\n\t<li>Le destinataire des données fait partie d'un groupe disposant de&nbsp;<span style=\"color: rgb(33, 121, 196);\"><strong>règles d'entreprise contraignantes</strong></span>&nbsp;(Binding Corporate Rules - BCR) approuvées par le Comité européen des autorités de protection des données (EDPB).</li>\r\n\t<li>Le contrat conclu entre l'exportateur et le destinataire des données contient les&nbsp;<span style=\"color: rgb(33, 121, 196);\"><strong>clauses contractuelles types</strong></span>&nbsp;de protection des données adoptées ou approuvées par la Commission européenne.</li>\r\n\t<li>Le destinataire des données applique un&nbsp;<span style=\"color: rgb(33, 121, 196);\"><strong>code de conduite</strong></span>&nbsp;adopté par des organisations professionnelles en Europe et approuvé par l'autorité européenne de protection des données compétente.</li>\r\n\t<li>Une&nbsp;<span style=\"color: rgb(33, 121, 196);\"><strong>certification</strong></span>, assortie de l'engagement contraignant et exécutoire pris par le responsable du fichier ou son sous-traitant dans le pays hors UE d'appliquer les garanties appropriées.&nbsp;</li>\r\n</ol>\r\nEn revanche,&nbsp;<strong><span style=\"color: rgb(33, 121, 196);\">il faut&nbsp;demander une autorisation spécifique&nbsp;</span></strong>à la CNIL pour&nbsp;<strong><span style=\"color: rgb(33, 121, 196);\">tous les transferts faisant l'objet des garanties appropriées&nbsp;</span></strong>prévues par un des deux mécanismes suivants, avec application du mécanisme européen de contrôle de la cohérence prévu par l'article 63 du Règlement&nbsp;:\r\n\r\n<ol>\r\n\t<li>Des&nbsp;<span style=\"color: rgb(33, 121, 196);\"><strong>clauses contractuelles spécifiques</strong></span>&nbsp;entre le responsable d'un fichier ou un sous-traitant et un autre responsable de fichier, un sous-traitant ou un destinataire des données dans le pays tiers ou l'organisation internationale.</li>\r\n\t<li>Des dispositions à intégrer dans des&nbsp;<span style=\"color: rgb(33, 121, 196);\"><strong>arrangements administratifs</strong></span>&nbsp;entre les autorités publiques ou les organismes publics qui prévoient des droits opposables et effectifs pour les personnes concernées.&nbsp;</li>\r\n</ol>\r\n<strong><span style=\"color: rgb(255, 81, 34);\">A savoir</span></strong>&nbsp;:<strong><span style=\"color: rgb(255, 81, 34);\">&nbsp;</span></strong>Les autorisations accordées par un État membre ou une autorité de protection des données avant le 25 mai 2018 restent valables jusqu'à leur modification, leur remplacement ou leur abrogation.<br />\r\n<br />\r\n<span style=\"color:#ff5122;\"><strong>En savoir plus</strong></span>&nbsp;:&nbsp;<a href=\"https://www.cnil.fr/fr/transferts-de-donnees-hors-ue-ce-qui-change-avec-le-reglement-general-sur-la-protection-des-donnees\" target=\"_blank\">Transferts de données hors UE, ce qui change avec le RGPD</a>","format":"text/html"}]}