{"id":"1314","uri":"/selfcnil/api/configuration/site/document/1314","names":[{"name":"Règlement européen : quelles formalités pour les transferts hors UE ?","locale":"fr_FR"}],"metadata":[{"locale":"fr_FR","name":"description","property":null,"content":"transfert, THUE, BCR, CCT, clause type, règles internes"}],"content":{"uri":"/selfcnil/api/configuration/site/document/1314/content"},"creator":{"uri":"/selfcnil/api/configuration/site/document/1314/creator"},"creationDate":1506941700000,"lastModifier":{"uri":"/selfcnil/api/configuration/site/document/1314/lastModifier"},"lastModificationDate":1531385774000,"fields":[{"name":"Description","value":null,"fieldType":"TEXT","fieldOrder":null,"fieldLength":null,"listOfValueId":null,"visibleByAgent":null,"visibleBySupervisor":null,"visibleByExternalSpecialist":null,"mandatoryForAgent":null,"mandatoryForSupervisor":null,"readonlyForAgent":null,"readonlyForSupervisor":null,"localisation":[{"label":"Description","value":"transfert, THUE, BCR, CCT, clause type, règles internes","locale":"fr_FR"}]},{"name":"OrderTemplate","value":"","fieldType":"STRING","fieldOrder":null,"fieldLength":null,"listOfValueId":null,"visibleByAgent":null,"visibleBySupervisor":null,"visibleByExternalSpecialist":null,"mandatoryForAgent":null,"mandatoryForSupervisor":null,"readonlyForAgent":null,"readonlyForSupervisor":null,"localisation":[{"label":"Ordre d'affichage","value":"","locale":"fr_FR"}]}],"hits":[],"ranks":[{"locale":"fr_FR","rank":1.2926829268292683,"count":41}],"contacts":{"uri":"/selfcnil/api/configuration/site/document/1314/contacts"},"relatedDocuments":{"uri":"/selfcnil/api/configuration/site/document/1314/relatedDocuments"},"attachments":{"uri":"/selfcnil/api/configuration/site/document/1314/attachments"},"path":[{"id":"12","uri":"/selfcnil/api/configuration/site/documentGroup/12"},{"id":"49","uri":"/selfcnil/api/configuration/site/documentGroup/49"},{"id":"143","uri":"/selfcnil/api/configuration/site/documentGroup/143"}],"parentGroup":{"id":"143","uri":"/selfcnil/api/configuration/site/documentGroup/143"},"publicationStatus":"None"}