{"id":"131","uri":"/selfcnil/api/configuration/site/document/131/content","contents":[{"locale":"fr_FR","content":"<span style=\"color: rgb(33, 121, 196);\"><strong>Oui.</strong></span><br />\r\n<br />\r\nLa convocation à l'assemblée générale de copropriété, adressée à tous les copropriétaires, doit effectivement comporter, \"en vue de l'approbation des comptes par l'assemblée générale, le projet d'état individuel de répartition des comptes de chaque copropriétaire\".","format":"text/html"}]}