{"id":"1321","uri":"/selfcnil/api/configuration/site/document/1321/content","contents":[{"locale":"fr_FR","content":"<p>Les fichiers relatifs à la gestion&nbsp;des logements sociaux&nbsp;n'ont plus à être déclarés à la CNIL depuis le 25 mai 2018, date d'entrée en application du <a href=\"https://www.cnil.fr/fr/reglement-europeen-protection-donnees\" target=\"_blank\">RGPD</a>.</p>\r\n\r\n<p><strong>Pour vous conformer aux règles de protection des données personnelles, vous devez :</strong></p>\r\n\r\n<ul>\r\n\t<li>Demander conseil et assistance à votre <a href=\"https://www.cnil.fr/fr/devenir-delegue-la-protection-des-donnees\" target=\"_blank\">Délégué à la protection des données</a> (DPO) si vous en avez un.</li>\r\n\t<li>Vérifier, en fonction de votre projet, si vous devez effectuer une <a href=\"https://www.cnil.fr/fr/RGPD-analyse-impact-protection-des-donnees-pia\" target=\"_blank\">analyse d'impact</a> sur la protection des données (PIA).</li>\r\n\t<li>Inscrire votre fichier dans le <a href=\"https://www.cnil.fr/fr/rgpd-et-tpepme-un-nouveau-modele-de-registre-plus-simple-et-plus-didactique\" target=\"_blank\">Registre</a> des activités de traitement tenu par votre société.</li>\r\n\t<li><a href=\"https://www.cnil.fr/fr/rgpd-exemples-de-mentions-dinformation\" target=\"_blank\">Informer</a>&nbsp;les résidents et locataires des conditions dans lesquelles vous traitez leurs données.</li>\r\n\t<li>Prévoir des mesures de sécurité adaptées au regard des risques.</li>\r\n</ul>\r\n\r\n<p><strong><span style=\"color: rgb(255, 81, 34);\">A noter !</span></strong> La CNIL vous propose des outils pour vous aider dans ces démarches :</p>\r\n\r\n<ul>\r\n\t<li>Des <a href=\"https://www.cnil.fr/fr/PIA-privacy-impact-assessment\" target=\"_blank\">guides</a> pour réaliser un PIA.</li>\r\n\t<li>Un <a href=\"https://www.cnil.fr/sites/default/files/atoms/files/bpi-cnil-guide-rgpd-tpe-pme.pdf\" target=\"_blank\">guide pratique</a> de sensibilisation au RGPD pour les petites et moyennes entreprises.</li>\r\n\t<li>Un <a href=\"https://www.cnil.fr/sites/default/files/atoms/files/registre_rgpd_basique.pdf\" target=\"_blank\">modèle</a> de Registre.</li>\r\n\t<li>Un <a href=\"https://www.cnil.fr/fr/principes-cles/guide-de-la-securite-des-donnees-personnelles\" target=\"_blank\">Guide sur la sécurité des données personnelles</a>.</li>\r\n\t<li>Pour vous aider à respecter vos obligations, vous pouvez vous appuyer sur :\r\n\t<ul>\r\n\t\t<li>L'ancienne norme <a href=\"https://www.cnil.fr/fr/declaration/ns-020-instruction-des-demandes-et-gestion-des-logements-sociaux\">NS-020</a> pour les fichiers permettant l'instruction des demandes de logement et la gestion du patrimoine immobilier (NB : la vidéosurveillance des espaces communs non ouverts au public était couverte par cette norme).</li>\r\n\t\t<li>L'ancienne&nbsp;autorisation unique <a href=\"https://www.cnil.fr/fr/declaration/au-035-logement-adapte-et-suivi-social-personnalise\">AU-035</a> pour les fichiers permettant la gestion des logements adaptés et le suivi social personnalisé des locataires.</li>\r\n\t\t<li>L'ancienne autorisation unique <a href=\"https://www.cnil.fr/fr/declaration/au-034-gestion-du-contentieux-avec-les-residents-et-co-contractants\">AU-034</a> pour les fichiers permettant la gestion du contentieux avec les résidents et les co-contractants.</li>\r\n\t</ul>\r\n\t</li>\r\n</ul>\r\n\r\n<p><strong><span style=\"color: rgb(255, 81, 34);\">En savoir plus :</span></strong></p>\r\n\r\n<ul>\r\n\t<li><a href=\"https://www.cnil.fr/fr/principes-cles/rgpd-se-preparer-en-6-etapes\">RGPD : se préparer en 6 étapes</a></li>\r\n\t<li><a href=\"https://www.cnil.fr/fr/transferer-des-donnees-hors-de-lue\">Les transferts de données hors de l'Union européenne</a></li>\r\n</ul>\r\n","format":"text/html"}]}