{"id":"1321","uri":"/selfcnil/api/configuration/site/document/1321","names":[{"name":"Gestion de logements sociaux : que faire ?","locale":"fr_FR"}],"metadata":[{"locale":"fr_FR","name":"description","property":null,"content":"AU035,AU-035,NS20, NS-020, AU034, AU-034, hlm, logement social, logements locatifs sociaux"}],"content":{"uri":"/selfcnil/api/configuration/site/document/1321/content"},"creator":null,"creationDate":1507815073000,"lastModifier":{"uri":"/selfcnil/api/configuration/site/document/1321/lastModifier"},"lastModificationDate":1527239985000,"fields":[{"name":"Description","value":null,"fieldType":"TEXT","fieldOrder":null,"fieldLength":null,"listOfValueId":null,"visibleByAgent":null,"visibleBySupervisor":null,"visibleByExternalSpecialist":null,"mandatoryForAgent":null,"mandatoryForSupervisor":null,"readonlyForAgent":null,"readonlyForSupervisor":null,"localisation":[{"label":"Description","value":"hlm, logement social, logements locatifs sociaux, RGPD, GDPR, règlement européen","locale":"fr_FR"}]},{"name":"OrderTemplate","value":"","fieldType":"STRING","fieldOrder":null,"fieldLength":null,"listOfValueId":null,"visibleByAgent":null,"visibleBySupervisor":null,"visibleByExternalSpecialist":null,"mandatoryForAgent":null,"mandatoryForSupervisor":null,"readonlyForAgent":null,"readonlyForSupervisor":null,"localisation":[{"label":"Ordre d'affichage","value":"","locale":"fr_FR"}]}],"hits":[],"ranks":[{"locale":"fr_FR","rank":1.2,"count":35}],"contacts":{"uri":"/selfcnil/api/configuration/site/document/1321/contacts"},"relatedDocuments":{"uri":"/selfcnil/api/configuration/site/document/1321/relatedDocuments"},"attachments":{"uri":"/selfcnil/api/configuration/site/document/1321/attachments"},"path":[{"id":"12","uri":"/selfcnil/api/configuration/site/documentGroup/12"},{"id":"49","uri":"/selfcnil/api/configuration/site/documentGroup/49"},{"id":"48","uri":"/selfcnil/api/configuration/site/documentGroup/48"}],"parentGroup":{"id":"48","uri":"/selfcnil/api/configuration/site/documentGroup/48"},"publicationStatus":"None"}