{"id":"1326","uri":"/selfcnil/api/configuration/site/document/1326","names":[{"name":"Règlement européen : les TPE-PME sont-elles concernées ?","locale":"fr_FR"}],"metadata":[{"locale":"fr_FR","name":"description","property":null,"content":"RGPD, PME, TPE, petites et moyennes entreprises, très petites entreprises, règlement européen, auto-entrepreneur, entreprise unipersonnelle, EURL, EIRL, micro-entreprise, start-up"}],"content":{"uri":"/selfcnil/api/configuration/site/document/1326/content"},"creator":{"uri":"/selfcnil/api/configuration/site/document/1326/creator"},"creationDate":1510827803000,"lastModifier":{"uri":"/selfcnil/api/configuration/site/document/1326/lastModifier"},"lastModificationDate":1527256365000,"fields":[{"name":"Description","value":null,"fieldType":"TEXT","fieldOrder":null,"fieldLength":null,"listOfValueId":null,"visibleByAgent":null,"visibleBySupervisor":null,"visibleByExternalSpecialist":null,"mandatoryForAgent":null,"mandatoryForSupervisor":null,"readonlyForAgent":null,"readonlyForSupervisor":null,"localisation":[{"label":"Description","value":"RGPD, PME, TPE, petites et moyennes entreprises, très petites entreprises, règlement européen, auto-entrepreneur, entreprise unipersonnelle, EURL, EIRL, micro-entreprise, start-up","locale":"fr_FR"}]},{"name":"OrderTemplate","value":"","fieldType":"STRING","fieldOrder":null,"fieldLength":null,"listOfValueId":null,"visibleByAgent":null,"visibleBySupervisor":null,"visibleByExternalSpecialist":null,"mandatoryForAgent":null,"mandatoryForSupervisor":null,"readonlyForAgent":null,"readonlyForSupervisor":null,"localisation":[{"label":"Ordre d'affichage","value":"","locale":"fr_FR"}]}],"hits":[],"ranks":[{"locale":"fr_FR","rank":1.3554502369668247,"count":211}],"contacts":{"uri":"/selfcnil/api/configuration/site/document/1326/contacts"},"relatedDocuments":{"uri":"/selfcnil/api/configuration/site/document/1326/relatedDocuments"},"attachments":{"uri":"/selfcnil/api/configuration/site/document/1326/attachments"},"path":[{"id":"12","uri":"/selfcnil/api/configuration/site/documentGroup/12"},{"id":"49","uri":"/selfcnil/api/configuration/site/documentGroup/49"},{"id":"143","uri":"/selfcnil/api/configuration/site/documentGroup/143"}],"parentGroup":{"id":"143","uri":"/selfcnil/api/configuration/site/documentGroup/143"},"publicationStatus":"None"}