{"id":"1327","uri":"/selfcnil/api/configuration/site/document/1327","names":[{"name":"Règlement européen : les associations sont-elles concernées ?","locale":"fr_FR"}],"metadata":[{"locale":"fr_FR","name":"description","property":null,"content":"association, loi 1901, asso, assoc, fondation, fédération, utilité publique, bénévolat,"}],"content":{"uri":"/selfcnil/api/configuration/site/document/1327/content"},"creator":{"uri":"/selfcnil/api/configuration/site/document/1327/creator"},"creationDate":1510829383000,"lastModifier":{"uri":"/selfcnil/api/configuration/site/document/1327/lastModifier"},"lastModificationDate":1527255955000,"fields":[{"name":"Description","value":null,"fieldType":"TEXT","fieldOrder":null,"fieldLength":null,"listOfValueId":null,"visibleByAgent":null,"visibleBySupervisor":null,"visibleByExternalSpecialist":null,"mandatoryForAgent":null,"mandatoryForSupervisor":null,"readonlyForAgent":null,"readonlyForSupervisor":null,"localisation":[{"label":"Description","value":"association, loi 1901, asso, assoc, fondation, fédération, utilité publique, bénévolat, ","locale":"fr_FR"}]},{"name":"OrderTemplate","value":"","fieldType":"STRING","fieldOrder":null,"fieldLength":null,"listOfValueId":null,"visibleByAgent":null,"visibleBySupervisor":null,"visibleByExternalSpecialist":null,"mandatoryForAgent":null,"mandatoryForSupervisor":null,"readonlyForAgent":null,"readonlyForSupervisor":null,"localisation":[{"label":"Ordre d'affichage","value":"","locale":"fr_FR"}]}],"hits":[],"ranks":[{"locale":"fr_FR","rank":1.5654952076677315,"count":313}],"contacts":{"uri":"/selfcnil/api/configuration/site/document/1327/contacts"},"relatedDocuments":{"uri":"/selfcnil/api/configuration/site/document/1327/relatedDocuments"},"attachments":{"uri":"/selfcnil/api/configuration/site/document/1327/attachments"},"path":[{"id":"12","uri":"/selfcnil/api/configuration/site/documentGroup/12"},{"id":"49","uri":"/selfcnil/api/configuration/site/documentGroup/49"},{"id":"143","uri":"/selfcnil/api/configuration/site/documentGroup/143"}],"parentGroup":{"id":"143","uri":"/selfcnil/api/configuration/site/documentGroup/143"},"publicationStatus":"None"}