{"id":"1328","uri":"/selfcnil/api/configuration/site/document/1328","names":[{"name":"Vous estimez que le fichier TAJ a été consulté à des fins personnelles, que faire ?","locale":"fr_FR"}],"metadata":[{"locale":"fr_FR","name":"description","property":null,"content":"victime, police, gendarmerie, IGPN, TAJ, fichier police, STIC, casier judiciaire, JUDEX, soupçonne, proche"}],"content":{"uri":"/selfcnil/api/configuration/site/document/1328/content"},"creator":{"uri":"/selfcnil/api/configuration/site/document/1328/creator"},"creationDate":1511171497000,"lastModifier":{"uri":"/selfcnil/api/configuration/site/document/1328/lastModifier"},"lastModificationDate":1511172773000,"fields":[{"name":"Description","value":null,"fieldType":"TEXT","fieldOrder":null,"fieldLength":null,"listOfValueId":null,"visibleByAgent":null,"visibleBySupervisor":null,"visibleByExternalSpecialist":null,"mandatoryForAgent":null,"mandatoryForSupervisor":null,"readonlyForAgent":null,"readonlyForSupervisor":null,"localisation":[{"label":"Description","value":"victime, police, gendarmerie, IGPN, TAJ, fichier police, STIC, casier judiciaire, JUDEX, soupçonne, proche","locale":"fr_FR"}]},{"name":"OrderTemplate","value":"","fieldType":"STRING","fieldOrder":null,"fieldLength":null,"listOfValueId":null,"visibleByAgent":null,"visibleBySupervisor":null,"visibleByExternalSpecialist":null,"mandatoryForAgent":null,"mandatoryForSupervisor":null,"readonlyForAgent":null,"readonlyForSupervisor":null,"localisation":[{"label":"Ordre d'affichage","value":"","locale":"fr_FR"}]}],"hits":[],"ranks":[{"locale":"fr_FR","rank":1.625,"count":8}],"contacts":{"uri":"/selfcnil/api/configuration/site/document/1328/contacts"},"relatedDocuments":{"uri":"/selfcnil/api/configuration/site/document/1328/relatedDocuments"},"attachments":{"uri":"/selfcnil/api/configuration/site/document/1328/attachments"},"path":[{"id":"12","uri":"/selfcnil/api/configuration/site/documentGroup/12"},{"id":"65","uri":"/selfcnil/api/configuration/site/documentGroup/65"},{"id":"66","uri":"/selfcnil/api/configuration/site/documentGroup/66"}],"parentGroup":{"id":"66","uri":"/selfcnil/api/configuration/site/documentGroup/66"},"publicationStatus":"None"}