{"id":"1337","uri":"/selfcnil/api/configuration/site/document/1337/content","contents":[{"locale":"fr_FR","content":"<p><strong><span style=\"color:#2179c4;\">Non.&nbsp;</span></strong>Les échanges de données de santé par messagerie sécurisée&nbsp;<strong>n'ont plus&nbsp;à être déclarés à la CNIL.</strong><br />\r\n<br />\r\nToutefois, dans l'attente de la parution d'un nouveau référentiel dédié élaboré en collaboration avec l'ASIP, la CNIL a décidé de&nbsp;<a href=\"https://www.cnil.fr/fr/declaration/au-037-traitements-des-donnees-de-sante-par-messagerie-securisee\" target=\"_blank\">maintenir accessible l'AU-037</a>&nbsp;afin d'orienter les professionnels de santé et du secteur médico-social dans leurs premières actions de mise en conformité au RGPD.</p>\r\n\r\n<p><strong><span style=\"color:#ff5122\">En savoir plus</span></strong> : <a href=\"https://www.cnil.fr/fr/quelles-formalites-pour-les-traitements-de-donnees-de-sante-caractere-personnel\" target=\"_blank\">Les traitements de données de santé à caractère personnel</a></p>\r\n\r\n<p>&nbsp;</p>\r\n","format":"text/html"}]}