{"id":"1338","uri":"/selfcnil/api/configuration/site/document/1338/content","contents":[{"locale":"fr_FR","content":"<p>Les fichiers relatifs au patient,&nbsp;nécessaires à l'initiation, au suivi et à l'arrêt de prescription particulière de médicaments concernés par une autorisation temporaire d'utilisation ou une recommandation temporaire d'utilisation et la gestion des contacts avec les médecins prescripteurs et les pharmaciens dispensateurs de ce médicament <strong>ont toujours&nbsp;à être déclarés à la CNIL.</strong></p>\r\n\r\n<ul>\r\n\t<li>Si les caractéristiques de votre fichier sont&nbsp;conformes&nbsp;à l'<u><font color=\"#0066cc\">autorisation unique n°41</font></u><font color=\"#0066cc\">&nbsp;</font>vous pouvez faire une déclaration simplifiée auprès de la CNIL&nbsp;en remplissant le formulaire <a href=\"https://www.cnil.fr/fr/declarer-un-fichier\" target=\"_blank\">\"Engagement de conformité\"</a>.</li>\r\n\t<li>Dans le cas contraire, vous devez faire une demande d'autorisation en remplissant le formulaire \"<a href=\"https://www.cnil.fr/fr/declarer-un-fichier\" target=\"_blank\">Demande d'autorisation santé</a>\"</li>\r\n</ul>\r\n<strong><span style=\"color:#ff5122;\">En savoir plus</span></strong> : <a href=\"https://www.cnil.fr/fr/quelles-formalites-pour-les-traitements-de-donnees-de-sante-caractere-personnel\" target=\"_blank\">Les traitements de données de santé à caractère&nbsp;personnel</a>","format":"text/html"}]}