{"id":"1339","uri":"/selfcnil/api/configuration/site/document/1339/content","contents":[{"locale":"fr_FR","content":"Les fichiers relatifs au dépistage de la rétinopathie diabétique doivent être <strong><span style=\"color:#2179c4;\">déclarés à la CNIL</span></strong> :\r\n\r\n<ul>\r\n\t<li>Par une <a href=\"https://declarations.cnil.fr/declarations/declaration/declarant.display.action\">déclaration simplifiée</a> de conformité à l'<a href=\"https://www.cnil.fr/fr/declaration/ru-039-depistage-de-la-retinopathie-diabetique\">Acte réglementaire unique n°39</a> si le fichier correspond aux caractéristiques énoncés dans le texte.</li>\r\n\t<li>Par une <a href=\"https://declarations.cnil.fr/declarations/declaration/accueil.action\">demande d'avis</a> si le fichier sort du cadre de cet acte réglementaire unique.</li>\r\n</ul>\r\n","format":"text/html"}]}