{"id":"1340","uri":"/selfcnil/api/configuration/site/document/1340","names":[{"name":"Affiliation, immatriculation, instruction des droits aux prestations et prise en charge des soins, produits et services: que faire ?","locale":"fr_FR"}],"metadata":[{"locale":"fr_FR","name":"description","property":null,"content":"Affiliation, immatriculation instruction, droits, prestations, prise en charge, soins, produits, service, RU040, RU40, RU 40, RU 040, RU-040, RU-40, ARU, 40, assurance maladie, ouverture, suivi, assuré, NIR, 251-1, code de l'action sociale et des familles"}],"content":{"uri":"/selfcnil/api/configuration/site/document/1340/content"},"creator":null,"creationDate":1513176073000,"lastModifier":{"uri":"/selfcnil/api/configuration/site/document/1340/lastModifier"},"lastModificationDate":1530177393000,"fields":[{"name":"Description","value":null,"fieldType":"TEXT","fieldOrder":null,"fieldLength":null,"listOfValueId":null,"visibleByAgent":null,"visibleBySupervisor":null,"visibleByExternalSpecialist":null,"mandatoryForAgent":null,"mandatoryForSupervisor":null,"readonlyForAgent":null,"readonlyForSupervisor":null,"localisation":[{"label":"Description","value":"Affiliation, immatriculation instruction, droits, prestations, prise en charge, soins, produits, service, RU040, RU40, RU 40, RU 040, RU-040, RU-40, ARU, 40, assurance maladie, ouverture, suivi, assuré, NIR, 251-1, code de l'action sociale et des familles","locale":"fr_FR"}]},{"name":"OrderTemplate","value":"","fieldType":"STRING","fieldOrder":null,"fieldLength":null,"listOfValueId":null,"visibleByAgent":null,"visibleBySupervisor":null,"visibleByExternalSpecialist":null,"mandatoryForAgent":null,"mandatoryForSupervisor":null,"readonlyForAgent":null,"readonlyForSupervisor":null,"localisation":[{"label":"Ordre d'affichage","value":"","locale":"fr_FR"}]}],"hits":[],"ranks":[{"locale":"fr_FR","rank":1.0,"count":5}],"contacts":{"uri":"/selfcnil/api/configuration/site/document/1340/contacts"},"relatedDocuments":{"uri":"/selfcnil/api/configuration/site/document/1340/relatedDocuments"},"attachments":{"uri":"/selfcnil/api/configuration/site/document/1340/attachments"},"path":[{"id":"12","uri":"/selfcnil/api/configuration/site/documentGroup/12"},{"id":"49","uri":"/selfcnil/api/configuration/site/documentGroup/49"},{"id":"48","uri":"/selfcnil/api/configuration/site/documentGroup/48"}],"parentGroup":{"id":"48","uri":"/selfcnil/api/configuration/site/documentGroup/48"},"publicationStatus":"None"}