{"id":"1341","uri":"/selfcnil/api/configuration/site/document/1341","names":[{"name":"Gestion des accidents du travail et maladies professionnelles par l'assurance maladie obligatoire : que faire ?","locale":"fr_FR"}],"metadata":[{"locale":"fr_FR","name":"description","property":null,"content":"accidents du travail, maladie professionnelle, assurance maladie, obligatoire, malade, patient, médecin, RU041, RU41, RU 041, RU 41, RU-041, RU-41, RU, ARU, 41, 041, salarié, burn out, accidents"}],"content":{"uri":"/selfcnil/api/configuration/site/document/1341/content"},"creator":null,"creationDate":1513177657000,"lastModifier":{"uri":"/selfcnil/api/configuration/site/document/1341/lastModifier"},"lastModificationDate":1530177444000,"fields":[{"name":"Description","value":null,"fieldType":"TEXT","fieldOrder":null,"fieldLength":null,"listOfValueId":null,"visibleByAgent":null,"visibleBySupervisor":null,"visibleByExternalSpecialist":null,"mandatoryForAgent":null,"mandatoryForSupervisor":null,"readonlyForAgent":null,"readonlyForSupervisor":null,"localisation":[{"label":"Description","value":"accidents du travail, maladie professionnelle, assurance maladie, obligatoire, malade, patient, médecin, RU041, RU41, RU 041, RU 41, RU-041, RU-41, RU, ARU, 41, 041, salarié, burn out, accidents","locale":"fr_FR"}]},{"name":"OrderTemplate","value":"","fieldType":"STRING","fieldOrder":null,"fieldLength":null,"listOfValueId":null,"visibleByAgent":null,"visibleBySupervisor":null,"visibleByExternalSpecialist":null,"mandatoryForAgent":null,"mandatoryForSupervisor":null,"readonlyForAgent":null,"readonlyForSupervisor":null,"localisation":[{"label":"Ordre d'affichage","value":"","locale":"fr_FR"}]}],"hits":[],"ranks":[{"locale":"fr_FR","rank":1.2222222222222223,"count":9}],"contacts":{"uri":"/selfcnil/api/configuration/site/document/1341/contacts"},"relatedDocuments":{"uri":"/selfcnil/api/configuration/site/document/1341/relatedDocuments"},"attachments":{"uri":"/selfcnil/api/configuration/site/document/1341/attachments"},"path":[{"id":"12","uri":"/selfcnil/api/configuration/site/documentGroup/12"},{"id":"49","uri":"/selfcnil/api/configuration/site/documentGroup/49"},{"id":"48","uri":"/selfcnil/api/configuration/site/documentGroup/48"}],"parentGroup":{"id":"48","uri":"/selfcnil/api/configuration/site/documentGroup/48"},"publicationStatus":"None"}