{"id":"1348","uri":"/selfcnil/api/configuration/site/document/1348","names":[{"name":"Fichiers des administrateurs et mandataires judiciaires : que faire ?","locale":"fr_FR"}],"metadata":[{"locale":"fr_FR","name":"description","property":null,"content":"AJMJ, CNAJMJ,Conseil national des administrateurs et des mandataires judiciaires, procédures collectives, administration provisoire d'une copropriété ou d'une société civile, expropriation, administration provisoire d'une indivision, succession, séquestre,missions commerciales et civiles,"}],"content":{"uri":"/selfcnil/api/configuration/site/document/1348/content"},"creator":{"uri":"/selfcnil/api/configuration/site/document/1348/creator"},"creationDate":1515749580000,"lastModifier":{"uri":"/selfcnil/api/configuration/site/document/1348/lastModifier"},"lastModificationDate":1527165420000,"fields":[{"name":"Description","value":null,"fieldType":"TEXT","fieldOrder":null,"fieldLength":null,"listOfValueId":null,"visibleByAgent":null,"visibleBySupervisor":null,"visibleByExternalSpecialist":null,"mandatoryForAgent":null,"mandatoryForSupervisor":null,"readonlyForAgent":null,"readonlyForSupervisor":null,"localisation":[{"label":"Description","value":"AJMJ, CNAJMJ,Conseil national des administrateurs et des mandataires judiciaires, procédures collectives, administration provisoire d'une copropriété ou d'une société civile, expropriation, administration provisoire d'une indivision, succession, séquestre,missions commerciales et civiles, RGPD, GDPR, règlement européen","locale":"fr_FR"}]},{"name":"OrderTemplate","value":"","fieldType":"STRING","fieldOrder":null,"fieldLength":null,"listOfValueId":null,"visibleByAgent":null,"visibleBySupervisor":null,"visibleByExternalSpecialist":null,"mandatoryForAgent":null,"mandatoryForSupervisor":null,"readonlyForAgent":null,"readonlyForSupervisor":null,"localisation":[{"label":"Ordre d'affichage","value":"","locale":"fr_FR"}]}],"hits":[],"ranks":[{"locale":"fr_FR","rank":1.5,"count":2}],"contacts":{"uri":"/selfcnil/api/configuration/site/document/1348/contacts"},"relatedDocuments":{"uri":"/selfcnil/api/configuration/site/document/1348/relatedDocuments"},"attachments":{"uri":"/selfcnil/api/configuration/site/document/1348/attachments"},"path":[{"id":"12","uri":"/selfcnil/api/configuration/site/documentGroup/12"},{"id":"49","uri":"/selfcnil/api/configuration/site/documentGroup/49"},{"id":"38","uri":"/selfcnil/api/configuration/site/documentGroup/38"}],"parentGroup":{"id":"38","uri":"/selfcnil/api/configuration/site/documentGroup/38"},"publicationStatus":"None"}