{"id":"1349","uri":"/selfcnil/api/configuration/site/document/1349","names":[{"name":"Règlement européen : une analyse d'impact sur la protection des données, c'est quoi ?","locale":"fr_FR"}],"metadata":[{"locale":"fr_FR","name":"keywords","property":null,"content":"PIA, DPIA, EIVP, RGPD, GDPR, analyse de risque"}],"content":{"uri":"/selfcnil/api/configuration/site/document/1349/content"},"creator":{"uri":"/selfcnil/api/configuration/site/document/1349/creator"},"creationDate":1516883785000,"lastModifier":{"uri":"/selfcnil/api/configuration/site/document/1349/lastModifier"},"lastModificationDate":1522400299000,"fields":[{"name":"Description","value":null,"fieldType":"TEXT","fieldOrder":null,"fieldLength":null,"listOfValueId":null,"visibleByAgent":null,"visibleBySupervisor":null,"visibleByExternalSpecialist":null,"mandatoryForAgent":null,"mandatoryForSupervisor":null,"readonlyForAgent":null,"readonlyForSupervisor":null,"localisation":[{"label":"Description","value":"PIA, DPIA, EIVP, étude d'impact, analyse de risque","locale":"fr_FR"}]},{"name":"OrderTemplate","value":"","fieldType":"STRING","fieldOrder":null,"fieldLength":null,"listOfValueId":null,"visibleByAgent":null,"visibleBySupervisor":null,"visibleByExternalSpecialist":null,"mandatoryForAgent":null,"mandatoryForSupervisor":null,"readonlyForAgent":null,"readonlyForSupervisor":null,"localisation":[{"label":"Ordre d'affichage","value":"","locale":"fr_FR"}]}],"hits":[],"ranks":[{"locale":"fr_FR","rank":1.5,"count":46}],"contacts":{"uri":"/selfcnil/api/configuration/site/document/1349/contacts"},"relatedDocuments":{"uri":"/selfcnil/api/configuration/site/document/1349/relatedDocuments"},"attachments":{"uri":"/selfcnil/api/configuration/site/document/1349/attachments"},"path":[{"id":"12","uri":"/selfcnil/api/configuration/site/documentGroup/12"},{"id":"49","uri":"/selfcnil/api/configuration/site/documentGroup/49"},{"id":"143","uri":"/selfcnil/api/configuration/site/documentGroup/143"}],"parentGroup":{"id":"143","uri":"/selfcnil/api/configuration/site/documentGroup/143"},"publicationStatus":"None"}