{"id":"1350","uri":"/selfcnil/api/configuration/site/document/1350","names":[{"name":"Règlement européen : faut-il encore effectuer des déclarations à la CNIL ?","locale":"fr_FR"}],"metadata":[{"locale":"fr_FR","name":"keywords","property":null,"content":"transition, transitoire, RGPD, GDPR, règlement européen, formalités, déclaration, avis, autorisation, DN, DS, DA, DT"}],"content":{"uri":"/selfcnil/api/configuration/site/document/1350/content"},"creator":{"uri":"/selfcnil/api/configuration/site/document/1350/creator"},"creationDate":1517915577000,"lastModifier":{"uri":"/selfcnil/api/configuration/site/document/1350/lastModifier"},"lastModificationDate":1527603838000,"fields":[{"name":"Description","value":null,"fieldType":"TEXT","fieldOrder":null,"fieldLength":null,"listOfValueId":null,"visibleByAgent":null,"visibleBySupervisor":null,"visibleByExternalSpecialist":null,"mandatoryForAgent":null,"mandatoryForSupervisor":null,"readonlyForAgent":null,"readonlyForSupervisor":null,"localisation":[{"label":"Description","value":"transition, transitoire, RGPD, GDPR, règlement européen, formalités, déclaration, avis, autorisation, DN, DS, DA, DT","locale":"fr_FR"}]},{"name":"OrderTemplate","value":"","fieldType":"STRING","fieldOrder":null,"fieldLength":null,"listOfValueId":null,"visibleByAgent":null,"visibleBySupervisor":null,"visibleByExternalSpecialist":null,"mandatoryForAgent":null,"mandatoryForSupervisor":null,"readonlyForAgent":null,"readonlyForSupervisor":null,"localisation":[{"label":"Ordre d'affichage","value":"","locale":"fr_FR"}]}],"hits":[{"locale":"fr_FR","hits":500000}],"ranks":[{"locale":"fr_FR","rank":1.4950071326676178,"count":701}],"contacts":{"uri":"/selfcnil/api/configuration/site/document/1350/contacts"},"relatedDocuments":{"uri":"/selfcnil/api/configuration/site/document/1350/relatedDocuments"},"attachments":{"uri":"/selfcnil/api/configuration/site/document/1350/attachments"},"path":[{"id":"12","uri":"/selfcnil/api/configuration/site/documentGroup/12"},{"id":"49","uri":"/selfcnil/api/configuration/site/documentGroup/49"},{"id":"143","uri":"/selfcnil/api/configuration/site/documentGroup/143"}],"parentGroup":{"id":"143","uri":"/selfcnil/api/configuration/site/documentGroup/143"},"publicationStatus":"None"}