{"id":"1351","uri":"/selfcnil/api/configuration/site/document/1351","names":[{"name":"Règlement européen : faut-il faire une analyse d'impact pour ses fichiers mis en oeuvre avant le 25 mai 2018 ?","locale":"fr_FR"}],"metadata":[{"locale":"fr_FR","name":"keywords","property":null,"content":"CIL, DPO, DPD, RGPD, GDPR, analyse d'impact, PIA, EIVP, DPIA"}],"content":{"uri":"/selfcnil/api/configuration/site/document/1351/content"},"creator":{"uri":"/selfcnil/api/configuration/site/document/1351/creator"},"creationDate":1517917123000,"lastModifier":{"uri":"/selfcnil/api/configuration/site/document/1351/lastModifier"},"lastModificationDate":1523010003000,"fields":[{"name":"Description","value":null,"fieldType":"TEXT","fieldOrder":null,"fieldLength":null,"listOfValueId":null,"visibleByAgent":null,"visibleBySupervisor":null,"visibleByExternalSpecialist":null,"mandatoryForAgent":null,"mandatoryForSupervisor":null,"readonlyForAgent":null,"readonlyForSupervisor":null,"localisation":[{"label":"Description","value":"CIL, RGPD, GDPR, analyse d'impact, PIA, EIVP, DPIA, analyse de risques","locale":"fr_FR"}]},{"name":"OrderTemplate","value":"","fieldType":"STRING","fieldOrder":null,"fieldLength":null,"listOfValueId":null,"visibleByAgent":null,"visibleBySupervisor":null,"visibleByExternalSpecialist":null,"mandatoryForAgent":null,"mandatoryForSupervisor":null,"readonlyForAgent":null,"readonlyForSupervisor":null,"localisation":[{"label":"Ordre d'affichage","value":"","locale":"fr_FR"}]}],"hits":[],"ranks":[{"locale":"fr_FR","rank":1.6666666666666667,"count":18}],"contacts":{"uri":"/selfcnil/api/configuration/site/document/1351/contacts"},"relatedDocuments":{"uri":"/selfcnil/api/configuration/site/document/1351/relatedDocuments"},"attachments":{"uri":"/selfcnil/api/configuration/site/document/1351/attachments"},"path":[{"id":"12","uri":"/selfcnil/api/configuration/site/documentGroup/12"},{"id":"49","uri":"/selfcnil/api/configuration/site/documentGroup/49"},{"id":"143","uri":"/selfcnil/api/configuration/site/documentGroup/143"}],"parentGroup":{"id":"143","uri":"/selfcnil/api/configuration/site/documentGroup/143"},"publicationStatus":"None"}