{"id":"1357","uri":"/selfcnil/api/configuration/site/document/1357/content","contents":[{"locale":"fr_FR","content":"<p style=\"text-align: justify;\">Pour être DPO, il n'est pas obligatoire d'être certifié.</p>\r\n\r\n<p style=\"text-align: justify;\">Le DPO doit toutefois pouvoir justifier qu'il répond aux exigences de compétences et de savoir-faire prévues par le Règlement européen sur la protection des données (RGPD).</p>\r\n\r\n<p style=\"text-align: justify;\">Depuis le 11 octobre 2018, la CNIL peut délivrer des agréments à des organismes, les \"organismes certificateurs\", qui pourront, à leur tour, délivrer des certifications DPO à toute personne intéressée, désignée ou non.</p>\r\n\r\n<p style=\"text-align: justify;\">Il faut donc attendre que les premiers agréments soient délivrés par la CNIL aux organismes certificateurs pour candidater à une certification DPO agrée.</p>\r\n\r\n<p style=\"text-align: justify;\"><strong><span style=\"color:#ff5122;\">En savoir plus :</span></strong> <a href=\"https://www.cnil.fr/fr/certification-des-competences-du-dpo-la-cnil-adopte-deux-referentiels\" target=\"_blank\">Certification des compétences du DPO : la CNIL adopte deux référentiels</a></p>\r\n\r\n<p>&nbsp;</p>\r\n","format":"text/html"}]}