{"id":"1357","uri":"/selfcnil/api/configuration/site/document/1357","names":[{"name":"Règlement européen : pour être Délégué à la protection des données, faut-il une certification ?","locale":"fr_FR"}],"metadata":[],"content":{"uri":"/selfcnil/api/configuration/site/document/1357/content"},"creator":{"uri":"/selfcnil/api/configuration/site/document/1357/creator"},"creationDate":1519230745000,"lastModifier":{"uri":"/selfcnil/api/configuration/site/document/1357/lastModifier"},"lastModificationDate":1539258430000,"fields":[{"name":"Description","value":null,"fieldType":"TEXT","fieldOrder":null,"fieldLength":null,"listOfValueId":null,"visibleByAgent":null,"visibleBySupervisor":null,"visibleByExternalSpecialist":null,"mandatoryForAgent":null,"mandatoryForSupervisor":null,"readonlyForAgent":null,"readonlyForSupervisor":null,"localisation":[{"label":"Description","value":"DPO, DPD, Délégué à la protection des données, RGPD, GDPR, règlement européen, certification, label, Délégué, organismes certificateurs, référentiels, agrément,","locale":"fr_FR"}]},{"name":"OrderTemplate","value":"","fieldType":"STRING","fieldOrder":null,"fieldLength":null,"listOfValueId":null,"visibleByAgent":null,"visibleBySupervisor":null,"visibleByExternalSpecialist":null,"mandatoryForAgent":null,"mandatoryForSupervisor":null,"readonlyForAgent":null,"readonlyForSupervisor":null,"localisation":[{"label":"Ordre d'affichage","value":"","locale":"fr_FR"}]}],"hits":[],"ranks":[{"locale":"fr_FR","rank":1.542857142857143,"count":35}],"contacts":{"uri":"/selfcnil/api/configuration/site/document/1357/contacts"},"relatedDocuments":{"uri":"/selfcnil/api/configuration/site/document/1357/relatedDocuments"},"attachments":{"uri":"/selfcnil/api/configuration/site/document/1357/attachments"},"path":[{"id":"12","uri":"/selfcnil/api/configuration/site/documentGroup/12"},{"id":"49","uri":"/selfcnil/api/configuration/site/documentGroup/49"},{"id":"143","uri":"/selfcnil/api/configuration/site/documentGroup/143"}],"parentGroup":{"id":"143","uri":"/selfcnil/api/configuration/site/documentGroup/143"},"publicationStatus":"None"}