{"id":"1359","uri":"/selfcnil/api/configuration/site/document/1359/content","contents":[{"locale":"fr_FR","content":"<ul>\r\n\t<li><span style=\"color:#2179c4;\"><strong>Non</strong></span>, il n'est pas nécessaire de rendre public le registre s'agissant des fichiers du <span style=\"color:#2179c4;\"><strong>secteur privé</strong></span>.​​</li>\r\n</ul>\r\nToutefois, le responsable du fichier peut décider de rendre son registre public ou de le communiquer aux personnes qui le demandent.\r\n\r\n<ul>\r\n\t<li><strong><span style=\"color:#2179c4;\">Oui, le registre doit être communiqué au public</span></strong> pour les fichiers du <strong><span style=\"color:#2179c4;\">secteur public, </span></strong>au titre de la communication des documents administratifs.&nbsp;</li>\r\n</ul>\r\n<br />\r\n<span style=\"color:#ff5122;\"><strong>A savoir :</strong></span>\r\n\r\n<ul>\r\n\t<li>Dans tous les cas, le registre ne doit pas être envoyé à la CNIL mais il doit être tenu à sa disposition.</li>\r\n\t<li>En savoir plus sur le <a href=\"https://www.cnil.fr/fr/RGDP-le-registre-des-activites-de-traitement\" target=\"_blank\">registre et modèle</a>.</li>\r\n</ul>\r\n","format":"text/html"}]}