{"id":"1361","uri":"/selfcnil/api/configuration/site/document/1361/content","contents":[{"locale":"fr_FR","content":"<strong><span style=\"color:#2179c4;\">Oui, </span></strong>si le responsable du traitement (ou le sous-traitant) choisit un DPO externe.<br />\r\nDans ce cas, il peut choisir un DPO personne morale (cabinet d'avocats ou de conseils par exemple) ou un DPO personne physique (un avocat, un consultant, etc.).<br />\r\n<br />\r\nAu contraire, si le responsable du traitement (ou le sous-traitant) choisit un DPO interne, ce ne peut être qu'une personne physique de cet organisme.<br />\r\n<br />\r\n<strong><span style=\"color:#ff5122;\">En savoir plus</span></strong> :\r\n<ul>\r\n\t<li><a href=\"https://www.cnil.fr/fr/devenir-delegue-la-protection-des-donnees\" target=\"_blank\">Devenir délégué à la Protection des Données</a></li>\r\n\t<li><a href=\"https://www.cnil.fr/fr/designation-dpo\" target=\"_blank\">Désigner un Délégué à la protection des données</a></li>\r\n</ul>\r\n","format":"text/html"}]}