{"id":"1362","uri":"/selfcnil/api/configuration/site/document/1362/content","contents":[{"locale":"fr_FR","content":"<p>La société B est sous-traitante de la société A lorsqu'elle traite des données personnelles pour le compte, sur instruction et sous l'autorité de la société A.<br />\r\nLa société A est le responsable du traitement des données.<br />\r\n<br />\r\n<strong><span style=\"color:#2179c4;\">Exemples !</span></strong> Sont sous-traitants de données personnelles :</p>\r\n\r\n<ul>\r\n\t<li>Les prestataires de services informatiques (hébergement, maintenance, etc.).</li>\r\n\t<li>Les intégrateurs de logiciels.</li>\r\n\t<li>Les sociétés de sécurité informatique.</li>\r\n\t<li>Les entreprises de service du numérique ou anciennement sociétés de services et d'ingénierie en informatique (SSII) lorsqu'elles ont accès aux données.</li>\r\n\t<li>Les agences de marketing ou de communication qui traitent des données personnelles pour le compte de clients.</li>\r\n</ul>\r\n<br />\r\n<span style=\"color:#ff5122;\"><strong>Attention !</strong></span> Les fabricants de matériels (logiciels, badgeuses, matériel biométrique, etc.) ne sont pas des sous-traitants puisqu'ils n'ont pas accès et ne traitent pas de données personnelles.<br />\r\n<br />\r\n<strong><span style=\"color:#ff5122;\">A savoir !</span></strong> Un sous-traitant est responsable de ses propres fichiers, par exemple, de son fichier de gestion de son personnel.<br />\r\n<br />\r\n<strong><span style=\"color:#ff5122;\">En savoir plus</span></strong> : <a href=\"https://www.cnil.fr/sites/default/files/atoms/files/rgpd-guide_sous-traitant-cnil.pdf\" target=\"_blank\">Guide du sous-traitant</a>","format":"text/html"}]}