{"id":"1362","uri":"/selfcnil/api/configuration/site/document/1362","names":[{"name":"Règlement européen : un sous-traitant de données personnelles, c'est quoi ?","locale":"fr_FR"}],"metadata":[],"content":{"uri":"/selfcnil/api/configuration/site/document/1362/content"},"creator":{"uri":"/selfcnil/api/configuration/site/document/1362/creator"},"creationDate":1520519142000,"lastModifier":{"uri":"/selfcnil/api/configuration/site/document/1362/lastModifier"},"lastModificationDate":1522312762000,"fields":[{"name":"Description","value":null,"fieldType":"TEXT","fieldOrder":null,"fieldLength":null,"listOfValueId":null,"visibleByAgent":null,"visibleBySupervisor":null,"visibleByExternalSpecialist":null,"mandatoryForAgent":null,"mandatoryForSupervisor":null,"readonlyForAgent":null,"readonlyForSupervisor":null,"localisation":[{"label":"Description","value":"sous-traitant, hébergement, maintenance,logiciels, ingénierie en informatique, SSII, agences de marketing, agences de communication ","locale":"fr_FR"}]},{"name":"OrderTemplate","value":"","fieldType":"STRING","fieldOrder":null,"fieldLength":null,"listOfValueId":null,"visibleByAgent":null,"visibleBySupervisor":null,"visibleByExternalSpecialist":null,"mandatoryForAgent":null,"mandatoryForSupervisor":null,"readonlyForAgent":null,"readonlyForSupervisor":null,"localisation":[{"label":"Ordre d'affichage","value":"","locale":"fr_FR"}]}],"hits":[],"ranks":[{"locale":"fr_FR","rank":1.597938144329897,"count":97}],"contacts":{"uri":"/selfcnil/api/configuration/site/document/1362/contacts"},"relatedDocuments":{"uri":"/selfcnil/api/configuration/site/document/1362/relatedDocuments"},"attachments":{"uri":"/selfcnil/api/configuration/site/document/1362/attachments"},"path":[{"id":"12","uri":"/selfcnil/api/configuration/site/documentGroup/12"},{"id":"49","uri":"/selfcnil/api/configuration/site/documentGroup/49"},{"id":"143","uri":"/selfcnil/api/configuration/site/documentGroup/143"}],"parentGroup":{"id":"143","uri":"/selfcnil/api/configuration/site/documentGroup/143"},"publicationStatus":"None"}