{"id":"1363","uri":"/selfcnil/api/configuration/site/document/1363","names":[{"name":"Règlement européen : un \"traitement à grande échelle\", c'est quoi ?","locale":"fr_FR"}],"metadata":[],"content":{"uri":"/selfcnil/api/configuration/site/document/1363/content"},"creator":{"uri":"/selfcnil/api/configuration/site/document/1363/creator"},"creationDate":1521134165000,"lastModifier":{"uri":"/selfcnil/api/configuration/site/document/1363/lastModifier"},"lastModificationDate":1523009529000,"fields":[{"name":"Description","value":null,"fieldType":"TEXT","fieldOrder":null,"fieldLength":null,"listOfValueId":null,"visibleByAgent":null,"visibleBySupervisor":null,"visibleByExternalSpecialist":null,"mandatoryForAgent":null,"mandatoryForSupervisor":null,"readonlyForAgent":null,"readonlyForSupervisor":null,"localisation":[{"label":"Description","value":"","locale":"fr_FR"}]},{"name":"OrderTemplate","value":"","fieldType":"STRING","fieldOrder":null,"fieldLength":null,"listOfValueId":null,"visibleByAgent":null,"visibleBySupervisor":null,"visibleByExternalSpecialist":null,"mandatoryForAgent":null,"mandatoryForSupervisor":null,"readonlyForAgent":null,"readonlyForSupervisor":null,"localisation":[{"label":"Ordre d'affichage","value":"","locale":"fr_FR"}]}],"hits":[],"ranks":[{"locale":"fr_FR","rank":1.5,"count":72}],"contacts":{"uri":"/selfcnil/api/configuration/site/document/1363/contacts"},"relatedDocuments":{"uri":"/selfcnil/api/configuration/site/document/1363/relatedDocuments"},"attachments":{"uri":"/selfcnil/api/configuration/site/document/1363/attachments"},"path":[{"id":"12","uri":"/selfcnil/api/configuration/site/documentGroup/12"},{"id":"49","uri":"/selfcnil/api/configuration/site/documentGroup/49"},{"id":"143","uri":"/selfcnil/api/configuration/site/documentGroup/143"}],"parentGroup":{"id":"143","uri":"/selfcnil/api/configuration/site/documentGroup/143"},"publicationStatus":"None"}