{"id":"1368","uri":"/selfcnil/api/configuration/site/document/1368","names":[{"name":"Règlement européen : quelle documentation réunir pour prouver votre conformité au RGPD ?","locale":"fr_FR"}],"metadata":[],"content":{"uri":"/selfcnil/api/configuration/site/document/1368/content"},"creator":{"uri":"/selfcnil/api/configuration/site/document/1368/creator"},"creationDate":1524040599000,"lastModifier":{"uri":"/selfcnil/api/configuration/site/document/1368/lastModifier"},"lastModificationDate":1527780172000,"fields":[{"name":"Description","value":null,"fieldType":"TEXT","fieldOrder":null,"fieldLength":null,"listOfValueId":null,"visibleByAgent":null,"visibleBySupervisor":null,"visibleByExternalSpecialist":null,"mandatoryForAgent":null,"mandatoryForSupervisor":null,"readonlyForAgent":null,"readonlyForSupervisor":null,"localisation":[{"label":"Description","value":"documentation, documents, rgpd, conformité, registre, analyse d'impact, procédures interne, dpia","locale":"fr_FR"}]},{"name":"OrderTemplate","value":"","fieldType":"STRING","fieldOrder":null,"fieldLength":null,"listOfValueId":null,"visibleByAgent":null,"visibleBySupervisor":null,"visibleByExternalSpecialist":null,"mandatoryForAgent":null,"mandatoryForSupervisor":null,"readonlyForAgent":null,"readonlyForSupervisor":null,"localisation":[{"label":"Ordre d'affichage","value":"","locale":"fr_FR"}]}],"hits":[],"ranks":[{"locale":"fr_FR","rank":1.4761904761904763,"count":42}],"contacts":{"uri":"/selfcnil/api/configuration/site/document/1368/contacts"},"relatedDocuments":{"uri":"/selfcnil/api/configuration/site/document/1368/relatedDocuments"},"attachments":{"uri":"/selfcnil/api/configuration/site/document/1368/attachments"},"path":[{"id":"12","uri":"/selfcnil/api/configuration/site/documentGroup/12"},{"id":"49","uri":"/selfcnil/api/configuration/site/documentGroup/49"},{"id":"143","uri":"/selfcnil/api/configuration/site/documentGroup/143"}],"parentGroup":{"id":"143","uri":"/selfcnil/api/configuration/site/documentGroup/143"},"publicationStatus":"None"}