{"id":"1368","uri":"/selfcnil/api/configuration/site/document/1368/content","contents":[{"locale":"fr_FR","content":"Pour <strong><span style=\"color:#2179c4;\">prouver votre conformité au RGPD</span></strong>, vous devez constituer et regrouper <strong><span style=\"color:#2179c4;\">plusieurs documents, qui devront être actualisés régulièrement</span></strong>.<br />\r\nQuels sont ces documents ?<br />\r\n<br />\r\n<strong><span style=\"color:#2179c4;\">1. La documentation sur vos traitements de données personnelles</span></strong> (fichier clients, fichier de gestion du personnel, géolocalisation, vidéosurveillance, fichiers des collectivités territoriales, etc.).\r\n<ul>\r\n\t<li>Le registre des traitements. La CNIL vous propose des <a href=\"https://www.cnil.fr/fr/rgpd-et-tpepme-un-nouveau-modele-de-registre-plus-simple-et-plus-didactique\" target=\"_blank\"><strong><span style=\"color:#ff5122;\">modèles de registres</span></strong></a>. <a href=\"https://www.cnil.fr/fr/RGDP-le-registre-des-activites-de-traitement\" target=\"_blank\"><strong><span style=\"color:#ff5122;\">En savoir plus sur le registre</span></strong></a>.</li>\r\n\t<li>Les analyses d'impact sur la protection des données (DPIA) pour les traitements susceptibles d'engendrer des risques élevés pour les droits et libertés des personnes. <a href=\"http://www.cnil.fr/fr/RGPD-analyse-impact-protection-des-donnees-pia\" target=\"_blank\"><strong><span style=\"color:#ff5122;\">En savoir plus sur l'analyse d'impact</span></strong></a>.</li>\r\n\t<li>L'encadrement des transferts de données hors de l'Union européenne (notamment, les clauses contractuelles types, les BCR et certifications). La CNIL vous propose <strong><a href=\"https://www.cnil.fr/fr/transferer-des-donnees-hors-de-lue\" target=\"_blank\"><span style=\"color:#ff5122;\">plusieurs outils</span></a></strong>.</li>\r\n</ul>\r\n<strong><span style=\"color:#2179c4;\">2. Les documents relatifs à l'information des personnes concernées par vos fichiers.</span></strong>\r\n\r\n<ul>\r\n\t<li>Les mentions d'information. Des exemples de <a href=\"https://www.cnil.fr/fr/rgpd-exemples-de-mentions-dinformation\" target=\"_blank\">mentions d'information</a>s sont proposées par la CNIL.</li>\r\n\t<li>​Les modèles de recueil du consentement des personnes concernées.</li>\r\n\t<li>Les procédures mises en place pour l'exercice des droits. <strong><a href=\"https://www.cnil.fr/fr/comprendre-vos-droits\" target=\"_blank\"><span style=\"color:#ff5122;\">En savoir plus sur les droits des personnes</span></a></strong>.</li>\r\n</ul>\r\n<strong><span style=\"color:#2179c4;\">3. Les contrats qui définissent les rôles et les responsabilités de chacun.&nbsp;</span></strong>\r\n\r\n<ul>\r\n\t<li>Les contrats avec les <a href=\"https://www.cnil.fr/fr/reglement-europeen-sur-la-protection-des-donnees-un-guide-pour-accompagner-les-sous-traitants\" target=\"_blank\">sous-traitants</a>.</li>\r\n\t<li>Les procédures internes en cas de <a href=\"https://www.cnil.fr/fr/notifier-une-violation-de-donnees-personnelles\" target=\"_blank\">violations de données</a>.</li>\r\n\t<li>Les preuves que les personnes concernées ont donné leur consentement lorsque le traitement de leurs données repose sur cette base.</li>\r\n</ul>\r\n<strong><span style=\"color:#ff5122;\">Vous pouvez également consulter :</span></strong>\r\n\r\n<ul>\r\n\t<li><a href=\"https://www.cnil.fr/fr/principes-cles/rgpd-se-preparer-en-6-etapes\" target=\"_blank\">RGPD : se préparer en 6 étapes</a></li>\r\n\t<li><a href=\"https://www.cnil.fr/fr/la-cnil-et-bpifrance-sassocient-pour-accompagner-les-tpe-et-pme-dans-leur-appropriation-du-reglement\" target=\"_blank\" title=\"Guide RGPD TPE-PME\">Le guide pratique TPE/PME</a></li>\r\n</ul>\r\n<font color=\"#ff5122\"><b>Important !</b></font>\r\n\r\n<ul>\r\n\t<li>La documentation n'a pas à être communiquée à la CNIL.</li>\r\n\t<li>S'agissant de l'analyse d'impact, elle doit être transmise à la CNIL dans les cas suivants&nbsp;:\r\n\t<ul>\r\n\t\t<li>s'il apparaît que le niveau de \"risque résiduel\" reste élevé&nbsp;(cas où la CNIL doit être consultée)&nbsp;;</li>\r\n\t\t<li>quand la législation nationale d'un État membre l'exige&nbsp;;</li>\r\n\t\t<li>en cas de contrôle par la CNIL.</li>\r\n\t</ul>\r\n\t</li>\r\n</ul>\r\n","format":"text/html"}]}