{"id":"1369","uri":"/selfcnil/api/configuration/site/document/1369","names":[{"name":"Règlement européen : le RGPD modifie-t-il les règles relatives aux cookies ?","locale":"fr_FR"}],"metadata":[],"content":{"uri":"/selfcnil/api/configuration/site/document/1369/content"},"creator":{"uri":"/selfcnil/api/configuration/site/document/1369/creator"},"creationDate":1524050696000,"lastModifier":{"uri":"/selfcnil/api/configuration/site/document/1369/lastModifier"},"lastModificationDate":1527776826000,"fields":[{"name":"Description","value":null,"fieldType":"TEXT","fieldOrder":null,"fieldLength":null,"listOfValueId":null,"visibleByAgent":null,"visibleBySupervisor":null,"visibleByExternalSpecialist":null,"mandatoryForAgent":null,"mandatoryForSupervisor":null,"readonlyForAgent":null,"readonlyForSupervisor":null,"localisation":[{"label":"Description","value":"cookie, traceur, règles, obligations, eprivacy, RGPD, ","locale":"fr_FR"}]},{"name":"OrderTemplate","value":"","fieldType":"STRING","fieldOrder":null,"fieldLength":null,"listOfValueId":null,"visibleByAgent":null,"visibleBySupervisor":null,"visibleByExternalSpecialist":null,"mandatoryForAgent":null,"mandatoryForSupervisor":null,"readonlyForAgent":null,"readonlyForSupervisor":null,"localisation":[{"label":"Ordre d'affichage","value":"","locale":"fr_FR"}]}],"hits":[],"ranks":[{"locale":"fr_FR","rank":1.6166666666666667,"count":60}],"contacts":{"uri":"/selfcnil/api/configuration/site/document/1369/contacts"},"relatedDocuments":{"uri":"/selfcnil/api/configuration/site/document/1369/relatedDocuments"},"attachments":{"uri":"/selfcnil/api/configuration/site/document/1369/attachments"},"path":[{"id":"12","uri":"/selfcnil/api/configuration/site/documentGroup/12"},{"id":"49","uri":"/selfcnil/api/configuration/site/documentGroup/49"},{"id":"143","uri":"/selfcnil/api/configuration/site/documentGroup/143"}],"parentGroup":{"id":"143","uri":"/selfcnil/api/configuration/site/documentGroup/143"},"publicationStatus":"None"}