{"id":"1369","uri":"/selfcnil/api/configuration/site/document/1369/content","contents":[{"locale":"fr_FR","content":"<strong><span style=\"color:#2179c4;\">Non !</span></strong><br />\r\n<br />\r\nLes règles relatives&nbsp;aux cookies ne relèvent pas du&nbsp;Règlement européen pour la protection des données (RGPD) mais du règlement&nbsp;européen ePrivacy en cours de révision et de l'article 32 II de la loi Informatique et Libertés modifiée.<br />\r\n<br />\r\nTout savoir sur les obligations en cette matière :&nbsp;<a href=\"https://www.cnil.fr/fr/cookies-traceurs-que-dit-la-loi\">Cookie, que dit la loi ?</a>\r\n<h1>&nbsp;</h1>\r\n","format":"text/html"}]}