{"id":"1382","uri":"/selfcnil/api/configuration/site/document/1382","names":[{"name":"Règlement européen : comment informer les personnes concernées par un fichier ?","locale":"fr_FR"}],"metadata":[],"content":{"uri":"/selfcnil/api/configuration/site/document/1382/content"},"creator":{"uri":"/selfcnil/api/configuration/site/document/1382/creator"},"creationDate":1527152009000,"lastModifier":{"uri":"/selfcnil/api/configuration/site/document/1382/lastModifier"},"lastModificationDate":1527153779000,"fields":[{"name":"Description","value":null,"fieldType":"TEXT","fieldOrder":null,"fieldLength":null,"listOfValueId":null,"visibleByAgent":null,"visibleBySupervisor":null,"visibleByExternalSpecialist":null,"mandatoryForAgent":null,"mandatoryForSupervisor":null,"readonlyForAgent":null,"readonlyForSupervisor":null,"localisation":[{"label":"Description","value":"collecte, formulaire, information, mentions, rgpd, directe, indirecte, quand, comment, où, de quoi","locale":"fr_FR"}]},{"name":"OrderTemplate","value":"","fieldType":"STRING","fieldOrder":null,"fieldLength":null,"listOfValueId":null,"visibleByAgent":null,"visibleBySupervisor":null,"visibleByExternalSpecialist":null,"mandatoryForAgent":null,"mandatoryForSupervisor":null,"readonlyForAgent":null,"readonlyForSupervisor":null,"localisation":[{"label":"Ordre d'affichage","value":"","locale":"fr_FR"}]}],"hits":[],"ranks":[{"locale":"fr_FR","rank":1.4166666666666667,"count":12}],"contacts":{"uri":"/selfcnil/api/configuration/site/document/1382/contacts"},"relatedDocuments":{"uri":"/selfcnil/api/configuration/site/document/1382/relatedDocuments"},"attachments":{"uri":"/selfcnil/api/configuration/site/document/1382/attachments"},"path":[{"id":"12","uri":"/selfcnil/api/configuration/site/documentGroup/12"},{"id":"49","uri":"/selfcnil/api/configuration/site/documentGroup/49"},{"id":"143","uri":"/selfcnil/api/configuration/site/documentGroup/143"}],"parentGroup":{"id":"143","uri":"/selfcnil/api/configuration/site/documentGroup/143"},"publicationStatus":"None"}