{"id":"1387","uri":"/selfcnil/api/configuration/site/document/1387/content","contents":[{"locale":"fr_FR","content":"<ul>\r\n\t<li>Une pharmacie a l'obligation de désigner un DPO <strong><span style=\"color:#2179c4;\">uniquement si elle exerce son activité à grande échelle.</span></strong> Par exemple : les pharmacies en réseaux, les pharmacies de taille importante.&nbsp;</li>\r\n</ul>\r\n\r\n<ul>\r\n\t<li><strong><span style=\"color:#2179c4;\">En dehors de ces cas, une pharmacie n'a pas l'obligation de désigner un DPO.&nbsp;</span></strong></li>\r\n</ul>\r\n\r\n<p><strong><span style=\"color:#ff5122;\">Attention !</span></strong></p>\r\n\r\n<ul>\r\n\t<li>Le DPO doit posséder des&nbsp;<strong>connaissances spécialisées</strong>&nbsp;en matière de protection des données.</li>\r\n\t<li>Le DPO ne doit pas avoir de&nbsp;<strong>conflit d'intérêts</strong>&nbsp;avec ses autres missions. Par&nbsp;exemple,&nbsp;le titulaire de l'officine ne peut pas être désigné DPO de son officine.</li>\r\n</ul>\r\n\r\n<p><strong><span style=\"color:#ff5122;\">En savoir plus :</span></strong></p>\r\n\r\n<ul>\r\n\t<li><a href=\"https://www.cnil.fr/fr/devenir-delegue-la-protection-des-donnees\" target=\"_blank\" title=\"Devenir DPO\">Devenir Délégué à la protection des données</a></li>\r\n\t<li><a href=\"https://www.cnil.fr/fr/designation-dpo\" target=\"_blank\">Désigner un Délégué à la protection des données</a></li>\r\n</ul>\r\n","format":"text/html"}]}