{"id":"1389","uri":"/selfcnil/api/configuration/site/document/1389/content","contents":[{"locale":"fr_FR","content":"<p style=\"margin-bottom:.0001pt; text-align:justify\"><span style=\"color:#2179c4;\"><span style=\"line-height:normal\"><b>Oui !</b></span></span></p>\r\n\r\n<p style=\"margin-bottom:.0001pt; text-align:justify\"><span style=\"line-height:normal\">Cabinet médical, d'orthophonie, pharmacie, laboratoire de biologie médicale, etc., le RGPD s'applique à vos logiciels informatisés de gestion comme aux dossiers papier des patients.</span></p>\r\n","format":"text/html"}]}