{"id":"1390","uri":"/selfcnil/api/configuration/site/document/1390/content","contents":[{"locale":"fr_FR","content":"<p style=\"margin-bottom:.0001pt; text-align:justify\"><span style=\"line-height:normal\"><b>Non</b>, les cabinets médicaux, d'orthophonie, les pharmacies, les laboratoires de biologie médicale, etc. n'ont pas à recueillir le consentement des patients si ces données sont nécessaires aux diagnostics médicaux et à leur prise en charge sanitaire ou sociale.&nbsp;</span></p>\r\n\r\n<p style=\"margin-bottom:.0001pt; text-align:justify\"><span style=\"line-height:normal\"><span style=\"color:#ff5122;\"><b>A noter :</b></span> ce consentement ne doit pas être confondu avec le consentement requis pour la réalisation de certains actes médicaux (ex : le code de la santé publique impose le recueil du consentement du patient pour la réalisation d'un examen des caractéristiques génétiques).</span></p>\r\n\r\n<p style=\"margin-bottom:.0001pt; text-align:justify\"><span style=\"line-height:normal\"><span style=\"color:#ff5122;\"><b>En savoir plus :</b> </span><a href=\"https://www.cnil.fr/cnil-direct/question/1308?visiteur=pro\" target=\"_blank\">Règlement européen : le consentement est-il obligatoire ?</a></span></p>\r\n","format":"text/html"}]}