{"id":"1393","uri":"/selfcnil/api/configuration/site/document/1393","names":[{"name":"Professionnels de santé : la désignation d'un délégué à la protection des données (DPO), c'est obligatoire ?","locale":"fr_FR"}],"metadata":[],"content":{"uri":"/selfcnil/api/configuration/site/document/1393/content"},"creator":{"uri":"/selfcnil/api/configuration/site/document/1393/creator"},"creationDate":1528201207000,"lastModifier":{"uri":"/selfcnil/api/configuration/site/document/1393/lastModifier"},"lastModificationDate":1528202930000,"fields":[{"name":"Description","value":null,"fieldType":"TEXT","fieldOrder":null,"fieldLength":null,"listOfValueId":null,"visibleByAgent":null,"visibleBySupervisor":null,"visibleByExternalSpecialist":null,"mandatoryForAgent":null,"mandatoryForSupervisor":null,"readonlyForAgent":null,"readonlyForSupervisor":null,"localisation":[{"label":"Description","value":"","locale":"fr_FR"}]},{"name":"OrderTemplate","value":"","fieldType":"STRING","fieldOrder":null,"fieldLength":null,"listOfValueId":null,"visibleByAgent":null,"visibleBySupervisor":null,"visibleByExternalSpecialist":null,"mandatoryForAgent":null,"mandatoryForSupervisor":null,"readonlyForAgent":null,"readonlyForSupervisor":null,"localisation":[{"label":"Ordre d'affichage","value":"","locale":"fr_FR"}]}],"hits":[],"ranks":[{"locale":"fr_FR","rank":1.0,"count":2}],"contacts":{"uri":"/selfcnil/api/configuration/site/document/1393/contacts"},"relatedDocuments":{"uri":"/selfcnil/api/configuration/site/document/1393/relatedDocuments"},"attachments":{"uri":"/selfcnil/api/configuration/site/document/1393/attachments"},"path":[{"id":"12","uri":"/selfcnil/api/configuration/site/documentGroup/12"},{"id":"49","uri":"/selfcnil/api/configuration/site/documentGroup/49"},{"id":"48","uri":"/selfcnil/api/configuration/site/documentGroup/48"}],"parentGroup":{"id":"48","uri":"/selfcnil/api/configuration/site/documentGroup/48"},"publicationStatus":"None"}