{"id":"1395","uri":"/selfcnil/api/configuration/site/document/1395","names":[{"name":"Professionnels de santé : mener une analyse d'impact, c'est obligatoire ?","locale":"fr_FR"}],"metadata":[],"content":{"uri":"/selfcnil/api/configuration/site/document/1395/content"},"creator":{"uri":"/selfcnil/api/configuration/site/document/1395/creator"},"creationDate":1528201842000,"lastModifier":{"uri":"/selfcnil/api/configuration/site/document/1395/lastModifier"},"lastModificationDate":1528202687000,"fields":[{"name":"Description","value":null,"fieldType":"TEXT","fieldOrder":null,"fieldLength":null,"listOfValueId":null,"visibleByAgent":null,"visibleBySupervisor":null,"visibleByExternalSpecialist":null,"mandatoryForAgent":null,"mandatoryForSupervisor":null,"readonlyForAgent":null,"readonlyForSupervisor":null,"localisation":[{"label":"Description","value":"","locale":"fr_FR"}]},{"name":"OrderTemplate","value":"","fieldType":"STRING","fieldOrder":null,"fieldLength":null,"listOfValueId":null,"visibleByAgent":null,"visibleBySupervisor":null,"visibleByExternalSpecialist":null,"mandatoryForAgent":null,"mandatoryForSupervisor":null,"readonlyForAgent":null,"readonlyForSupervisor":null,"localisation":[{"label":"Ordre d'affichage","value":"","locale":"fr_FR"}]}],"hits":[],"ranks":[{"locale":"fr_FR","rank":1.8,"count":5}],"contacts":{"uri":"/selfcnil/api/configuration/site/document/1395/contacts"},"relatedDocuments":{"uri":"/selfcnil/api/configuration/site/document/1395/relatedDocuments"},"attachments":{"uri":"/selfcnil/api/configuration/site/document/1395/attachments"},"path":[{"id":"12","uri":"/selfcnil/api/configuration/site/documentGroup/12"},{"id":"49","uri":"/selfcnil/api/configuration/site/documentGroup/49"},{"id":"48","uri":"/selfcnil/api/configuration/site/documentGroup/48"}],"parentGroup":{"id":"48","uri":"/selfcnil/api/configuration/site/documentGroup/48"},"publicationStatus":"None"}