{"id":"1397","uri":"/selfcnil/api/configuration/site/document/1397","names":[{"name":"Règlement européen : le registre doit-il être envoyé à la CNIL ?","locale":"fr_FR"}],"metadata":[],"content":{"uri":"/selfcnil/api/configuration/site/document/1397/content"},"creator":{"uri":"/selfcnil/api/configuration/site/document/1397/creator"},"creationDate":1528365801000,"lastModifier":{"uri":"/selfcnil/api/configuration/site/document/1397/lastModifier"},"lastModificationDate":1533911034000,"fields":[{"name":"Description","value":null,"fieldType":"TEXT","fieldOrder":null,"fieldLength":null,"listOfValueId":null,"visibleByAgent":null,"visibleBySupervisor":null,"visibleByExternalSpecialist":null,"mandatoryForAgent":null,"mandatoryForSupervisor":null,"readonlyForAgent":null,"readonlyForSupervisor":null,"localisation":[{"label":"Description","value":"registre, rgpd, cnil","locale":"fr_FR"}]},{"name":"OrderTemplate","value":"","fieldType":"STRING","fieldOrder":null,"fieldLength":null,"listOfValueId":null,"visibleByAgent":null,"visibleBySupervisor":null,"visibleByExternalSpecialist":null,"mandatoryForAgent":null,"mandatoryForSupervisor":null,"readonlyForAgent":null,"readonlyForSupervisor":null,"localisation":[{"label":"Ordre d'affichage","value":"","locale":"fr_FR"}]}],"hits":[],"ranks":[{"locale":"fr_FR","rank":1.9,"count":10}],"contacts":{"uri":"/selfcnil/api/configuration/site/document/1397/contacts"},"relatedDocuments":{"uri":"/selfcnil/api/configuration/site/document/1397/relatedDocuments"},"attachments":{"uri":"/selfcnil/api/configuration/site/document/1397/attachments"},"path":[{"id":"12","uri":"/selfcnil/api/configuration/site/documentGroup/12"},{"id":"49","uri":"/selfcnil/api/configuration/site/documentGroup/49"},{"id":"143","uri":"/selfcnil/api/configuration/site/documentGroup/143"}],"parentGroup":{"id":"143","uri":"/selfcnil/api/configuration/site/documentGroup/143"},"publicationStatus":"None"}