{"id":"1398","uri":"/selfcnil/api/configuration/site/document/1398","names":[{"name":"Mon employeur doit-il faire des déclarations à la CNIL ?","locale":"fr_FR"}],"metadata":[],"content":{"uri":"/selfcnil/api/configuration/site/document/1398/content"},"creator":{"uri":"/selfcnil/api/configuration/site/document/1398/creator"},"creationDate":1528711610000,"lastModifier":{"uri":"/selfcnil/api/configuration/site/document/1398/lastModifier"},"lastModificationDate":1528711868000,"fields":[{"name":"Description","value":null,"fieldType":"TEXT","fieldOrder":null,"fieldLength":null,"listOfValueId":null,"visibleByAgent":null,"visibleBySupervisor":null,"visibleByExternalSpecialist":null,"mandatoryForAgent":null,"mandatoryForSupervisor":null,"readonlyForAgent":null,"readonlyForSupervisor":null,"localisation":[{"label":"Description","value":"","locale":"fr_FR"}]},{"name":"OrderTemplate","value":"","fieldType":"STRING","fieldOrder":null,"fieldLength":null,"listOfValueId":null,"visibleByAgent":null,"visibleBySupervisor":null,"visibleByExternalSpecialist":null,"mandatoryForAgent":null,"mandatoryForSupervisor":null,"readonlyForAgent":null,"readonlyForSupervisor":null,"localisation":[{"label":"Ordre d'affichage","value":"","locale":"fr_FR"}]}],"hits":[],"ranks":[{"locale":"fr_FR","rank":1.44,"count":25}],"contacts":{"uri":"/selfcnil/api/configuration/site/document/1398/contacts"},"relatedDocuments":{"uri":"/selfcnil/api/configuration/site/document/1398/relatedDocuments"},"attachments":{"uri":"/selfcnil/api/configuration/site/document/1398/attachments"},"path":[{"id":"12","uri":"/selfcnil/api/configuration/site/documentGroup/12"},{"id":"65","uri":"/selfcnil/api/configuration/site/documentGroup/65"},{"id":"71","uri":"/selfcnil/api/configuration/site/documentGroup/71"}],"parentGroup":{"id":"71","uri":"/selfcnil/api/configuration/site/documentGroup/71"},"publicationStatus":"None"}