{"id":"1399","uri":"/selfcnil/api/configuration/site/document/1399","names":[{"name":"Règlement européen : quand faut-il notifier une violation de données à la CNIL ?","locale":"fr_FR"}],"metadata":[],"content":{"uri":"/selfcnil/api/configuration/site/document/1399/content"},"creator":{"uri":"/selfcnil/api/configuration/site/document/1399/creator"},"creationDate":1528723029000,"lastModifier":{"uri":"/selfcnil/api/configuration/site/document/1399/lastModifier"},"lastModificationDate":1529497461000,"fields":[{"name":"Description","value":null,"fieldType":"TEXT","fieldOrder":null,"fieldLength":null,"listOfValueId":null,"visibleByAgent":null,"visibleBySupervisor":null,"visibleByExternalSpecialist":null,"mandatoryForAgent":null,"mandatoryForSupervisor":null,"readonlyForAgent":null,"readonlyForSupervisor":null,"localisation":[{"label":"Description","value":"rgpd, gdpr, violation, risque élevé, notification, téléservice, formulaire,","locale":"fr_FR"}]},{"name":"OrderTemplate","value":"","fieldType":"STRING","fieldOrder":null,"fieldLength":null,"listOfValueId":null,"visibleByAgent":null,"visibleBySupervisor":null,"visibleByExternalSpecialist":null,"mandatoryForAgent":null,"mandatoryForSupervisor":null,"readonlyForAgent":null,"readonlyForSupervisor":null,"localisation":[{"label":"Ordre d'affichage","value":"","locale":"fr_FR"}]}],"hits":[],"ranks":[{"locale":"fr_FR","rank":1.5,"count":22}],"contacts":{"uri":"/selfcnil/api/configuration/site/document/1399/contacts"},"relatedDocuments":{"uri":"/selfcnil/api/configuration/site/document/1399/relatedDocuments"},"attachments":{"uri":"/selfcnil/api/configuration/site/document/1399/attachments"},"path":[{"id":"12","uri":"/selfcnil/api/configuration/site/documentGroup/12"},{"id":"49","uri":"/selfcnil/api/configuration/site/documentGroup/49"},{"id":"143","uri":"/selfcnil/api/configuration/site/documentGroup/143"}],"parentGroup":{"id":"143","uri":"/selfcnil/api/configuration/site/documentGroup/143"},"publicationStatus":"None"}