{"id":"1400","uri":"/selfcnil/api/configuration/site/document/1400/content","contents":[{"locale":"fr_FR","content":"<p>La CNIL&nbsp;accompagne les&nbsp;organismes publics et privés pour se conformer au RGPD: méthodes, outils etc., laissez-vous guider sur&nbsp;&nbsp;<a href=\"https://www.cnil.fr/fr/le-rgpd-cest-maintenant-les-changements-retenir-et-les-outils-pour-bien-se-preparer\" target=\"_blank\">Le RGPD, c'est maintenant : les changements à retenir et les outils pour bien se préparer</a><br />\r\n<br />\r\n&nbsp;</p>\r\n","format":"text/html"}]}