{"id":"1400","uri":"/selfcnil/api/configuration/site/document/1400","names":[{"name":"Règlement européen : comment la CNIL vous accompagne ?","locale":"fr_FR"}],"metadata":[],"content":{"uri":"/selfcnil/api/configuration/site/document/1400/content"},"creator":{"uri":"/selfcnil/api/configuration/site/document/1400/creator"},"creationDate":1528732404000,"lastModifier":{"uri":"/selfcnil/api/configuration/site/document/1400/lastModifier"},"lastModificationDate":1528732903000,"fields":[{"name":"Description","value":null,"fieldType":"TEXT","fieldOrder":null,"fieldLength":null,"listOfValueId":null,"visibleByAgent":null,"visibleBySupervisor":null,"visibleByExternalSpecialist":null,"mandatoryForAgent":null,"mandatoryForSupervisor":null,"readonlyForAgent":null,"readonlyForSupervisor":null,"localisation":[{"label":"Description","value":"rgpd, gdpr, accompagnement, outils, méthode, tout savoir, comprendre, changer ","locale":"fr_FR"}]},{"name":"OrderTemplate","value":"","fieldType":"STRING","fieldOrder":null,"fieldLength":null,"listOfValueId":null,"visibleByAgent":null,"visibleBySupervisor":null,"visibleByExternalSpecialist":null,"mandatoryForAgent":null,"mandatoryForSupervisor":null,"readonlyForAgent":null,"readonlyForSupervisor":null,"localisation":[{"label":"Ordre d'affichage","value":"","locale":"fr_FR"}]}],"hits":[],"ranks":[{"locale":"fr_FR","rank":1.0,"count":10}],"contacts":{"uri":"/selfcnil/api/configuration/site/document/1400/contacts"},"relatedDocuments":{"uri":"/selfcnil/api/configuration/site/document/1400/relatedDocuments"},"attachments":{"uri":"/selfcnil/api/configuration/site/document/1400/attachments"},"path":[{"id":"12","uri":"/selfcnil/api/configuration/site/documentGroup/12"},{"id":"49","uri":"/selfcnil/api/configuration/site/documentGroup/49"},{"id":"143","uri":"/selfcnil/api/configuration/site/documentGroup/143"}],"parentGroup":{"id":"143","uri":"/selfcnil/api/configuration/site/documentGroup/143"},"publicationStatus":"None"}