{"id":"1423","uri":"/selfcnil/api/configuration/site/document/1423","names":[{"name":"SIS (Système d'information Schengen ou Fichier Schengen) : comment savoir si je suis fiché et/ou faire rectifier mon inscription ?","locale":"fr_FR"}],"metadata":[],"content":{"uri":"/selfcnil/api/configuration/site/document/1423/content"},"creator":{"uri":"/selfcnil/api/configuration/site/document/1423/creator"},"creationDate":1533299489000,"lastModifier":{"uri":"/selfcnil/api/configuration/site/document/1423/lastModifier"},"lastModificationDate":1533305789000,"fields":[{"name":"Description","value":null,"fieldType":"TEXT","fieldOrder":null,"fieldLength":null,"listOfValueId":null,"visibleByAgent":null,"visibleBySupervisor":null,"visibleByExternalSpecialist":null,"mandatoryForAgent":null,"mandatoryForSupervisor":null,"readonlyForAgent":null,"readonlyForSupervisor":null,"localisation":[{"label":"Description","value":"","locale":"fr_FR"}]},{"name":"OrderTemplate","value":"","fieldType":"STRING","fieldOrder":null,"fieldLength":null,"listOfValueId":null,"visibleByAgent":null,"visibleBySupervisor":null,"visibleByExternalSpecialist":null,"mandatoryForAgent":null,"mandatoryForSupervisor":null,"readonlyForAgent":null,"readonlyForSupervisor":null,"localisation":[{"label":"Ordre d'affichage","value":"","locale":"fr_FR"}]}],"hits":[],"ranks":[{"locale":"fr_FR","rank":1.5333333333333334,"count":105}],"contacts":{"uri":"/selfcnil/api/configuration/site/document/1423/contacts"},"relatedDocuments":{"uri":"/selfcnil/api/configuration/site/document/1423/relatedDocuments"},"attachments":{"uri":"/selfcnil/api/configuration/site/document/1423/attachments"},"path":[{"id":"12","uri":"/selfcnil/api/configuration/site/documentGroup/12"},{"id":"65","uri":"/selfcnil/api/configuration/site/documentGroup/65"},{"id":"66","uri":"/selfcnil/api/configuration/site/documentGroup/66"}],"parentGroup":{"id":"66","uri":"/selfcnil/api/configuration/site/documentGroup/66"},"publicationStatus":"None"}