{"id":"1434","uri":"/selfcnil/api/configuration/site/document/1434","names":[{"name":"Exercice des droits \"Informatique et Libertés\" : dois-je réclamer systématiquement une copie de la carte d'identité des demandeurs ?","locale":"fr_FR"}],"metadata":[],"content":{"uri":"/selfcnil/api/configuration/site/document/1434/content"},"creator":{"uri":"/selfcnil/api/configuration/site/document/1434/creator"},"creationDate":1536764955000,"lastModifier":{"uri":"/selfcnil/api/configuration/site/document/1434/lastModifier"},"lastModificationDate":1536833107000,"fields":[{"name":"Description","value":null,"fieldType":"TEXT","fieldOrder":null,"fieldLength":null,"listOfValueId":null,"visibleByAgent":null,"visibleBySupervisor":null,"visibleByExternalSpecialist":null,"mandatoryForAgent":null,"mandatoryForSupervisor":null,"readonlyForAgent":null,"readonlyForSupervisor":null,"localisation":[{"label":"Description","value":"droit accès, effacement, opposition, limitation, rectification, cni, carte identité, passeport, justificatif","locale":"fr_FR"}]},{"name":"OrderTemplate","value":"","fieldType":"STRING","fieldOrder":null,"fieldLength":null,"listOfValueId":null,"visibleByAgent":null,"visibleBySupervisor":null,"visibleByExternalSpecialist":null,"mandatoryForAgent":null,"mandatoryForSupervisor":null,"readonlyForAgent":null,"readonlyForSupervisor":null,"localisation":[{"label":"Ordre d'affichage","value":"","locale":"fr_FR"}]}],"hits":[],"ranks":[{"locale":"fr_FR","rank":1.3,"count":20}],"contacts":{"uri":"/selfcnil/api/configuration/site/document/1434/contacts"},"relatedDocuments":{"uri":"/selfcnil/api/configuration/site/document/1434/relatedDocuments"},"attachments":{"uri":"/selfcnil/api/configuration/site/document/1434/attachments"},"path":[{"id":"12","uri":"/selfcnil/api/configuration/site/documentGroup/12"},{"id":"49","uri":"/selfcnil/api/configuration/site/documentGroup/49"},{"id":"63","uri":"/selfcnil/api/configuration/site/documentGroup/63"}],"parentGroup":{"id":"63","uri":"/selfcnil/api/configuration/site/documentGroup/63"},"publicationStatus":"None"}