{"id":"1434","uri":"/selfcnil/api/configuration/site/document/1434/content","contents":[{"locale":"fr_FR","content":"<p style=\"text-align: justify;\"><strong><span style=\"color:#2179c4;\">En principe, non !</span></strong> &nbsp;Il suffit que le demandeur \"justifie&nbsp;de son identité\".</p>\r\n\r\n<p style=\"text-align: justify;\"><strong><span style=\"color:#2179c4;\">Comment estimer que le demandeur a \"justifié de son identité\"&nbsp;?</span></strong> Par exemple, lorsqu'il a :</p>\r\n\r\n<ul>\r\n\t<li style=\"text-align: justify;\">Communiqué son numéro de client ou d'abonnement en plus de son identité et de son adresse.</li>\r\n\t<li style=\"text-align: justify;\">Exercé ses droits à partir d'un compte en ligne sur lequel il s'est préalablement authentifié (identifiant et mot de passe).</li>\r\n</ul>\r\n\r\n<p style=\"text-align: justify;\"><strong><span style=\"color:#2179c4;\">Exception : vous avez un \"doute raisonnable\"&nbsp;sur l'identité du demandeur.</span></strong><br />\r\nDans ce cas, vous pouvez lui demander de vous communiquer d'autres informations permettant de prouver son identité. Une copie de sa pièce d'identité peut alors s'avérer nécessaire.<br />\r\n<br />\r\n<strong><span style=\"color:#ff5122;\">En savoir plus :</span> </strong><a href=\"https://www.cnil.fr/fr/professionnels-comment-repondre-une-demande-de-droit-dacces\" target=\"_blank\">Comment répondre à une demande de droit d'accès</a></p>\r\n","format":"text/html"}]}