{"id":"1436","uri":"/selfcnil/api/configuration/site/document/1436","names":[{"name":"Exercice du droit d'accès : c'est gratuit ?","locale":"fr_FR"}],"metadata":[],"content":{"uri":"/selfcnil/api/configuration/site/document/1436/content"},"creator":{"uri":"/selfcnil/api/configuration/site/document/1436/creator"},"creationDate":1536853564000,"lastModifier":{"uri":"/selfcnil/api/configuration/site/document/1436/lastModifier"},"lastModificationDate":1536853917000,"fields":[{"name":"Description","value":null,"fieldType":"TEXT","fieldOrder":null,"fieldLength":null,"listOfValueId":null,"visibleByAgent":null,"visibleBySupervisor":null,"visibleByExternalSpecialist":null,"mandatoryForAgent":null,"mandatoryForSupervisor":null,"readonlyForAgent":null,"readonlyForSupervisor":null,"localisation":[{"label":"Description","value":"droit accès, effacement, opposition, limitation, rectification, cni, carte identité, passeport, gratuit, combien, coût, paiement","locale":"fr_FR"}]},{"name":"OrderTemplate","value":"","fieldType":"STRING","fieldOrder":null,"fieldLength":null,"listOfValueId":null,"visibleByAgent":null,"visibleBySupervisor":null,"visibleByExternalSpecialist":null,"mandatoryForAgent":null,"mandatoryForSupervisor":null,"readonlyForAgent":null,"readonlyForSupervisor":null,"localisation":[{"label":"Ordre d'affichage","value":"","locale":"fr_FR"}]}],"hits":[],"ranks":[{"locale":"fr_FR","rank":1.125,"count":8}],"contacts":{"uri":"/selfcnil/api/configuration/site/document/1436/contacts"},"relatedDocuments":{"uri":"/selfcnil/api/configuration/site/document/1436/relatedDocuments"},"attachments":{"uri":"/selfcnil/api/configuration/site/document/1436/attachments"},"path":[{"id":"12","uri":"/selfcnil/api/configuration/site/documentGroup/12"},{"id":"65","uri":"/selfcnil/api/configuration/site/documentGroup/65"},{"id":"73","uri":"/selfcnil/api/configuration/site/documentGroup/73"}],"parentGroup":{"id":"73","uri":"/selfcnil/api/configuration/site/documentGroup/73"},"publicationStatus":"None"}