{"id":"1436","uri":"/selfcnil/api/configuration/site/document/1436/content","contents":[{"locale":"fr_FR","content":"<p style=\"text-align: justify;\"><strong><span style=\"color:#2179c4;\">Oui !</span></strong><br />\r\nLe responsable du fichier doit vous fournir <strong>gratuitement</strong> la copie des données vous concernant.&nbsp;</p>\r\n\r\n<p style=\"text-align: justify;\"><strong><span style=\"color:#ff5122;\">Attention !</span></strong><br />\r\nSi vous souhaitez une <strong>copie supplémentaire</strong>, il peut vous être demandé le paiement de <strong>\"frais raisonnables\"</strong>, en principe le coût de reproduction.<br />\r\n<br />\r\n<strong><span style=\"color:#ff5122;\">En savoir plus :</span></strong></p>\r\n\r\n<ul>\r\n\t<li><a href=\"https://www.cnil.fr/fr/professionnels-comment-repondre-une-demande-de-droit-dacces\">Comment répondre à une demande de droit d'accès ?</a></li>\r\n\t<li><a href=\"https://www.cnil.fr/modeles/courrier\" target=\"_blank\">Modèles de courriers pour exercer vos droits</a></li>\r\n</ul>\r\n","format":"text/html"}]}