{"id":"1440","uri":"/selfcnil/api/configuration/site/document/1440/content","contents":[{"locale":"fr_FR","content":"<p><strong><span style=\"color:#2179c4;\">Non !&nbsp;</span></strong><br />\r\nLes élèves&nbsp;n'ont plus le droit d'utiliser un&nbsp;smartphone à l'intérieur des&nbsp;écoles maternelles et&nbsp;élémentaires et&nbsp;des&nbsp;collèges (sauf cas particulier).<br />\r\n<br />\r\nCette interdiction s'applique aussi&nbsp;à une montre connectée si elle a les mêmes capacités de communication qu'un smartphone (ex. carte SIM, connexion à un réseau WiFi,<br />\r\netc.). &nbsp;<br />\r\n<br />\r\n<strong><span style=\"color:#ff5122;\">En savoir plus</span></strong> :&nbsp;<a href=\"https://www.cnil.fr/fr/montres-connectees-pour-enfants-quels-enjeux-pour-leur-vie-privee\" target=\"_blank\">Montres connectées pour enfants : quels enjeux pour leur vie privée ?</a></p>\r\n","format":"text/html"}]}