{"id":"1440","uri":"/selfcnil/api/configuration/site/document/1440","names":[{"name":"Mon enfant peut-il aller à l'école avec une montre connectée ?","locale":"fr_FR"}],"metadata":[],"content":{"uri":"/selfcnil/api/configuration/site/document/1440/content"},"creator":{"uri":"/selfcnil/api/configuration/site/document/1440/creator"},"creationDate":1537969603000,"lastModifier":{"uri":"/selfcnil/api/configuration/site/document/1440/lastModifier"},"lastModificationDate":1537970539000,"fields":[{"name":"Description","value":null,"fieldType":"TEXT","fieldOrder":null,"fieldLength":null,"listOfValueId":null,"visibleByAgent":null,"visibleBySupervisor":null,"visibleByExternalSpecialist":null,"mandatoryForAgent":null,"mandatoryForSupervisor":null,"readonlyForAgent":null,"readonlyForSupervisor":null,"localisation":[{"label":"Description","value":"","locale":"fr_FR"}]},{"name":"OrderTemplate","value":"","fieldType":"STRING","fieldOrder":null,"fieldLength":null,"listOfValueId":null,"visibleByAgent":null,"visibleBySupervisor":null,"visibleByExternalSpecialist":null,"mandatoryForAgent":null,"mandatoryForSupervisor":null,"readonlyForAgent":null,"readonlyForSupervisor":null,"localisation":[{"label":"Ordre d'affichage","value":"","locale":"fr_FR"}]}],"hits":[],"ranks":[{"locale":"fr_FR","rank":2.0,"count":2}],"contacts":{"uri":"/selfcnil/api/configuration/site/document/1440/contacts"},"relatedDocuments":{"uri":"/selfcnil/api/configuration/site/document/1440/relatedDocuments"},"attachments":{"uri":"/selfcnil/api/configuration/site/document/1440/attachments"},"path":[{"id":"12","uri":"/selfcnil/api/configuration/site/documentGroup/12"},{"id":"65","uri":"/selfcnil/api/configuration/site/documentGroup/65"},{"id":"73","uri":"/selfcnil/api/configuration/site/documentGroup/73"}],"parentGroup":{"id":"73","uri":"/selfcnil/api/configuration/site/documentGroup/73"},"publicationStatus":"None"}