{"id":"1466","uri":"/selfcnil/api/configuration/site/document/1466","names":[{"name":"Mon employeur me demande d'utiliser mon smartphone pour mon activité professionnelle, puis-je refuser ?","locale":"fr_FR"}],"metadata":[],"content":{"uri":"/selfcnil/api/configuration/site/document/1466/content"},"creator":{"uri":"/selfcnil/api/configuration/site/document/1466/creator"},"creationDate":1550681843000,"lastModifier":{"uri":"/selfcnil/api/configuration/site/document/1466/lastModifier"},"lastModificationDate":1550761483000,"fields":[{"name":"Description","value":null,"fieldType":"TEXT","fieldOrder":null,"fieldLength":null,"listOfValueId":null,"visibleByAgent":null,"visibleBySupervisor":null,"visibleByExternalSpecialist":null,"mandatoryForAgent":null,"mandatoryForSupervisor":null,"readonlyForAgent":null,"readonlyForSupervisor":null,"localisation":[{"label":"Description","value":"","locale":"fr_FR"}]},{"name":"OrderTemplate","value":"","fieldType":"STRING","fieldOrder":null,"fieldLength":null,"listOfValueId":null,"visibleByAgent":null,"visibleBySupervisor":null,"visibleByExternalSpecialist":null,"mandatoryForAgent":null,"mandatoryForSupervisor":null,"readonlyForAgent":null,"readonlyForSupervisor":null,"localisation":[{"label":"Ordre d'affichage","value":"","locale":"fr_FR"}]}],"hits":[],"ranks":[{"locale":"fr_FR","rank":1.5555555555555556,"count":9}],"contacts":{"uri":"/selfcnil/api/configuration/site/document/1466/contacts"},"relatedDocuments":{"uri":"/selfcnil/api/configuration/site/document/1466/relatedDocuments"},"attachments":{"uri":"/selfcnil/api/configuration/site/document/1466/attachments"},"path":[{"id":"12","uri":"/selfcnil/api/configuration/site/documentGroup/12"},{"id":"65","uri":"/selfcnil/api/configuration/site/documentGroup/65"},{"id":"71","uri":"/selfcnil/api/configuration/site/documentGroup/71"}],"parentGroup":{"id":"71","uri":"/selfcnil/api/configuration/site/documentGroup/71"},"publicationStatus":"None"}