{"id":"147","uri":"/selfcnil/api/configuration/site/document/147","names":[{"name":"Le FICP (Fichier des incidents de remboursement des crédits), c'est quoi ?","locale":"fr_FR"}],"metadata":[{"locale":"fr_FR","name":"description","property":null,"content":"FICP, interdit de crédit, crédit, banque, Banque de France"}],"content":{"uri":"/selfcnil/api/configuration/site/document/147/content"},"creator":{"uri":"/selfcnil/api/configuration/site/document/147/creator"},"creationDate":1424790238000,"lastModifier":{"uri":"/selfcnil/api/configuration/site/document/147/lastModifier"},"lastModificationDate":1557398625000,"fields":[{"name":"Description","value":null,"fieldType":"TEXT","fieldOrder":null,"fieldLength":null,"listOfValueId":null,"visibleByAgent":null,"visibleBySupervisor":null,"visibleByExternalSpecialist":null,"mandatoryForAgent":null,"mandatoryForSupervisor":null,"readonlyForAgent":null,"readonlyForSupervisor":null,"localisation":[{"label":"Description","value":"FICP, interdit de crédit, crédit, banque, Banque de France","locale":"fr_FR"}]},{"name":"OrderTemplate","value":"","fieldType":"STRING","fieldOrder":null,"fieldLength":null,"listOfValueId":null,"visibleByAgent":null,"visibleBySupervisor":null,"visibleByExternalSpecialist":null,"mandatoryForAgent":null,"mandatoryForSupervisor":null,"readonlyForAgent":null,"readonlyForSupervisor":null,"localisation":[{"label":"Ordre d'affichage","value":"","locale":"fr_FR"}]}],"hits":[{"locale":"fr_FR","hits":207}],"ranks":[{"locale":"fr_FR","rank":1.5523809523809524,"count":105}],"contacts":{"uri":"/selfcnil/api/configuration/site/document/147/contacts"},"relatedDocuments":{"uri":"/selfcnil/api/configuration/site/document/147/relatedDocuments"},"attachments":{"uri":"/selfcnil/api/configuration/site/document/147/attachments"},"path":[{"id":"12","uri":"/selfcnil/api/configuration/site/documentGroup/12"},{"id":"65","uri":"/selfcnil/api/configuration/site/documentGroup/65"},{"id":"84","uri":"/selfcnil/api/configuration/site/documentGroup/84"}],"parentGroup":{"id":"84","uri":"/selfcnil/api/configuration/site/documentGroup/84"},"publicationStatus":"None"}