{"id":"147","uri":"/selfcnil/api/configuration/site/document/147/content","contents":[{"locale":"fr_FR","content":"Le FICP a été créé par la loi. Il est géré par la Banque de France. Son but est de <span style=\"color:#2179c4;\"><strong>prévenir les situations de surendettement</strong></span>.<br />\r\n<br />\r\nLe FICP recense :&nbsp;\r\n<ul>\r\n\t<li>Les incidents concernant les<span style=\"color:#2179c4;\"><strong> remboursements de crédits des particuliers</strong></span>. Ce sont les établissements eux-mêmes qui signalent directement ces incidents à la Banque de France.</li>\r\n\t<li>Les situations de <span style=\"color:#2179c4;\"><strong>surendettement</strong></span>, communiquées à la Banque de France par les commissions départementales de surendettement.</li>\r\n</ul>\r\nCe fichier est consulté par les banques et les établissements de prêts avant d'accorder un crédit ou un moyen de paiement (carte bancaire, chéquiers).<br />\r\n<br />\r\n<span style=\"color: rgb(255, 81, 34);\"><strong>En savoir plus</strong></span> : <a href=\"https://www.cnil.fr/fr/ficp-fichier-national-des-incidents-de-remboursement-des-credits-aux-particuliers\" target=\"_blank\">FICP Fichier en fiche&nbsp;</a><br />\r\n&nbsp;\r\n<p>&nbsp;</p>\r\n","format":"text/html"}]}