{"id":"1487","uri":"/selfcnil/api/configuration/site/document/1487/content","contents":[{"locale":"fr_FR","content":"<span style=\"color:#2179c4;\"><strong>Non !</strong></span>\r\n<p>Un <strong>mot de passe</strong> ne doit <strong>jamais être communiqué</strong> à son utilisateur <strong>en clair</strong>&nbsp;(par courrier électronique ou par courrier postal). Une telle communication constituerait un manquement à l'obligation de sécurité des données personnelles.<br />\r\n<br />\r\n<span style=\"color:#ff5122;\"><strong>En savoir plus :</strong></span></p>\r\n\r\n<ul>\r\n\t<li><a href=\"https://www.cnil.fr/fr/authentification-par-mot-de-passe-les-mesures-de-securite-elementaires\" target=\"_blank\">Authentification par mot de passe : les mesures de sécurité élémentaires</a></li>\r\n\t<li><a href=\"https://www.legifrance.gouv.fr/affichCnil.do?oldAction=rechExpCnil&amp;id=CNILTEXT000033929210&amp;fastReqId=725252045&amp;fastPos=2\" target=\"_blank\">Délibération n° 2017-012 du 19 janvier 2017</a></li>\r\n</ul>\r\n","format":"text/html"}]}