{"id":"1487","uri":"/selfcnil/api/configuration/site/document/1487","names":[{"name":"Mon syndic de copropriété peut-il m'envoyer, par courrier électronique ou postal, avec mes appels de charges, mes identifiant et mot de passe de connexion à l'extranet de copropriété?","locale":"fr_FR"}],"metadata":[],"content":{"uri":"/selfcnil/api/configuration/site/document/1487/content"},"creator":{"uri":"/selfcnil/api/configuration/site/document/1487/creator"},"creationDate":1559031024000,"lastModifier":{"uri":"/selfcnil/api/configuration/site/document/1487/lastModifier"},"lastModificationDate":1559035365000,"fields":[{"name":"Description","value":null,"fieldType":"TEXT","fieldOrder":null,"fieldLength":null,"listOfValueId":null,"visibleByAgent":null,"visibleBySupervisor":null,"visibleByExternalSpecialist":null,"mandatoryForAgent":null,"mandatoryForSupervisor":null,"readonlyForAgent":null,"readonlyForSupervisor":null,"localisation":[{"label":"Description","value":"compte en ligne, extranet, syndic copropriété, mot de passe mdp, identifiant, clair, non sécurisé","locale":"fr_FR"}]},{"name":"OrderTemplate","value":"","fieldType":"STRING","fieldOrder":null,"fieldLength":null,"listOfValueId":null,"visibleByAgent":null,"visibleBySupervisor":null,"visibleByExternalSpecialist":null,"mandatoryForAgent":null,"mandatoryForSupervisor":null,"readonlyForAgent":null,"readonlyForSupervisor":null,"localisation":[{"label":"Ordre d'affichage","value":"","locale":"fr_FR"}]}],"hits":[],"ranks":[{"locale":"fr_FR","rank":1.6666666666666667,"count":12}],"contacts":{"uri":"/selfcnil/api/configuration/site/document/1487/contacts"},"relatedDocuments":{"uri":"/selfcnil/api/configuration/site/document/1487/relatedDocuments"},"attachments":{"uri":"/selfcnil/api/configuration/site/document/1487/attachments"},"path":[{"id":"12","uri":"/selfcnil/api/configuration/site/documentGroup/12"},{"id":"65","uri":"/selfcnil/api/configuration/site/documentGroup/65"},{"id":"73","uri":"/selfcnil/api/configuration/site/documentGroup/73"}],"parentGroup":{"id":"73","uri":"/selfcnil/api/configuration/site/documentGroup/73"},"publicationStatus":"None"}