{"id":"1488","uri":"/selfcnil/api/configuration/site/document/1488","names":[{"name":"Accès à l'extranet de la copropriété : peut-on envoyer aux copropriétaires leurs identifiant et mot de passe par courrier postal ou électronique ?","locale":"fr_FR"}],"metadata":[],"content":{"uri":"/selfcnil/api/configuration/site/document/1488/content"},"creator":{"uri":"/selfcnil/api/configuration/site/document/1488/creator"},"creationDate":1559035015000,"lastModifier":{"uri":"/selfcnil/api/configuration/site/document/1488/lastModifier"},"lastModificationDate":1559035495000,"fields":[{"name":"Description","value":null,"fieldType":"TEXT","fieldOrder":null,"fieldLength":null,"listOfValueId":null,"visibleByAgent":null,"visibleBySupervisor":null,"visibleByExternalSpecialist":null,"mandatoryForAgent":null,"mandatoryForSupervisor":null,"readonlyForAgent":null,"readonlyForSupervisor":null,"localisation":[{"label":"Description","value":"compte en ligne, extranet, syndic copropriété, mot de passe mdp, identifiant, clair, non sécurisé","locale":"fr_FR"}]},{"name":"OrderTemplate","value":"","fieldType":"STRING","fieldOrder":null,"fieldLength":null,"listOfValueId":null,"visibleByAgent":null,"visibleBySupervisor":null,"visibleByExternalSpecialist":null,"mandatoryForAgent":null,"mandatoryForSupervisor":null,"readonlyForAgent":null,"readonlyForSupervisor":null,"localisation":[{"label":"Ordre d'affichage","value":"","locale":"fr_FR"}]}],"hits":[],"ranks":[{"locale":"fr_FR","rank":1.5,"count":6}],"contacts":{"uri":"/selfcnil/api/configuration/site/document/1488/contacts"},"relatedDocuments":{"uri":"/selfcnil/api/configuration/site/document/1488/relatedDocuments"},"attachments":{"uri":"/selfcnil/api/configuration/site/document/1488/attachments"},"path":[{"id":"12","uri":"/selfcnil/api/configuration/site/documentGroup/12"},{"id":"49","uri":"/selfcnil/api/configuration/site/documentGroup/49"},{"id":"63","uri":"/selfcnil/api/configuration/site/documentGroup/63"}],"parentGroup":{"id":"63","uri":"/selfcnil/api/configuration/site/documentGroup/63"},"publicationStatus":"None"}