{"id":"148","uri":"/selfcnil/api/configuration/site/document/148/content","contents":[{"locale":"fr_FR","content":"Cela dépend du motif de votre inscription :&nbsp;\r\n<ul>\r\n\t<li><span style=\"color:#2179c4;\"><strong>Incident de paiement</strong></span> :&nbsp;\r\n\t<ul>\r\n\t\t<li>si vous remboursez intégralement les sommes dues, l'établissement de crédit doit en informer la Banque de France dans un délai de 4 jours afin qu'elle supprime votre inscription du FICP ;</li>\r\n\t\t<li>si vous ne régularisez pas votre situation, votre inscription est maintenue au maximum <span style=\"color:#2179c4;\"><strong>5 ans</strong></span> à compter de la déclaration de l'incident.</li>\r\n\t</ul>\r\n\t</li>\r\n</ul>\r\n\r\n<ul>\r\n\t<li><span style=\"color:#2179c4;\"><strong>Situation de surendettement</strong></span> :&nbsp;\r\n\r\n\t<ul>\r\n\t\t<li>l'inscription des dossiers de surendettement en cours d'instruction est conservée dans le FICP pour <span style=\"color:#2179c4;\"><strong>36 mois</strong></span>.&nbsp;Cette&nbsp;durée peut être prolongée d'un an par les commissions de surendettement&nbsp;;&nbsp;</li>\r\n\t\t<li>les mesures concernant un <span style=\"color:#2179c4;\"><strong>plan conventionnel</strong></span> de redressement sont conservées pendant toute la durée d'exécution de ce plan, et au <span style=\"color:#2179c4;\"><strong>maximum sept ans</strong></span> ;&nbsp;</li>\r\n\t\t<li>les décisions du juge relatives à la clôture de la procédure de <span style=\"color:#2179c4;\"><strong>rétablissement personnel</strong></span> sont maintenues pendant une période de <span style=\"color:#2179c4;\"><strong>cinq ans</strong></span> ;</li>\r\n\t\t<li>si vous avez réglé intégralement les dettes figurant dans le plan ou le jugement de surendettement, vous devez être radié du FICP.&nbsp;</li>\r\n\t</ul>\r\n\t</li>\r\n</ul>\r\n<br />\r\nSi vous êtes toujours&nbsp;dans le FICP après ces délais, vous pouvez&nbsp;:&nbsp;\r\n<ul>\r\n\t<li><a href=\"https://www.cnil.fr/plainte/banque-et-credit/vous-voulez-savoir-si-vous-etes-inscrit-au-ficp-ou-contester-votre\" target=\"_blank\">adresser une plainte à la CNIL</a> &nbsp;</li>\r\n\t<li>porter plainte auprès des services de police, de gendarmerie ou du procureur de la République.</li>\r\n</ul>\r\n","format":"text/html"}]}