{"id":"149","uri":"/selfcnil/api/configuration/site/document/149","names":[{"name":"Comment savoir qui m'a fiché au FICP (Fichier des incidents de remboursement des crédits) ?","locale":"fr_FR"}],"metadata":[{"locale":"fr_FR","name":"description","property":null,"content":"FICP, ficp, interdit de crédit, crédit, banque, Banque de France"}],"content":{"uri":"/selfcnil/api/configuration/site/document/149/content"},"creator":{"uri":"/selfcnil/api/configuration/site/document/149/creator"},"creationDate":1424790725000,"lastModifier":{"uri":"/selfcnil/api/configuration/site/document/149/lastModifier"},"lastModificationDate":1571308731000,"fields":[{"name":"Description","value":null,"fieldType":"TEXT","fieldOrder":null,"fieldLength":null,"listOfValueId":null,"visibleByAgent":null,"visibleBySupervisor":null,"visibleByExternalSpecialist":null,"mandatoryForAgent":null,"mandatoryForSupervisor":null,"readonlyForAgent":null,"readonlyForSupervisor":null,"localisation":[{"label":"Description","value":"FICP, ficp, interdit de crédit, crédit, banque, Banque de France","locale":"fr_FR"}]},{"name":"OrderTemplate","value":"","fieldType":"STRING","fieldOrder":null,"fieldLength":null,"listOfValueId":null,"visibleByAgent":null,"visibleBySupervisor":null,"visibleByExternalSpecialist":null,"mandatoryForAgent":null,"mandatoryForSupervisor":null,"readonlyForAgent":null,"readonlyForSupervisor":null,"localisation":[{"label":"Ordre d'affichage","value":"","locale":"fr_FR"}]}],"hits":[{"locale":"fr_FR","hits":351}],"ranks":[{"locale":"fr_FR","rank":1.7,"count":1250}],"contacts":{"uri":"/selfcnil/api/configuration/site/document/149/contacts"},"relatedDocuments":{"uri":"/selfcnil/api/configuration/site/document/149/relatedDocuments"},"attachments":{"uri":"/selfcnil/api/configuration/site/document/149/attachments"},"path":[{"id":"12","uri":"/selfcnil/api/configuration/site/documentGroup/12"},{"id":"65","uri":"/selfcnil/api/configuration/site/documentGroup/65"},{"id":"84","uri":"/selfcnil/api/configuration/site/documentGroup/84"}],"parentGroup":{"id":"84","uri":"/selfcnil/api/configuration/site/documentGroup/84"},"publicationStatus":"None"}