{"id":"149","uri":"/selfcnil/api/configuration/site/document/149/content","contents":[{"locale":"fr_FR","content":"C'est un établissement de crédit. Il doit vous <span style=\"color:#2179c4;\"><strong>informer par courrier</strong></span>&nbsp;de sa décision de vous inscrire au FICP, de la durée cette inscription et des moyens pour l'effacer.<br />\r\n&nbsp; &nbsp;<br />\r\nSi vous voulez vérifier si vous êtes inscrit au FICP et pour quel motif, vous pouvez :\r\n<ul>\r\n\t<li>Vous rendre, après avoir pris rendez-vous, dans un <a href=\"https://www.banque-france.fr/la-banque-de-france/organisation/implantations-de-la-banque.html\" target=\"_blank\">bureau de la Banque de France</a> muni d'une pièce d'identité.</li>\r\n\t<li>Adresser un courrier simple avec copie d'une pièce d'identité à un <a href=\"https://www.banque-france.fr/la-banque-de-france/organisation/implantations-de-la-banque.html\" target=\"_blank\">bureau de la Banque de France</a>.</li>\r\n\t<li>Adresser une demande par voie électronique via <a href=\"https://accueil.banque-france.fr/index.html#/accueil\" target=\"_blank\">votre espace en ligne sur le site de la Banque de France</a>, en joignant un courrier et une copie d'une pièce d'identité.</li>\r\n</ul>\r\nLa Banque de France vous remettra un document écrit détaillant vos inscriptions éventuelles ou faisant état d'une absence d'inscription au fichier ; ce document vous est strictement réservé.","format":"text/html"}]}