{"id":"150","uri":"/selfcnil/api/configuration/site/document/150","names":[{"name":"Pour quelle(s) raison(s) est-on inscrit au FCC (Fichier central des chèques) ?","locale":"fr_FR"}],"metadata":[{"locale":"fr_FR","name":"description","property":null,"content":"banque, chèque, carte bleue, CB, carte de crédit, retrait, Banque de France, impayé, interdit bancaire, crédit"}],"content":{"uri":"/selfcnil/api/configuration/site/document/150/content"},"creator":{"uri":"/selfcnil/api/configuration/site/document/150/creator"},"creationDate":1424792096000,"lastModifier":{"uri":"/selfcnil/api/configuration/site/document/150/lastModifier"},"lastModificationDate":1477477484000,"fields":[{"name":"Description","value":null,"fieldType":"TEXT","fieldOrder":null,"fieldLength":null,"listOfValueId":null,"visibleByAgent":null,"visibleBySupervisor":null,"visibleByExternalSpecialist":null,"mandatoryForAgent":null,"mandatoryForSupervisor":null,"readonlyForAgent":null,"readonlyForSupervisor":null,"localisation":[{"label":"Description","value":"banque, chèque, carte bleue, CB, carte de crédit, retrait, Banque de France, impayé, interdit bancaire, crédit","locale":"fr_FR"}]},{"name":"OrderTemplate","value":"","fieldType":"STRING","fieldOrder":null,"fieldLength":null,"listOfValueId":null,"visibleByAgent":null,"visibleBySupervisor":null,"visibleByExternalSpecialist":null,"mandatoryForAgent":null,"mandatoryForSupervisor":null,"readonlyForAgent":null,"readonlyForSupervisor":null,"localisation":[{"label":"Ordre d'affichage","value":"","locale":"fr_FR"}]}],"hits":[{"locale":"fr_FR","hits":120}],"ranks":[{"locale":"fr_FR","rank":1.4691358024691359,"count":81}],"contacts":{"uri":"/selfcnil/api/configuration/site/document/150/contacts"},"relatedDocuments":{"uri":"/selfcnil/api/configuration/site/document/150/relatedDocuments"},"attachments":{"uri":"/selfcnil/api/configuration/site/document/150/attachments"},"path":[{"id":"12","uri":"/selfcnil/api/configuration/site/documentGroup/12"},{"id":"65","uri":"/selfcnil/api/configuration/site/documentGroup/65"},{"id":"84","uri":"/selfcnil/api/configuration/site/documentGroup/84"}],"parentGroup":{"id":"84","uri":"/selfcnil/api/configuration/site/documentGroup/84"},"publicationStatus":"None"}