{"id":"150","uri":"/selfcnil/api/configuration/site/document/150/content","contents":[{"locale":"fr_FR","content":"Il peut y avoir plusieurs explications à votre inscription au&nbsp;FCC :&nbsp;\r\n<ul>\r\n\t<li>le rejet de chèques impayés pour <span style=\"color:#2179c4;\"><strong>insuffisance de provision</strong></span> sur votre compte ;</li>\r\n\t<li>une mesure d'<span style=\"color:#2179c4;\"><strong>interdiction judiciaire d'émettre des chèques</strong></span>, prononcée par un&nbsp;tribunal ;</li>\r\n\t<li>une décision de <span style=\"color:#2179c4;\"><strong>retrait de carte bancaire</strong></span> \"CB\", prise par votre banque&nbsp;à la suite d'incidents de fonctionnement de votre compte.&nbsp;</li>\r\n</ul>\r\n<br />\r\nCe sont les établissements de crédit et les tribunaux qui informent directement la Banque de France des interdictions et retraits devant être enregistrés dans le FCC. La Banque de France est simplement destinataire de ces informations et n'est pas compétente pour en apprécier le bien-fondé. &nbsp;<br />\r\n<br />\r\n<strong><span style=\"color:#ff5122;\">A noter</span> :</strong> seuls les incidents liés aux cartes du Groupement des cartes bancaires \"CB\"&nbsp;peuvent être inscrits dans le FCC.&nbsp;Les incidents concernant d'autres cartes (carte de crédit de magasins, carte internationale, etc.) ne figurent pas dans ce fichier.&nbsp;","format":"text/html"}]}