{"id":"1524","uri":"/selfcnil/api/configuration/site/document/1524/content","contents":[{"locale":"fr_FR","content":"<strong><span style=\"color:#2179c4;\">Oui</span></strong>.<br />\r\n<br />\r\nL'héritier d'une personne décédée peut demander la&nbsp;suppression du&nbsp;compte Facebook&nbsp;de cette personne.<br />\r\n<br />\r\nPour cela, il faut suivre la&nbsp;<a href=\"https://www.facebook.com/help/contact/228813257197480\" target=\"_blank\">procédure indiquée par Facebook </a>sur son site.<br />\r\n<br />\r\n<strong><span style=\"color:#ff5122;\">En savoir plus :</span></strong> <a href=\"https://www.cnil.fr/fr/la-loi-informatique-et-libertes#article85\" target=\"_blank\">article 85-II- 2°</a> de la loi du 6 janvier 1978 modifiée","format":"text/html"}]}