{"id":"1524","uri":"/selfcnil/api/configuration/site/document/1524","names":[{"name":"Facebook : un héritier peut-il faire supprimer le compte de la personne décédée ?","locale":"fr_FR"}],"metadata":[],"content":{"uri":"/selfcnil/api/configuration/site/document/1524/content"},"creator":{"uri":"/selfcnil/api/configuration/site/document/1524/creator"},"creationDate":1570550656000,"lastModifier":{"uri":"/selfcnil/api/configuration/site/document/1524/lastModifier"},"lastModificationDate":1570552560000,"fields":[{"name":"Description","value":null,"fieldType":"TEXT","fieldOrder":null,"fieldLength":null,"listOfValueId":null,"visibleByAgent":null,"visibleBySupervisor":null,"visibleByExternalSpecialist":null,"mandatoryForAgent":null,"mandatoryForSupervisor":null,"readonlyForAgent":null,"readonlyForSupervisor":null,"localisation":[{"label":"Description","value":"","locale":"fr_FR"}]},{"name":"OrderTemplate","value":"","fieldType":"STRING","fieldOrder":null,"fieldLength":null,"listOfValueId":null,"visibleByAgent":null,"visibleBySupervisor":null,"visibleByExternalSpecialist":null,"mandatoryForAgent":null,"mandatoryForSupervisor":null,"readonlyForAgent":null,"readonlyForSupervisor":null,"localisation":[{"label":"Ordre d'affichage","value":"","locale":"fr_FR"}]}],"hits":[],"ranks":[],"contacts":{"uri":"/selfcnil/api/configuration/site/document/1524/contacts"},"relatedDocuments":{"uri":"/selfcnil/api/configuration/site/document/1524/relatedDocuments"},"attachments":{"uri":"/selfcnil/api/configuration/site/document/1524/attachments"},"path":[{"id":"12","uri":"/selfcnil/api/configuration/site/documentGroup/12"},{"id":"65","uri":"/selfcnil/api/configuration/site/documentGroup/65"},{"id":"70","uri":"/selfcnil/api/configuration/site/documentGroup/70"}],"parentGroup":{"id":"70","uri":"/selfcnil/api/configuration/site/documentGroup/70"},"publicationStatus":"None"}