{"id":"1529","uri":"/selfcnil/api/configuration/site/document/1529","names":[{"name":"Sanctions : quelles sanctions peuvent être prononcées par la CNIL ?","locale":"fr_FR"}],"metadata":[],"content":{"uri":"/selfcnil/api/configuration/site/document/1529/content"},"creator":{"uri":"/selfcnil/api/configuration/site/document/1529/creator"},"creationDate":1572275108000,"lastModifier":{"uri":"/selfcnil/api/configuration/site/document/1529/lastModifier"},"lastModificationDate":1572283572000,"fields":[{"name":"Description","value":null,"fieldType":"TEXT","fieldOrder":null,"fieldLength":null,"listOfValueId":null,"visibleByAgent":null,"visibleBySupervisor":null,"visibleByExternalSpecialist":null,"mandatoryForAgent":null,"mandatoryForSupervisor":null,"readonlyForAgent":null,"readonlyForSupervisor":null,"localisation":[{"label":"Description","value":"","locale":"fr_FR"}]},{"name":"OrderTemplate","value":"","fieldType":"STRING","fieldOrder":null,"fieldLength":null,"listOfValueId":null,"visibleByAgent":null,"visibleBySupervisor":null,"visibleByExternalSpecialist":null,"mandatoryForAgent":null,"mandatoryForSupervisor":null,"readonlyForAgent":null,"readonlyForSupervisor":null,"localisation":[{"label":"Ordre d'affichage","value":"","locale":"fr_FR"}]}],"hits":[],"ranks":[],"contacts":{"uri":"/selfcnil/api/configuration/site/document/1529/contacts"},"relatedDocuments":{"uri":"/selfcnil/api/configuration/site/document/1529/relatedDocuments"},"attachments":{"uri":"/selfcnil/api/configuration/site/document/1529/attachments"},"path":[{"id":"12","uri":"/selfcnil/api/configuration/site/documentGroup/12"},{"id":"49","uri":"/selfcnil/api/configuration/site/documentGroup/49"},{"id":"63","uri":"/selfcnil/api/configuration/site/documentGroup/63"}],"parentGroup":{"id":"63","uri":"/selfcnil/api/configuration/site/documentGroup/63"},"publicationStatus":"None"}