{"id":"152","uri":"/selfcnil/api/configuration/site/document/152/content","contents":[{"locale":"fr_FR","content":"<ul>\r\n\t<li>Si votre inscription est liée à un chèque impayé, vous devez régulariser votre situation. Vous disposez de trois moyens :\r\n\t<ul>\r\n\t\t<li><span style=\"color:#2179c4;\"><strong>le règlement du chèque</strong></span> sans provision directement au créancier, par exemple, en espèces. En contrepartie, celui-ci doit vous remettre une attestation de régularisation ainsi que le chèque impayé à restituer à la banque ;</li>\r\n\t\t<li><span style=\"color:#2179c4;\"><strong>une nouvelle présentation du chèque</strong></span>&nbsp;si votre compte est approvisionné. Vous devez alors signaler cette régularisation à votre banque avec un relevé de compte attestant du débit ;&nbsp;</li>\r\n\t\t<li><strong><span style=\"color:#2179c4;\">la constitution d'une provision</span></strong> bloquée pendant un an, destinée au règlement du chèque impayé.</li>\r\n\t</ul>\r\n\t</li>\r\n</ul>\r\n&nbsp;\r\n\r\n<ul>\r\n\t<li>Si votre inscription est liée à un retrait de carte bancaire, vous pouvez demander à votre banque de faire supprimer votre inscription <span style=\"color:#2179c4;\"><strong>dès que votre compte redevient créditeur</strong></span>.&nbsp;</li>\r\n</ul>\r\n<br />\r\nDans les deux cas, votre banque doit demander à la Banque de France votre radiation du FCC au plus tard le deuxième jour ouvré à compter du constat de la régularisation.","format":"text/html"}]}