{"id":"153","uri":"/selfcnil/api/configuration/site/document/153","names":[{"name":"FICOBA (Fichier national des comptes bancaires et assimilés) : les héritiers peuvent-ils identifier les comptes bancaires d'un parent décédé ?","locale":"fr_FR"}],"metadata":[{"locale":"fr_FR","name":"description","property":null,"content":"Ficoba, succession, compte bancaire, héritiers, impôts, droit d'accès, décédé, décès, dcd"}],"content":{"uri":"/selfcnil/api/configuration/site/document/153/content"},"creator":{"uri":"/selfcnil/api/configuration/site/document/153/creator"},"creationDate":1424796648000,"lastModifier":{"uri":"/selfcnil/api/configuration/site/document/153/lastModifier"},"lastModificationDate":1504537490000,"fields":[{"name":"Description","value":null,"fieldType":"TEXT","fieldOrder":null,"fieldLength":null,"listOfValueId":null,"visibleByAgent":null,"visibleBySupervisor":null,"visibleByExternalSpecialist":null,"mandatoryForAgent":null,"mandatoryForSupervisor":null,"readonlyForAgent":null,"readonlyForSupervisor":null,"localisation":[{"label":"Description","value":"Ficoba, succession, compte bancaire, héritiers, impôts, droit d'accès, décédé, décès, dcd","locale":"fr_FR"}]},{"name":"OrderTemplate","value":"","fieldType":"STRING","fieldOrder":null,"fieldLength":null,"listOfValueId":null,"visibleByAgent":null,"visibleBySupervisor":null,"visibleByExternalSpecialist":null,"mandatoryForAgent":null,"mandatoryForSupervisor":null,"readonlyForAgent":null,"readonlyForSupervisor":null,"localisation":[{"label":"Ordre d'affichage","value":"","locale":"fr_FR"}]}],"hits":[{"locale":"fr_FR","hits":5000}],"ranks":[{"locale":"fr_FR","rank":1.5173611111111112,"count":288}],"contacts":{"uri":"/selfcnil/api/configuration/site/document/153/contacts"},"relatedDocuments":{"uri":"/selfcnil/api/configuration/site/document/153/relatedDocuments"},"attachments":{"uri":"/selfcnil/api/configuration/site/document/153/attachments"},"path":[{"id":"12","uri":"/selfcnil/api/configuration/site/documentGroup/12"},{"id":"65","uri":"/selfcnil/api/configuration/site/documentGroup/65"},{"id":"82","uri":"/selfcnil/api/configuration/site/documentGroup/82"}],"parentGroup":{"id":"82","uri":"/selfcnil/api/configuration/site/documentGroup/82"},"publicationStatus":"None"}