{"id":"1530","uri":"/selfcnil/api/configuration/site/document/1530/content","contents":[{"locale":"fr_FR","content":"<div>\r\n<p>Les sanctions sont <a href=\"https://www.cnil.fr/cnil-direct/question/qui-prononce-les-sanctions-la-cnil?visiteur=pro\" target=\"_blank\">prononcées</a> par la formation restreinte.</p>\r\n\r\n<p>La formation restreinte de la CNIL est composée de 5 membres et d'un Président distinct du Président de la CNIL.</p>\r\n\r\n<p>Ces 5 membres sont élus parmi le <a href=\"https://www.cnil.fr/fr/statut-et-organisation-de-la-cnil\" target=\"_blank\">Collège</a> de 18 membres qui compose la CNIL.</p>\r\n\r\n<div>\r\n<p><span style=\"color:#ff5122;\"><strong>En savoir plus :</strong></span> <a href=\"https://www.cnil.fr/fr/les-etapes-de-la-procedure-de-sanction\" target=\"_blank\">Les étapes de la procédure de sanction</a></p>\r\n</div>\r\n\r\n<p>&nbsp;</p>\r\n</div>\r\n","format":"text/html"}]}