{"id":"1531","uri":"/selfcnil/api/configuration/site/document/1531","names":[{"name":"Sanctions : quelles sont les étapes de la procédure de sanction à la CNIL ?","locale":"fr_FR"}],"metadata":[],"content":{"uri":"/selfcnil/api/configuration/site/document/1531/content"},"creator":{"uri":"/selfcnil/api/configuration/site/document/1531/creator"},"creationDate":1572278673000,"lastModifier":{"uri":"/selfcnil/api/configuration/site/document/1531/lastModifier"},"lastModificationDate":1572283847000,"fields":[{"name":"Description","value":null,"fieldType":"TEXT","fieldOrder":null,"fieldLength":null,"listOfValueId":null,"visibleByAgent":null,"visibleBySupervisor":null,"visibleByExternalSpecialist":null,"mandatoryForAgent":null,"mandatoryForSupervisor":null,"readonlyForAgent":null,"readonlyForSupervisor":null,"localisation":[{"label":"Description","value":"","locale":"fr_FR"}]},{"name":"OrderTemplate","value":"","fieldType":"STRING","fieldOrder":null,"fieldLength":null,"listOfValueId":null,"visibleByAgent":null,"visibleBySupervisor":null,"visibleByExternalSpecialist":null,"mandatoryForAgent":null,"mandatoryForSupervisor":null,"readonlyForAgent":null,"readonlyForSupervisor":null,"localisation":[{"label":"Ordre d'affichage","value":"","locale":"fr_FR"}]}],"hits":[],"ranks":[{"locale":"fr_FR","rank":2.0,"count":1}],"contacts":{"uri":"/selfcnil/api/configuration/site/document/1531/contacts"},"relatedDocuments":{"uri":"/selfcnil/api/configuration/site/document/1531/relatedDocuments"},"attachments":{"uri":"/selfcnil/api/configuration/site/document/1531/attachments"},"path":[{"id":"12","uri":"/selfcnil/api/configuration/site/documentGroup/12"},{"id":"49","uri":"/selfcnil/api/configuration/site/documentGroup/49"},{"id":"63","uri":"/selfcnil/api/configuration/site/documentGroup/63"}],"parentGroup":{"id":"63","uri":"/selfcnil/api/configuration/site/documentGroup/63"},"publicationStatus":"None"}