{"id":"1532","uri":"/selfcnil/api/configuration/site/document/1532","names":[{"name":"Sanctions : j'ai subi un préjudice, est-ce que la CNIL peut m'octroyer des dommages et intérêts ?","locale":"fr_FR"}],"metadata":[],"content":{"uri":"/selfcnil/api/configuration/site/document/1532/content"},"creator":{"uri":"/selfcnil/api/configuration/site/document/1532/creator"},"creationDate":1572279092000,"lastModifier":{"uri":"/selfcnil/api/configuration/site/document/1532/lastModifier"},"lastModificationDate":1572279233000,"fields":[{"name":"Description","value":null,"fieldType":"TEXT","fieldOrder":null,"fieldLength":null,"listOfValueId":null,"visibleByAgent":null,"visibleBySupervisor":null,"visibleByExternalSpecialist":null,"mandatoryForAgent":null,"mandatoryForSupervisor":null,"readonlyForAgent":null,"readonlyForSupervisor":null,"localisation":[{"label":"Description","value":"","locale":"fr_FR"}]},{"name":"OrderTemplate","value":"","fieldType":"STRING","fieldOrder":null,"fieldLength":null,"listOfValueId":null,"visibleByAgent":null,"visibleBySupervisor":null,"visibleByExternalSpecialist":null,"mandatoryForAgent":null,"mandatoryForSupervisor":null,"readonlyForAgent":null,"readonlyForSupervisor":null,"localisation":[{"label":"Ordre d'affichage","value":"","locale":"fr_FR"}]}],"hits":[],"ranks":[],"contacts":{"uri":"/selfcnil/api/configuration/site/document/1532/contacts"},"relatedDocuments":{"uri":"/selfcnil/api/configuration/site/document/1532/relatedDocuments"},"attachments":{"uri":"/selfcnil/api/configuration/site/document/1532/attachments"},"path":[{"id":"12","uri":"/selfcnil/api/configuration/site/documentGroup/12"},{"id":"49","uri":"/selfcnil/api/configuration/site/documentGroup/49"},{"id":"63","uri":"/selfcnil/api/configuration/site/documentGroup/63"}],"parentGroup":{"id":"63","uri":"/selfcnil/api/configuration/site/documentGroup/63"},"publicationStatus":"None"}