{"id":"1532","uri":"/selfcnil/api/configuration/site/document/1532/content","contents":[{"locale":"fr_FR","content":"<div>\r\n<p><strong><span style=\"color:#2179c4;\">Non.</span></strong></p>\r\n\r\n<p>Seul le juge peut condamner le responsable d'un fichier à indemniser un préjudice, s'il est prouvé que celui-ci a commis une faute.&nbsp;&nbsp;</p>\r\n\r\n<p><strong><span style=\"color:#ff5122;\">En savoir plus :</span></strong> <a href=\"https://www.cnil.fr/fr/les-etapes-de-la-procedure-de-sanction\" target=\"_blank\">Les étapes de la procédure de sanction</a></p>\r\n</div>\r\n","format":"text/html"}]}