{"id":"1533","uri":"/selfcnil/api/configuration/site/document/1533","names":[{"name":"Sanctions : est-il obligatoire d'avoir un avocat pendant la procédure ?","locale":"fr_FR"}],"metadata":[],"content":{"uri":"/selfcnil/api/configuration/site/document/1533/content"},"creator":{"uri":"/selfcnil/api/configuration/site/document/1533/creator"},"creationDate":1572279303000,"lastModifier":{"uri":"/selfcnil/api/configuration/site/document/1533/lastModifier"},"lastModificationDate":1572284048000,"fields":[{"name":"Description","value":null,"fieldType":"TEXT","fieldOrder":null,"fieldLength":null,"listOfValueId":null,"visibleByAgent":null,"visibleBySupervisor":null,"visibleByExternalSpecialist":null,"mandatoryForAgent":null,"mandatoryForSupervisor":null,"readonlyForAgent":null,"readonlyForSupervisor":null,"localisation":[{"label":"Description","value":"","locale":"fr_FR"}]},{"name":"OrderTemplate","value":"","fieldType":"STRING","fieldOrder":null,"fieldLength":null,"listOfValueId":null,"visibleByAgent":null,"visibleBySupervisor":null,"visibleByExternalSpecialist":null,"mandatoryForAgent":null,"mandatoryForSupervisor":null,"readonlyForAgent":null,"readonlyForSupervisor":null,"localisation":[{"label":"Ordre d'affichage","value":"","locale":"fr_FR"}]}],"hits":[],"ranks":[],"contacts":{"uri":"/selfcnil/api/configuration/site/document/1533/contacts"},"relatedDocuments":{"uri":"/selfcnil/api/configuration/site/document/1533/relatedDocuments"},"attachments":{"uri":"/selfcnil/api/configuration/site/document/1533/attachments"},"path":[{"id":"12","uri":"/selfcnil/api/configuration/site/documentGroup/12"},{"id":"49","uri":"/selfcnil/api/configuration/site/documentGroup/49"},{"id":"63","uri":"/selfcnil/api/configuration/site/documentGroup/63"}],"parentGroup":{"id":"63","uri":"/selfcnil/api/configuration/site/documentGroup/63"},"publicationStatus":"None"}