{"id":"1534","uri":"/selfcnil/api/configuration/site/document/1534","names":[{"name":"Sanctions : comment est fixé le montant de l'amende ?","locale":"fr_FR"}],"metadata":[],"content":{"uri":"/selfcnil/api/configuration/site/document/1534/content"},"creator":{"uri":"/selfcnil/api/configuration/site/document/1534/creator"},"creationDate":1572279649000,"lastModifier":{"uri":"/selfcnil/api/configuration/site/document/1534/lastModifier"},"lastModificationDate":1572284119000,"fields":[{"name":"Description","value":null,"fieldType":"TEXT","fieldOrder":null,"fieldLength":null,"listOfValueId":null,"visibleByAgent":null,"visibleBySupervisor":null,"visibleByExternalSpecialist":null,"mandatoryForAgent":null,"mandatoryForSupervisor":null,"readonlyForAgent":null,"readonlyForSupervisor":null,"localisation":[{"label":"Description","value":"","locale":"fr_FR"}]},{"name":"OrderTemplate","value":"","fieldType":"STRING","fieldOrder":null,"fieldLength":null,"listOfValueId":null,"visibleByAgent":null,"visibleBySupervisor":null,"visibleByExternalSpecialist":null,"mandatoryForAgent":null,"mandatoryForSupervisor":null,"readonlyForAgent":null,"readonlyForSupervisor":null,"localisation":[{"label":"Ordre d'affichage","value":"","locale":"fr_FR"}]}],"hits":[],"ranks":[{"locale":"fr_FR","rank":1.0,"count":2}],"contacts":{"uri":"/selfcnil/api/configuration/site/document/1534/contacts"},"relatedDocuments":{"uri":"/selfcnil/api/configuration/site/document/1534/relatedDocuments"},"attachments":{"uri":"/selfcnil/api/configuration/site/document/1534/attachments"},"path":[{"id":"12","uri":"/selfcnil/api/configuration/site/documentGroup/12"},{"id":"49","uri":"/selfcnil/api/configuration/site/documentGroup/49"},{"id":"63","uri":"/selfcnil/api/configuration/site/documentGroup/63"}],"parentGroup":{"id":"63","uri":"/selfcnil/api/configuration/site/documentGroup/63"},"publicationStatus":"None"}