{"id":"1535","uri":"/selfcnil/api/configuration/site/document/1535/content","contents":[{"locale":"fr_FR","content":"<p>La <a href=\"https://www.cnil.fr/cnil-direct/question/sanctions-quelles-sont-les-etapes-de-la-procedure-de-sanction-la-cnil?visiteur=pro\" target=\"_blank\">formation restreinte</a> de la CNIL peut ordonner au responsable du fichier de se mettre en conformité ou de satisfaire à la demande d'une personne relative à l'exercice d'un de ses droits.</p>\r\n\r\n<p><strong><span style=\"color:#ff5122;\">Attention !</span></strong> Cette injonction peut être assortie d'une astreinte de maximum 100 000 euros par jour de retard.</p>\r\n\r\n<p><strong><span style=\"color:#ff5122;\">En savoir plus :</span></strong> <a href=\"https://www.cnil.fr/fr/les-etapes-de-la-procedure-de-sanction\" target=\"_blank\">Les étapes de la procédure de sanction</a></p>\r\n","format":"text/html"}]}