{"id":"1536","uri":"/selfcnil/api/configuration/site/document/1536","names":[{"name":"Sanctions : qui décide de rendre publique une sanction prononcée par la CNIL ?","locale":"fr_FR"}],"metadata":[],"content":{"uri":"/selfcnil/api/configuration/site/document/1536/content"},"creator":{"uri":"/selfcnil/api/configuration/site/document/1536/creator"},"creationDate":1572280189000,"lastModifier":{"uri":"/selfcnil/api/configuration/site/document/1536/lastModifier"},"lastModificationDate":1572284242000,"fields":[{"name":"Description","value":null,"fieldType":"TEXT","fieldOrder":null,"fieldLength":null,"listOfValueId":null,"visibleByAgent":null,"visibleBySupervisor":null,"visibleByExternalSpecialist":null,"mandatoryForAgent":null,"mandatoryForSupervisor":null,"readonlyForAgent":null,"readonlyForSupervisor":null,"localisation":[{"label":"Description","value":"","locale":"fr_FR"}]},{"name":"OrderTemplate","value":"","fieldType":"STRING","fieldOrder":null,"fieldLength":null,"listOfValueId":null,"visibleByAgent":null,"visibleBySupervisor":null,"visibleByExternalSpecialist":null,"mandatoryForAgent":null,"mandatoryForSupervisor":null,"readonlyForAgent":null,"readonlyForSupervisor":null,"localisation":[{"label":"Ordre d'affichage","value":"","locale":"fr_FR"}]}],"hits":[],"ranks":[{"locale":"fr_FR","rank":1.0,"count":1}],"contacts":{"uri":"/selfcnil/api/configuration/site/document/1536/contacts"},"relatedDocuments":{"uri":"/selfcnil/api/configuration/site/document/1536/relatedDocuments"},"attachments":{"uri":"/selfcnil/api/configuration/site/document/1536/attachments"},"path":[{"id":"12","uri":"/selfcnil/api/configuration/site/documentGroup/12"},{"id":"49","uri":"/selfcnil/api/configuration/site/documentGroup/49"},{"id":"63","uri":"/selfcnil/api/configuration/site/documentGroup/63"}],"parentGroup":{"id":"63","uri":"/selfcnil/api/configuration/site/documentGroup/63"},"publicationStatus":"None"}