{"id":"1536","uri":"/selfcnil/api/configuration/site/document/1536/content","contents":[{"locale":"fr_FR","content":"<p>La <a href=\"https://www.cnil.fr/cnil-direct/question/sanctions-quelles-sont-les-etapes-de-la-procedure-de-sanction-la-cnil?visiteur=pro\" target=\"_blank\">formation restreinte</a> qui prononce la sanction, apprécie si elle doit être rendue publique ou non. Cette décision doit être motivée.</p>\r\n\r\n<p><strong><span style=\"color:#ff5122;\">En savoir plus :</span></strong> <a href=\"https://www.cnil.fr/fr/les-etapes-de-la-procedure-de-sanction\">Les étapes de la procédure de sanction</a></p>\r\n","format":"text/html"}]}