{"id":"1537","uri":"/selfcnil/api/configuration/site/document/1537/content","contents":[{"locale":"fr_FR","content":"<p><strong>La CNIL ne perçoit pas le montant des amendes</strong>, il est versé au budget général de l'État.&nbsp;</p>\r\n\r\n<p>Un titre de paiement est adressé à l'organisme concerné qui paye directement l'amende au ministère de l'économie et des Finances.</p>\r\n\r\n<p><strong><span style=\"color:#ff5122;\">A noter :</span></strong> L'amende doit être payée par l'organisme concerné même s'il envisage de faire un <a href=\"https://www.cnil.fr/cnil-direct/question/sanctions-quelles-sont-les-etapes-de-la-procedure-de-sanction-la-cnil?visiteur=pro\" target=\"_blank\">recours</a> devant le Conseil d'État.</p>\r\n\r\n<p><strong><span style=\"color:#ff5122;\">En savoir plus :</span></strong> <a href=\"https://www.cnil.fr/fr/les-etapes-de-la-procedure-de-sanction\" target=\"_blank\">Les étapes de la procédure de sanction</a></p>\r\n\r\n<div>\r\n<p>&nbsp;</p>\r\n</div>\r\n","format":"text/html"}]}