{"id":"1538","uri":"/selfcnil/api/configuration/site/document/1538/content","contents":[{"locale":"fr_FR","content":"<p><strong><span style=\"color:#2179c4;\">Oui.</span></strong><br />\r\nLes décisions adoptées par la <a href=\"https://www.cnil.fr/cnil-direct/question/sanctions-quelles-sont-les-etapes-de-la-procedure-de-sanction-la-cnil?visiteur=pro\" target=\"_blank\">formation restreinte</a> de la CNIL et celles de mise en demeure adoptées par le président, peuvent faire l'objet d'un recours devant le Conseil d'État, dans un délai de deux mois à compter de leur notification. Ce délai est porté à 4 mois dans le cas d'un organisme situé à l'étranger.</p>\r\n\r\n<p><strong><span style=\"color:#ff5122;\">En savoir plus :</span></strong> <a href=\"https://www.cnil.fr/fr/les-etapes-de-la-procedure-de-sanction\" target=\"_top\">Les étapes de la procédure de sanction</a></p>\r\n","format":"text/html"}]}