{"id":"1539","uri":"/selfcnil/api/configuration/site/document/1539/content","contents":[{"locale":"fr_FR","content":"<p>La CNIL peut faire de nouveaux contrôles auprès de cet organisme et engager une nouvelle procédure de sanction.</p>\r\n\r\n<p><span style=\"color:#ff5122;\"><strong>Attention !</strong></span> Le fait qu'un organisme n'ait pas cessé ses mauvaises pratiques malgré une sanction de la CNIL peut être retenu comme un facteur aggravant dans la <a href=\"https://www.cnil.fr/cnil-direct/question/sanctions-quelles-sont-les-etapes-de-la-procedure-de-sanction-la-cnil?visiteur=pro\" target=\"_blank\">détermination</a> du montant de la sanction.</p>\r\n\r\n<p><strong><span style=\"color:#ff5122;\">En savoir plus </span></strong>: <a href=\"https://www.cnil.fr/fr/les-etapes-de-la-procedure-de-sanction\" target=\"_blank\">Les étapes de la procédure de sanction</a></p>\r\n","format":"text/html"}]}