{"id":"154","uri":"/selfcnil/api/configuration/site/document/154","names":[{"name":"FICOBA (Fichier national des comptes bancaires et assimilés) : combien de temps sont conservées les informations ?","locale":"fr_FR"}],"metadata":[{"locale":"fr_FR","name":"description","property":null,"content":"Ficoba, compte bancaire, héritage, succession, administration fiscale, données FICOBA, fiché FICOBA"}],"content":{"uri":"/selfcnil/api/configuration/site/document/154/content"},"creator":{"uri":"/selfcnil/api/configuration/site/document/154/creator"},"creationDate":1424796752000,"lastModifier":{"uri":"/selfcnil/api/configuration/site/document/154/lastModifier"},"lastModificationDate":1466080966000,"fields":[{"name":"Description","value":null,"fieldType":"TEXT","fieldOrder":null,"fieldLength":null,"listOfValueId":null,"visibleByAgent":null,"visibleBySupervisor":null,"visibleByExternalSpecialist":null,"mandatoryForAgent":null,"mandatoryForSupervisor":null,"readonlyForAgent":null,"readonlyForSupervisor":null,"localisation":[{"label":"Description","value":"Ficoba, compte bancaire, héritage, succession, administration fiscale","locale":"fr_FR"}]},{"name":"OrderTemplate","value":"","fieldType":"STRING","fieldOrder":null,"fieldLength":null,"listOfValueId":null,"visibleByAgent":null,"visibleBySupervisor":null,"visibleByExternalSpecialist":null,"mandatoryForAgent":null,"mandatoryForSupervisor":null,"readonlyForAgent":null,"readonlyForSupervisor":null,"localisation":[{"label":"Ordre d'affichage","value":"","locale":"fr_FR"}]}],"hits":[{"locale":"fr_FR","hits":146}],"ranks":[{"locale":"fr_FR","rank":1.4805194805194806,"count":154}],"contacts":{"uri":"/selfcnil/api/configuration/site/document/154/contacts"},"relatedDocuments":{"uri":"/selfcnil/api/configuration/site/document/154/relatedDocuments"},"attachments":{"uri":"/selfcnil/api/configuration/site/document/154/attachments"},"path":[{"id":"12","uri":"/selfcnil/api/configuration/site/documentGroup/12"},{"id":"65","uri":"/selfcnil/api/configuration/site/documentGroup/65"},{"id":"82","uri":"/selfcnil/api/configuration/site/documentGroup/82"}],"parentGroup":{"id":"82","uri":"/selfcnil/api/configuration/site/documentGroup/82"},"publicationStatus":"None"}