{"id":"154","uri":"/selfcnil/api/configuration/site/document/154/content","contents":[{"locale":"fr_FR","content":"<span style=\"color: rgb(33, 121, 196);\"><strong>Depuis le 10 juillet 2014</strong></span>, les données sont conservées dans le Fichier des Comptes Bancaires (FICOBA) de l'administration fiscale dix ans après la clôture des comptes bancaires concernés.<br />\r\n<br />\r\nAvant cette date, les données étaient conservées trois ans. <span style=\"color: rgb(33, 121, 196);\"><strong>Les données concernant un compte clôturé avant le 9 juillet 2011 ne figurent donc plus dans FICOBA</strong>.</span>","format":"text/html"}]}