{"id":"155","uri":"/selfcnil/api/configuration/site/document/155/content","contents":[{"locale":"fr_FR","content":"<ul>\r\n\t<li>La consultation de l'ensemble du fichier est réservé aux <span style=\"color: rgb(33, 121, 196);\"><strong>personnes ou organismes habilités par la loi</strong></span>&nbsp;: autorités judiciaires, officiers de police judiciaire, direction des Finances publiques, direction des Douanes et droits indirects, huissiers de justice, notaires en charge d'une succession, organismes de sécurité sociale, organismes débiteurs de prestations familiales chargés de poursuivre le recouvrement des créances alimentaires impayées, etc.</li>\r\n\t<li>Les données du FICOBA peuvent également être communiquées par décision judiciaire aux personnes ou organismes chargés d'une mesure de tutelle ainsi qu'au juge judiciaire ou administratif saisit d'une action tendant à obtenir une condamnation pécuniaire (Par exemple, pour les litiges entre héritiers pour un partage successoral ou pour les litiges liés à un divorce (partage de communauté, fixation d'une pension alimentaire ou prestation compensatoire).</li>\r\n</ul>\r\n","format":"text/html"}]}