{"id":"156","uri":"/selfcnil/api/configuration/site/document/156","names":[{"name":"Qui peut consulter le FICP (Fichier des incidents de remboursement des crédits) ?","locale":"fr_FR"}],"metadata":[{"locale":"fr_FR","name":"description","property":null,"content":"FICP, interdit de crédit, crédit, banque, Banque de France, impayé"}],"content":{"uri":"/selfcnil/api/configuration/site/document/156/content"},"creator":{"uri":"/selfcnil/api/configuration/site/document/156/creator"},"creationDate":1424797032000,"lastModifier":{"uri":"/selfcnil/api/configuration/site/document/156/lastModifier"},"lastModificationDate":1477476097000,"fields":[{"name":"Description","value":null,"fieldType":"TEXT","fieldOrder":null,"fieldLength":null,"listOfValueId":null,"visibleByAgent":null,"visibleBySupervisor":null,"visibleByExternalSpecialist":null,"mandatoryForAgent":null,"mandatoryForSupervisor":null,"readonlyForAgent":null,"readonlyForSupervisor":null,"localisation":[{"label":"Description","value":"FICP, interdit de crédit, crédit, banque, Banque de France, impayé","locale":"fr_FR"}]},{"name":"OrderTemplate","value":"","fieldType":"STRING","fieldOrder":null,"fieldLength":null,"listOfValueId":null,"visibleByAgent":null,"visibleBySupervisor":null,"visibleByExternalSpecialist":null,"mandatoryForAgent":null,"mandatoryForSupervisor":null,"readonlyForAgent":null,"readonlyForSupervisor":null,"localisation":[{"label":"Ordre d'affichage","value":"","locale":"fr_FR"}]}],"hits":[{"locale":"fr_FR","hits":120}],"ranks":[{"locale":"fr_FR","rank":1.5403225806451613,"count":124}],"contacts":{"uri":"/selfcnil/api/configuration/site/document/156/contacts"},"relatedDocuments":{"uri":"/selfcnil/api/configuration/site/document/156/relatedDocuments"},"attachments":{"uri":"/selfcnil/api/configuration/site/document/156/attachments"},"path":[{"id":"12","uri":"/selfcnil/api/configuration/site/documentGroup/12"},{"id":"65","uri":"/selfcnil/api/configuration/site/documentGroup/65"},{"id":"84","uri":"/selfcnil/api/configuration/site/documentGroup/84"}],"parentGroup":{"id":"84","uri":"/selfcnil/api/configuration/site/documentGroup/84"},"publicationStatus":"None"}