{"id":"158","uri":"/selfcnil/api/configuration/site/document/158","names":[{"name":"Peut-on me demander mes relevés de compte pour une demande de crédit ?","locale":"fr_FR"}],"metadata":[{"locale":"fr_FR","name":"description","property":null,"content":"crédit, relevé de compte"}],"content":{"uri":"/selfcnil/api/configuration/site/document/158/content"},"creator":{"uri":"/selfcnil/api/configuration/site/document/158/creator"},"creationDate":1424880178000,"lastModifier":{"uri":"/selfcnil/api/configuration/site/document/158/lastModifier"},"lastModificationDate":1477485655000,"fields":[{"name":"Description","value":null,"fieldType":"TEXT","fieldOrder":null,"fieldLength":null,"listOfValueId":null,"visibleByAgent":null,"visibleBySupervisor":null,"visibleByExternalSpecialist":null,"mandatoryForAgent":null,"mandatoryForSupervisor":null,"readonlyForAgent":null,"readonlyForSupervisor":null,"localisation":[{"label":"Description","value":"crédit, relevé de compte","locale":"fr_FR"}]},{"name":"OrderTemplate","value":"","fieldType":"STRING","fieldOrder":null,"fieldLength":null,"listOfValueId":null,"visibleByAgent":null,"visibleBySupervisor":null,"visibleByExternalSpecialist":null,"mandatoryForAgent":null,"mandatoryForSupervisor":null,"readonlyForAgent":null,"readonlyForSupervisor":null,"localisation":[{"label":"Ordre d'affichage","value":"","locale":"fr_FR"}]}],"hits":[{"locale":"fr_FR","hits":1091}],"ranks":[{"locale":"fr_FR","rank":1.584848484848485,"count":330}],"contacts":{"uri":"/selfcnil/api/configuration/site/document/158/contacts"},"relatedDocuments":{"uri":"/selfcnil/api/configuration/site/document/158/relatedDocuments"},"attachments":{"uri":"/selfcnil/api/configuration/site/document/158/attachments"},"path":[{"id":"12","uri":"/selfcnil/api/configuration/site/documentGroup/12"},{"id":"65","uri":"/selfcnil/api/configuration/site/documentGroup/65"},{"id":"84","uri":"/selfcnil/api/configuration/site/documentGroup/84"}],"parentGroup":{"id":"84","uri":"/selfcnil/api/configuration/site/documentGroup/84"},"publicationStatus":"None"}