{"id":"158","uri":"/selfcnil/api/configuration/site/document/158/content","contents":[{"locale":"fr_FR","content":"<span style=\"color:#2179c4;\"><strong>Oui.</strong></span><br />\r\n<br />\r\nAvant d'accorder un prêt, l'établissement de crédit a l'obligation légale de <span style=\"color:#2179c4;\"><strong>vérifier votre solvabilité</strong></span>, c'est-à-dire votre capacité à rembourser le crédit que vous demandez.<br />\r\n<br />\r\nIl peut donc vous demander une copie de vos relevés de compte bancaire, en complément des vérifications qu'il effectue&nbsp;dans les fichiers de la Banque de France (FCC, FICP).&nbsp;<br />\r\n<br />\r\n<span style=\"color: rgb(255, 81, 34);\"><strong>A savoir</strong></span> : sur ces copies, vous pouvez <span style=\"color:#2179c4;\"><strong>masquer les informations qui vous paraissent inutiles</strong></span> à l'étude de votre demande, comme le nom des organismes ou sociétés qui font des versements ou des prélèvements sur votre compte.","format":"text/html"}]}