{"id":"159","uri":"/selfcnil/api/configuration/site/document/159","names":[{"name":"Pourquoi me refuse t-on un crédit ?","locale":"fr_FR"}],"metadata":[{"locale":"fr_FR","name":"description","property":null,"content":"credit, bancaire, prêt, emprunt, facilité de paiement, refus, motif, raison, FICP, FCC, fichage interne"}],"content":{"uri":"/selfcnil/api/configuration/site/document/159/content"},"creator":{"uri":"/selfcnil/api/configuration/site/document/159/creator"},"creationDate":1424880445000,"lastModifier":{"uri":"/selfcnil/api/configuration/site/document/159/lastModifier"},"lastModificationDate":1484575878000,"fields":[{"name":"Description","value":null,"fieldType":"TEXT","fieldOrder":null,"fieldLength":null,"listOfValueId":null,"visibleByAgent":null,"visibleBySupervisor":null,"visibleByExternalSpecialist":null,"mandatoryForAgent":null,"mandatoryForSupervisor":null,"readonlyForAgent":null,"readonlyForSupervisor":null,"localisation":[{"label":"Description","value":"credit, bancaire, prêt, emprunt, facilité de paiement, refus, motif, raison, FICP, FCC, fichage interne","locale":"fr_FR"}]},{"name":"OrderTemplate","value":"","fieldType":"STRING","fieldOrder":null,"fieldLength":null,"listOfValueId":null,"visibleByAgent":null,"visibleBySupervisor":null,"visibleByExternalSpecialist":null,"mandatoryForAgent":null,"mandatoryForSupervisor":null,"readonlyForAgent":null,"readonlyForSupervisor":null,"localisation":[{"label":"Ordre d'affichage","value":"","locale":"fr_FR"}]}],"hits":[{"locale":"fr_FR","hits":160}],"ranks":[{"locale":"fr_FR","rank":1.3767123287671232,"count":146}],"contacts":{"uri":"/selfcnil/api/configuration/site/document/159/contacts"},"relatedDocuments":{"uri":"/selfcnil/api/configuration/site/document/159/relatedDocuments"},"attachments":{"uri":"/selfcnil/api/configuration/site/document/159/attachments"},"path":[{"id":"12","uri":"/selfcnil/api/configuration/site/documentGroup/12"},{"id":"65","uri":"/selfcnil/api/configuration/site/documentGroup/65"},{"id":"84","uri":"/selfcnil/api/configuration/site/documentGroup/84"}],"parentGroup":{"id":"84","uri":"/selfcnil/api/configuration/site/documentGroup/84"},"publicationStatus":"None"}