{"id":"160","uri":"/selfcnil/api/configuration/site/document/160","names":[{"name":"Transax, Certegy, c'est quoi ?","locale":"fr_FR"}],"metadata":[{"locale":"fr_FR","name":"description","property":null,"content":"chèque, commerce, caisse, refus, garantie, FNCI"}],"content":{"uri":"/selfcnil/api/configuration/site/document/160/content"},"creator":{"uri":"/selfcnil/api/configuration/site/document/160/creator"},"creationDate":1424880915000,"lastModifier":{"uri":"/selfcnil/api/configuration/site/document/160/lastModifier"},"lastModificationDate":1497858645000,"fields":[{"name":"Description","value":null,"fieldType":"TEXT","fieldOrder":null,"fieldLength":null,"listOfValueId":null,"visibleByAgent":null,"visibleBySupervisor":null,"visibleByExternalSpecialist":null,"mandatoryForAgent":null,"mandatoryForSupervisor":null,"readonlyForAgent":null,"readonlyForSupervisor":null,"localisation":[{"label":"Description","value":"chèque, commerce, caisse, refus, garantie, FNCI","locale":"fr_FR"}]},{"name":"OrderTemplate","value":"","fieldType":"STRING","fieldOrder":null,"fieldLength":null,"listOfValueId":null,"visibleByAgent":null,"visibleBySupervisor":null,"visibleByExternalSpecialist":null,"mandatoryForAgent":null,"mandatoryForSupervisor":null,"readonlyForAgent":null,"readonlyForSupervisor":null,"localisation":[{"label":"Ordre d'affichage","value":"","locale":"fr_FR"}]}],"hits":[{"locale":"fr_FR","hits":483}],"ranks":[{"locale":"fr_FR","rank":1.3341708542713568,"count":398}],"contacts":{"uri":"/selfcnil/api/configuration/site/document/160/contacts"},"relatedDocuments":{"uri":"/selfcnil/api/configuration/site/document/160/relatedDocuments"},"attachments":{"uri":"/selfcnil/api/configuration/site/document/160/attachments"},"path":[{"id":"12","uri":"/selfcnil/api/configuration/site/documentGroup/12"},{"id":"65","uri":"/selfcnil/api/configuration/site/documentGroup/65"},{"id":"84","uri":"/selfcnil/api/configuration/site/documentGroup/84"}],"parentGroup":{"id":"84","uri":"/selfcnil/api/configuration/site/documentGroup/84"},"publicationStatus":"None"}