{"id":"160","uri":"/selfcnil/api/configuration/site/document/160/content","contents":[{"locale":"fr_FR","content":"Transax est un <span style=\"color:#2179c4;\"><strong>service de garantie de paiement par chèques</strong></span> de la société Certegy.&nbsp;<br />\r\n<br />\r\nPour éviter les chèques impayés (chèques volés, perdus, sans provision, etc.), les commerçants peuvent s'abonner aux services d'une société de garantie, qui leur assure ou non&nbsp;le paiement effectif du chèque en cas d'impayés.&nbsp;<br />\r\n<br />\r\nLa société de garantie effectue des contrôles, notamment dans le Fichier&nbsp;National des Chèques Irréguliers (FNCI)&nbsp;géré par la Banque de France. Elle calcule en plus&nbsp;le risque que le chèque présenté ne soit pas payé&nbsp;à partir du numéro du chèque et de statistiques liées aux&nbsp;circonstances de l'achat (lieu, date, montant, etc.).&nbsp;<br />\r\n<br />\r\n<strong><span style=\"color: rgb(33, 121, 196);\">Lors de ces contrôles, la société n'a pas accès directement à votre compte bancaire et donc à son solde</span></strong>.<br />\r\n<br />\r\nEn fonction des résultats de ses contrôles, elle décide de garantir ou pas le chèque et en informe le commerçant. Celui-ci choisit ensuite d'accepter ou de refuser le chèque.<br />\r\n<br />\r\nLes sociétés de garanties de paiement fonctionnent comme une assurance :\r\n<ul>\r\n\t<li>si le commerçant accepte un chèque non garanti par la société et que ce chèque revient impayé, le commerçant n'est pas remboursé.</li>\r\n\t<li>si le commerçant accepte un chèque que la société a estimé sans risque et que ce chèque revient impayé, le commerçant est remboursé par la société de la somme inscrite au chèque.&nbsp;</li>\r\n</ul>\r\n","format":"text/html"}]}