{"id":"163","uri":"/selfcnil/api/configuration/site/document/163","names":[{"name":"Ma banque peut-elle faire une copie de ma pièce d'identité ?","locale":"fr_FR"}],"metadata":[{"locale":"fr_FR","name":"description","property":null,"content":"carte d'identité, passeport, pièce d'identité, copie, scan, numérisation, banque, banquier"}],"content":{"uri":"/selfcnil/api/configuration/site/document/163/content"},"creator":{"uri":"/selfcnil/api/configuration/site/document/163/creator"},"creationDate":1424881830000,"lastModifier":{"uri":"/selfcnil/api/configuration/site/document/163/lastModifier"},"lastModificationDate":1477485481000,"fields":[{"name":"Description","value":null,"fieldType":"TEXT","fieldOrder":null,"fieldLength":null,"listOfValueId":null,"visibleByAgent":null,"visibleBySupervisor":null,"visibleByExternalSpecialist":null,"mandatoryForAgent":null,"mandatoryForSupervisor":null,"readonlyForAgent":null,"readonlyForSupervisor":null,"localisation":[{"label":"Description","value":"carte d'identité, passeport, pièce d'identité, copie, scan, numérisation, banque, banquier","locale":"fr_FR"}]},{"name":"OrderTemplate","value":"","fieldType":"STRING","fieldOrder":null,"fieldLength":null,"listOfValueId":null,"visibleByAgent":null,"visibleBySupervisor":null,"visibleByExternalSpecialist":null,"mandatoryForAgent":null,"mandatoryForSupervisor":null,"readonlyForAgent":null,"readonlyForSupervisor":null,"localisation":[{"label":"Ordre d'affichage","value":"","locale":"fr_FR"}]}],"hits":[{"locale":"fr_FR","hits":333}],"ranks":[{"locale":"fr_FR","rank":1.4405594405594406,"count":143}],"contacts":{"uri":"/selfcnil/api/configuration/site/document/163/contacts"},"relatedDocuments":{"uri":"/selfcnil/api/configuration/site/document/163/relatedDocuments"},"attachments":{"uri":"/selfcnil/api/configuration/site/document/163/attachments"},"path":[{"id":"12","uri":"/selfcnil/api/configuration/site/documentGroup/12"},{"id":"65","uri":"/selfcnil/api/configuration/site/documentGroup/65"},{"id":"84","uri":"/selfcnil/api/configuration/site/documentGroup/84"}],"parentGroup":{"id":"84","uri":"/selfcnil/api/configuration/site/documentGroup/84"},"publicationStatus":"None"}