{"id":"163","uri":"/selfcnil/api/configuration/site/document/163/content","contents":[{"locale":"fr_FR","content":"<span style=\"color:#2179c4;\"><strong>Oui.</strong></span><br />\r\n<br />\r\nLes établissements bancaires sont tenus de <span style=\"color:#2179c4;\"><strong>vérifier l'identité de leurs clients</strong></span> dans le cadre de la lutte contre le blanchiment d'argent et de conserver une copie des documents relatifs à cette identité pendant cinq ans à compter de la clôture des comptes ou de la cessation de leurs relations.<br />\r\n<br />\r\nVous devez dans ce cadre&nbsp;présenter un document officiel en cours de validité portant votre photographie.","format":"text/html"}]}