{"id":"167","uri":"/selfcnil/api/configuration/site/document/167/content","contents":[{"locale":"fr_FR","content":"<span style=\"color:#2179c4;\"><strong>Oui</strong>.</span>\r\n<p>Avant d'installer un dispositif de de vidéosurveillance, votre employeur doit d'abord consulter les représentants du personnel.<br />\r\n<br />\r\nDe plus, il doit informer individuellement chaque employé (note de service, courrier individuel, insertion dans le contrat de travail, insertion dans&nbsp;le règlement intérieur, etc.), notamment, de :</p>\r\n\r\n<ul>\r\n\t<li>L'identité du responsable du dispositif.</li>\r\n\t<li>Du fondement juridique du dispositif.</li>\r\n\t<li>L'objectif de la vidéosurveillance.</li>\r\n\t<li>Les destinataires des informations&nbsp;(services des ressources humaines, service logistique, service de sécurité etc.).</li>\r\n\t<li>De ses droits \"informatique et liberté\" (droit d'accès, droit d'opposition, droit de rectification etc.)</li>\r\n</ul>\r\n\r\n<p>Et, comme pour les lieux publics, un panneau doit clairement signaler l'existence et l'objectif du dispositif au sein de l'entreprise et préciser comment exercer son droit d'accès aux enregistrements.<br />\r\n<br />\r\n<strong><span style=\"color:#ff5122;\">En savoir plus :</span></strong></p>\r\n\r\n<ul>\r\n\t<li><a href=\"https://www.cnil.fr/cnil-direct/question/1381\" target=\"_blank\">Règlement européen : de quoi les personnes doivent-elles être informées ?</a></li>\r\n\t<li><a href=\"https://www.cnil.fr/cnil-direct/question/1382\" target=\"_blank\">Règlement européen : comment informer les personnes concernées par un fichier ?</a></li>\r\n\t<li><a href=\"https://www.cnil.fr/cnil-direct/question/1383\" target=\"_blank\">Règlement européen : quand informer les personnes concernées par un fichier ?</a></li>\r\n\t<li><a href=\"https://www.cnil.fr/cnil-direct/question/1245?visiteur=part\" target=\"_blank\">Comment savoir si mon employeur respecte le RGPD ?</a></li>\r\n</ul>\r\n","format":"text/html"}]}