{"id":"168","uri":"/selfcnil/api/configuration/site/document/168/content","contents":[{"locale":"fr_FR","content":"<span style=\"color:#2179c4;\"><strong>Oui.</strong></span><br />\r\n<br />\r\nVotre&nbsp;employeur peut accéder à vos&nbsp;fichiers et dossiers identifiés comme&nbsp;personnels :&nbsp;\r\n<ul>\r\n\t<li>En votre&nbsp;présence ou après vous&nbsp;avoir invité à être présent ;</li>\r\n\t<li>En votre&nbsp;absence et sans vous en&nbsp;informer, en cas d'évènement ou de risque particulier pour l'organisme pour lequel vous travaillez.&nbsp;En cas de litige, seuls les tribunaux sont compétents pour apprécier le caractère particulier&nbsp;de l'évènement ou du risque. <span style=\"color:#2179c4;\"><strong>La CNIL n'est pas compétente sur ce point</strong></span>.</li>\r\n</ul>\r\n<br />\r\n<span style=\"color:#ff5122;\"><strong>A savoir</strong></span> : par défaut, vos fichiers stockés dans votre ordinateur professionnel&nbsp;ont un caractère professionnel et votre&nbsp;employeur peut y accéder librement.&nbsp;","format":"text/html"}]}