{"id":"175","uri":"/selfcnil/api/configuration/site/document/175/content","contents":[{"locale":"fr_FR","content":"<span style=\"color:#2179c4;\"><strong>Oui.</strong></span><br />\r\n<br />\r\nTout électeur&nbsp;peut obtenir de sa mairie une copie de&nbsp;la liste électorale à condition de <span style=\"color:#2179c4;\"><strong>s'engager à ne pas en faire un usage commercial</strong></span>.<br />\r\n<br />\r\n<span style=\"color:#ff5122;\"><strong>Attention !</strong></span> S'il soupçonne une possible utilisation commerciale, le maire peut lui demander des précisions sur l'usage qu'il veut faire des listes électorales.<br />\r\n<br />\r\n<span style=\"color:#ff5122;\"><strong>A noter</strong></span> : la Commission d'accès aux documents administratifs (CADA) considère que l'accès aux listes électorales peut s'exercer par consultation gratuite sur place ou par envoi de copies, sur support papier ou informatique.","format":"text/html"}]}