{"id":"176","uri":"/selfcnil/api/configuration/site/document/176","names":[{"name":"Une mairie peut-elle exiger la liste des membres ou bénéficiaires d'une association qu'il subventionne ?","locale":"fr_FR"}],"metadata":[{"locale":"fr_FR","name":"description","property":null,"content":"mairie, maire, collectivité, département, conseil général, association, membres, adhérents, subvention, noms"}],"content":{"uri":"/selfcnil/api/configuration/site/document/176/content"},"creator":{"uri":"/selfcnil/api/configuration/site/document/176/creator"},"creationDate":1424964564000,"lastModifier":{"uri":"/selfcnil/api/configuration/site/document/176/lastModifier"},"lastModificationDate":1435225857000,"fields":[{"name":"Description","value":null,"fieldType":"TEXT","fieldOrder":null,"fieldLength":null,"listOfValueId":null,"visibleByAgent":null,"visibleBySupervisor":null,"visibleByExternalSpecialist":null,"mandatoryForAgent":null,"mandatoryForSupervisor":null,"readonlyForAgent":null,"readonlyForSupervisor":null,"localisation":[{"label":"Description","value":"mairie, maire, collectivité, département, conseil général, association, membres, adhérents, subvention, noms","locale":"fr_FR"}]},{"name":"OrderTemplate","value":"","fieldType":"STRING","fieldOrder":null,"fieldLength":null,"listOfValueId":null,"visibleByAgent":null,"visibleBySupervisor":null,"visibleByExternalSpecialist":null,"mandatoryForAgent":null,"mandatoryForSupervisor":null,"readonlyForAgent":null,"readonlyForSupervisor":null,"localisation":[{"label":"Ordre d'affichage","value":"","locale":"fr_FR"}]}],"hits":[{"locale":"fr_FR","hits":92}],"ranks":[{"locale":"fr_FR","rank":1.6538461538461537,"count":104}],"contacts":{"uri":"/selfcnil/api/configuration/site/document/176/contacts"},"relatedDocuments":{"uri":"/selfcnil/api/configuration/site/document/176/relatedDocuments"},"attachments":{"uri":"/selfcnil/api/configuration/site/document/176/attachments"},"path":[{"id":"12","uri":"/selfcnil/api/configuration/site/documentGroup/12"},{"id":"65","uri":"/selfcnil/api/configuration/site/documentGroup/65"},{"id":"82","uri":"/selfcnil/api/configuration/site/documentGroup/82"}],"parentGroup":{"id":"82","uri":"/selfcnil/api/configuration/site/documentGroup/82"},"publicationStatus":"None"}