{"id":"177","uri":"/selfcnil/api/configuration/site/document/177","names":[{"name":"Démarchage publicitaire : faut-il donner une raison pour ne plus être dans des fichiers ?","locale":"fr_FR"}],"metadata":[{"locale":"fr_FR","name":"description","property":null,"content":"pub, motif légitime, raison, opposition, opt-out, prospection"}],"content":{"uri":"/selfcnil/api/configuration/site/document/177/content"},"creator":{"uri":"/selfcnil/api/configuration/site/document/177/creator"},"creationDate":1424964843000,"lastModifier":{"uri":"/selfcnil/api/configuration/site/document/177/lastModifier"},"lastModificationDate":1455812616000,"fields":[{"name":"Description","value":null,"fieldType":"TEXT","fieldOrder":null,"fieldLength":null,"listOfValueId":null,"visibleByAgent":null,"visibleBySupervisor":null,"visibleByExternalSpecialist":null,"mandatoryForAgent":null,"mandatoryForSupervisor":null,"readonlyForAgent":null,"readonlyForSupervisor":null,"localisation":[{"label":"Description","value":"pub, motif légitime, raison, opposition, opt-out, prospection","locale":"fr_FR"}]},{"name":"OrderTemplate","value":"","fieldType":"STRING","fieldOrder":null,"fieldLength":null,"listOfValueId":null,"visibleByAgent":null,"visibleBySupervisor":null,"visibleByExternalSpecialist":null,"mandatoryForAgent":null,"mandatoryForSupervisor":null,"readonlyForAgent":null,"readonlyForSupervisor":null,"localisation":[{"label":"Ordre d'affichage","value":"","locale":"fr_FR"}]}],"hits":[{"locale":"fr_FR","hits":84}],"ranks":[{"locale":"fr_FR","rank":1.4918032786885247,"count":61}],"contacts":{"uri":"/selfcnil/api/configuration/site/document/177/contacts"},"relatedDocuments":{"uri":"/selfcnil/api/configuration/site/document/177/relatedDocuments"},"attachments":{"uri":"/selfcnil/api/configuration/site/document/177/attachments"},"path":[{"id":"12","uri":"/selfcnil/api/configuration/site/documentGroup/12"},{"id":"65","uri":"/selfcnil/api/configuration/site/documentGroup/65"},{"id":"85","uri":"/selfcnil/api/configuration/site/documentGroup/85"}],"parentGroup":{"id":"85","uri":"/selfcnil/api/configuration/site/documentGroup/85"},"publicationStatus":"None"}