{"id":"177","uri":"/selfcnil/api/configuration/site/document/177/content","contents":[{"locale":"fr_FR","content":"<span style=\"color:#2179c4;\"><strong>Non.</strong></span><br />\r\n<br />\r\nVous pouvez vous opposer sans <span style=\"color:#2179c4;\"><strong>aucune justification</strong></span> à l'utilisation de vos données pour des démarches publicitaires.<br />\r\n<br />\r\nCette opposition peut être demandée au moment où vous donnez vos coordonnées ou par la suite, à tout moment. Elle doit être gratuite et facile à exercer.&nbsp;<br />\r\n<br />\r\n<br />\r\n<span style=\"color: rgb(255, 81, 34);\"><strong>En savoir plus</strong></span>&nbsp;:&nbsp;<a href=\"https://www.cnil.fr/sites/default/files/typo/document/Prospection_Fiches_Commerce.pdf\" target=\"_blank\">Fiche pratique Prospection postale et téléphonique</a>","format":"text/html"}]}