{"id":"178","uri":"/selfcnil/api/configuration/site/document/178","names":[{"name":"Démarchage publicitaire malgré mon opposition : que puis-je faire ?","locale":"fr_FR"}],"metadata":[{"locale":"fr_FR","name":"description","property":null,"content":"pub, délai, opposition, opt-out, énormement de publicité, courriers publicitaires"}],"content":{"uri":"/selfcnil/api/configuration/site/document/178/content"},"creator":{"uri":"/selfcnil/api/configuration/site/document/178/creator"},"creationDate":1424964975000,"lastModifier":{"uri":"/selfcnil/api/configuration/site/document/178/lastModifier"},"lastModificationDate":1455812720000,"fields":[{"name":"Description","value":null,"fieldType":"TEXT","fieldOrder":null,"fieldLength":null,"listOfValueId":null,"visibleByAgent":null,"visibleBySupervisor":null,"visibleByExternalSpecialist":null,"mandatoryForAgent":null,"mandatoryForSupervisor":null,"readonlyForAgent":null,"readonlyForSupervisor":null,"localisation":[{"label":"Description","value":"pub, délai, opposition, opt-out","locale":"fr_FR"}]},{"name":"OrderTemplate","value":"","fieldType":"STRING","fieldOrder":null,"fieldLength":null,"listOfValueId":null,"visibleByAgent":null,"visibleBySupervisor":null,"visibleByExternalSpecialist":null,"mandatoryForAgent":null,"mandatoryForSupervisor":null,"readonlyForAgent":null,"readonlyForSupervisor":null,"localisation":[{"label":"Ordre d'affichage","value":"","locale":"fr_FR"}]}],"hits":[{"locale":"fr_FR","hits":86}],"ranks":[{"locale":"fr_FR","rank":1.3369565217391304,"count":92}],"contacts":{"uri":"/selfcnil/api/configuration/site/document/178/contacts"},"relatedDocuments":{"uri":"/selfcnil/api/configuration/site/document/178/relatedDocuments"},"attachments":{"uri":"/selfcnil/api/configuration/site/document/178/attachments"},"path":[{"id":"12","uri":"/selfcnil/api/configuration/site/documentGroup/12"},{"id":"65","uri":"/selfcnil/api/configuration/site/documentGroup/65"},{"id":"85","uri":"/selfcnil/api/configuration/site/documentGroup/85"}],"parentGroup":{"id":"85","uri":"/selfcnil/api/configuration/site/documentGroup/85"},"publicationStatus":"None"}