{"id":"179","uri":"/selfcnil/api/configuration/site/document/179","names":[{"name":"Démarchage par automate d'appels (messages téléphoniques pré-enregistrés) : est-ce légal ?","locale":"fr_FR"}],"metadata":[{"locale":"fr_FR","name":"description","property":null,"content":"téléphone, pub, robot, opt-in, consentement, accord"}],"content":{"uri":"/selfcnil/api/configuration/site/document/179/content"},"creator":{"uri":"/selfcnil/api/configuration/site/document/179/creator"},"creationDate":1424965118000,"lastModifier":{"uri":"/selfcnil/api/configuration/site/document/179/lastModifier"},"lastModificationDate":1539873026000,"fields":[{"name":"Description","value":null,"fieldType":"TEXT","fieldOrder":null,"fieldLength":null,"listOfValueId":null,"visibleByAgent":null,"visibleBySupervisor":null,"visibleByExternalSpecialist":null,"mandatoryForAgent":null,"mandatoryForSupervisor":null,"readonlyForAgent":null,"readonlyForSupervisor":null,"localisation":[{"label":"Description","value":"téléphone, pub, robot, opt-in, consentement, accord","locale":"fr_FR"}]},{"name":"OrderTemplate","value":"","fieldType":"STRING","fieldOrder":null,"fieldLength":null,"listOfValueId":null,"visibleByAgent":null,"visibleBySupervisor":null,"visibleByExternalSpecialist":null,"mandatoryForAgent":null,"mandatoryForSupervisor":null,"readonlyForAgent":null,"readonlyForSupervisor":null,"localisation":[{"label":"Ordre d'affichage","value":"","locale":"fr_FR"}]}],"hits":[{"locale":"fr_FR","hits":162}],"ranks":[{"locale":"fr_FR","rank":1.3076923076923077,"count":221}],"contacts":{"uri":"/selfcnil/api/configuration/site/document/179/contacts"},"relatedDocuments":{"uri":"/selfcnil/api/configuration/site/document/179/relatedDocuments"},"attachments":{"uri":"/selfcnil/api/configuration/site/document/179/attachments"},"path":[{"id":"12","uri":"/selfcnil/api/configuration/site/documentGroup/12"},{"id":"65","uri":"/selfcnil/api/configuration/site/documentGroup/65"},{"id":"85","uri":"/selfcnil/api/configuration/site/documentGroup/85"}],"parentGroup":{"id":"85","uri":"/selfcnil/api/configuration/site/documentGroup/85"},"publicationStatus":"None"}