{"id":"180","uri":"/selfcnil/api/configuration/site/document/180","names":[{"name":"Démarchage par téléphone : est-ce autorisé ?","locale":"fr_FR"}],"metadata":[{"locale":"fr_FR","name":"description","property":null,"content":"pub, téléphone, publicité, prospection, questionnaire, client, Bloctel, Opposetel, offres, harcèlement"}],"content":{"uri":"/selfcnil/api/configuration/site/document/180/content"},"creator":{"uri":"/selfcnil/api/configuration/site/document/180/creator"},"creationDate":1424965269000,"lastModifier":{"uri":"/selfcnil/api/configuration/site/document/180/lastModifier"},"lastModificationDate":1539873101000,"fields":[{"name":"Description","value":null,"fieldType":"TEXT","fieldOrder":null,"fieldLength":null,"listOfValueId":null,"visibleByAgent":null,"visibleBySupervisor":null,"visibleByExternalSpecialist":null,"mandatoryForAgent":null,"mandatoryForSupervisor":null,"readonlyForAgent":null,"readonlyForSupervisor":null,"localisation":[{"label":"Description","value":"pub, téléphone, publicité, prospection, questionnaire, client, Bloctel, Opposetel, offres, harcèlement","locale":"fr_FR"}]},{"name":"OrderTemplate","value":"","fieldType":"STRING","fieldOrder":null,"fieldLength":null,"listOfValueId":null,"visibleByAgent":null,"visibleBySupervisor":null,"visibleByExternalSpecialist":null,"mandatoryForAgent":null,"mandatoryForSupervisor":null,"readonlyForAgent":null,"readonlyForSupervisor":null,"localisation":[{"label":"Ordre d'affichage","value":"","locale":"fr_FR"}]}],"hits":[{"locale":"fr_FR","hits":101}],"ranks":[{"locale":"fr_FR","rank":1.336,"count":125}],"contacts":{"uri":"/selfcnil/api/configuration/site/document/180/contacts"},"relatedDocuments":{"uri":"/selfcnil/api/configuration/site/document/180/relatedDocuments"},"attachments":{"uri":"/selfcnil/api/configuration/site/document/180/attachments"},"path":[{"id":"12","uri":"/selfcnil/api/configuration/site/documentGroup/12"},{"id":"65","uri":"/selfcnil/api/configuration/site/documentGroup/65"},{"id":"85","uri":"/selfcnil/api/configuration/site/documentGroup/85"}],"parentGroup":{"id":"85","uri":"/selfcnil/api/configuration/site/documentGroup/85"},"publicationStatus":"None"}