{"id":"181","uri":"/selfcnil/api/configuration/site/document/181","names":[{"name":"Démarchage par fax : que faire pour l'empêcher ?","locale":"fr_FR"}],"metadata":[{"locale":"fr_FR","name":"description","property":null,"content":"télécopie, fax, pub"}],"content":{"uri":"/selfcnil/api/configuration/site/document/181/content"},"creator":{"uri":"/selfcnil/api/configuration/site/document/181/creator"},"creationDate":1424967893000,"lastModifier":{"uri":"/selfcnil/api/configuration/site/document/181/lastModifier"},"lastModificationDate":1434530168000,"fields":[{"name":"Description","value":null,"fieldType":"TEXT","fieldOrder":null,"fieldLength":null,"listOfValueId":null,"visibleByAgent":null,"visibleBySupervisor":null,"visibleByExternalSpecialist":null,"mandatoryForAgent":null,"mandatoryForSupervisor":null,"readonlyForAgent":null,"readonlyForSupervisor":null,"localisation":[{"label":"Description","value":"télécopie, fax, pub","locale":"fr_FR"}]},{"name":"OrderTemplate","value":"","fieldType":"STRING","fieldOrder":null,"fieldLength":null,"listOfValueId":null,"visibleByAgent":null,"visibleBySupervisor":null,"visibleByExternalSpecialist":null,"mandatoryForAgent":null,"mandatoryForSupervisor":null,"readonlyForAgent":null,"readonlyForSupervisor":null,"localisation":[{"label":"Ordre d'affichage","value":"","locale":"fr_FR"}]}],"hits":[{"locale":"fr_FR","hits":134}],"ranks":[{"locale":"fr_FR","rank":1.5064935064935066,"count":77}],"contacts":{"uri":"/selfcnil/api/configuration/site/document/181/contacts"},"relatedDocuments":{"uri":"/selfcnil/api/configuration/site/document/181/relatedDocuments"},"attachments":{"uri":"/selfcnil/api/configuration/site/document/181/attachments"},"path":[{"id":"12","uri":"/selfcnil/api/configuration/site/documentGroup/12"},{"id":"65","uri":"/selfcnil/api/configuration/site/documentGroup/65"},{"id":"85","uri":"/selfcnil/api/configuration/site/documentGroup/85"}],"parentGroup":{"id":"85","uri":"/selfcnil/api/configuration/site/documentGroup/85"},"publicationStatus":"None"}