{"id":"181","uri":"/selfcnil/api/configuration/site/document/181/content","contents":[{"locale":"fr_FR","content":"Si vous n'avez pas donné votre accord, l'envoi de télécopies publicitaires est interdit et puni de 750 euros d'amende par envoi.<br />\r\n<br />\r\nVous pouvez :\r\n<ul>\r\n\t<li>déposer&nbsp;une plainte auprès du procureur de la République ou</li>\r\n\t<li><a href=\"http://www.cnil.fr/vos-droits/plainte-en-ligne/\" target=\"_blank\">adresser une plainte à la CNIL</a>&nbsp;</li>\r\n</ul>\r\nIl existe également des listes d'opposition sur lesquelles vous pouvez vous inscrire&nbsp;:&nbsp;\r\n\r\n<ul>\r\n\t<li><span style=\"color:#2179c4;\"><strong>La liste rouge</strong></span> : vos coordonnées ne sont pas publiées&nbsp;dans les annuaires et ne sont pas communiquées par l'opérateur pour des démarches publicitaires ;&nbsp;</li>\r\n\t<li><span style=\"color:#2179c4;\"><strong>La liste anti-prospection</strong></span> :&nbsp;vos coordonnées sont publiées&nbsp;dans l'annuaire et sont communiquées par les services de renseignements téléphoniques, mais ne peuvent pas être utilisées à des fins publicitaires.</li>\r\n</ul>\r\n","format":"text/html"}]}