{"id":"183","uri":"/selfcnil/api/configuration/site/document/183","names":[{"name":"Démarchage par courriel : conseils et recours","locale":"fr_FR"}],"metadata":[{"locale":"fr_FR","name":"description","property":null,"content":"mél, mail, email, pub, spam, messagerie, publicité"}],"content":{"uri":"/selfcnil/api/configuration/site/document/183/content"},"creator":{"uri":"/selfcnil/api/configuration/site/document/183/creator"},"creationDate":1424968341000,"lastModifier":{"uri":"/selfcnil/api/configuration/site/document/183/lastModifier"},"lastModificationDate":1539872372000,"fields":[{"name":"Description","value":null,"fieldType":"TEXT","fieldOrder":null,"fieldLength":null,"listOfValueId":null,"visibleByAgent":null,"visibleBySupervisor":null,"visibleByExternalSpecialist":null,"mandatoryForAgent":null,"mandatoryForSupervisor":null,"readonlyForAgent":null,"readonlyForSupervisor":null,"localisation":[{"label":"Description","value":"mél, mail, email, pub, spam, messagerie, publicité","locale":"fr_FR"}]},{"name":"OrderTemplate","value":"","fieldType":"STRING","fieldOrder":null,"fieldLength":null,"listOfValueId":null,"visibleByAgent":null,"visibleBySupervisor":null,"visibleByExternalSpecialist":null,"mandatoryForAgent":null,"mandatoryForSupervisor":null,"readonlyForAgent":null,"readonlyForSupervisor":null,"localisation":[{"label":"Ordre d'affichage","value":"","locale":"fr_FR"}]}],"hits":[{"locale":"fr_FR","hits":128}],"ranks":[{"locale":"fr_FR","rank":1.255591054313099,"count":313}],"contacts":{"uri":"/selfcnil/api/configuration/site/document/183/contacts"},"relatedDocuments":{"uri":"/selfcnil/api/configuration/site/document/183/relatedDocuments"},"attachments":{"uri":"/selfcnil/api/configuration/site/document/183/attachments"},"path":[{"id":"12","uri":"/selfcnil/api/configuration/site/documentGroup/12"},{"id":"65","uri":"/selfcnil/api/configuration/site/documentGroup/65"},{"id":"85","uri":"/selfcnil/api/configuration/site/documentGroup/85"}],"parentGroup":{"id":"85","uri":"/selfcnil/api/configuration/site/documentGroup/85"},"publicationStatus":"None"}