{"id":"183","uri":"/selfcnil/api/configuration/site/document/183/content","contents":[{"locale":"fr_FR","content":"Quelques conseils pour se protéger du spam&nbsp;:&nbsp;\r\n<ul>\r\n\t<li>ne <span style=\"color:#2179c4;\"><strong>jamais répondre</strong></span> à un spam : cela confirme au spammeur&nbsp;que l'adresse électronique est valide ;&nbsp;</li>\r\n\t<li>ne <span style=\"color:#2179c4;\"><strong>jamais cliquer sur les liens</strong></span> insérés dans le message&nbsp;: si vous vous rendez sur le site attaché au lien, cela permet souvent au spammeur de récupérer des informations par l'utilisation de cookies ou d'autres traceurs informatiques ;&nbsp;</li>\r\n\t<li>ne <span style=\"color:#2179c4;\"><strong>jamais ouvrir&nbsp;les pièces jointes</strong></span> ;&nbsp;</li>\r\n\t<li><span style=\"color:#2179c4;\"><strong>être vigilant</strong></span> lors de la communication de votre adresse électronique et lire attentivement les mentions d'informations sur la communication des coordonnées à des tiers ;&nbsp;</li>\r\n\t<li><span style=\"color:#2179c4;\"><strong>créer plusieurs adresses</strong></span> de messageries électroniques : une pour les achats sur internet, une pour les réseaux sociaux, une pour les échanges avec vos proches, etc. ;&nbsp;</li>\r\n\t<li><span style=\"color:#2179c4;\"><strong>utiliser un filtre</strong></span> de spam.&nbsp;</li>\r\n</ul>\r\n<br />\r\n<span style=\"color:#2179c4;\"><strong>Quels sont mes recours ?</strong></span>\r\n\r\n<ul>\r\n\t<li>Vous connecter sur le site&nbsp;<a href=\"http://www.signal-spam.fr\" target=\"_blank\">www.signal</a><a href=\"http://www.signal-spam.fr\" target=\"_blank\">-spam.fr</a>, plate-forme nationale de lutte contre le spam.&nbsp;Chaque mois, Signal-spam transmet à la CNIL la liste des principaux émetteurs de spams français : la CNIL peut alors procéder à une enquête et, si les faits sont établis, sanctionner ces&nbsp;spammeurs ;</li>\r\n\t<li>Déposer une plainte auprès du procureur de la République.</li>\r\n</ul>\r\n","format":"text/html"}]}