{"id":"184","uri":"/selfcnil/api/configuration/site/document/184","names":[{"name":"Démarchage par courriel : puis-je m'y opposer ?","locale":"fr_FR"}],"metadata":[{"locale":"fr_FR","name":"description","property":null,"content":"mél, mail, email, opt-in, opt-out, opposition, pourriel, pub, newsletter, spam, mails publicitaire, arrêter de recevoir de pub, m'opposer l'envoi de publicités"}],"content":{"uri":"/selfcnil/api/configuration/site/document/184/content"},"creator":{"uri":"/selfcnil/api/configuration/site/document/184/creator"},"creationDate":1424968621000,"lastModifier":{"uri":"/selfcnil/api/configuration/site/document/184/lastModifier"},"lastModificationDate":1539872479000,"fields":[{"name":"Description","value":null,"fieldType":"TEXT","fieldOrder":null,"fieldLength":null,"listOfValueId":null,"visibleByAgent":null,"visibleBySupervisor":null,"visibleByExternalSpecialist":null,"mandatoryForAgent":null,"mandatoryForSupervisor":null,"readonlyForAgent":null,"readonlyForSupervisor":null,"localisation":[{"label":"Description","value":"mél, mail, email, opt-in, opt-out, opposition, pourriel, pub, newsletter, spam","locale":"fr_FR"}]},{"name":"OrderTemplate","value":"","fieldType":"STRING","fieldOrder":null,"fieldLength":null,"listOfValueId":null,"visibleByAgent":null,"visibleBySupervisor":null,"visibleByExternalSpecialist":null,"mandatoryForAgent":null,"mandatoryForSupervisor":null,"readonlyForAgent":null,"readonlyForSupervisor":null,"localisation":[{"label":"Ordre d'affichage","value":"","locale":"fr_FR"}]}],"hits":[{"locale":"fr_FR","hits":101}],"ranks":[{"locale":"fr_FR","rank":1.4329268292682926,"count":164}],"contacts":{"uri":"/selfcnil/api/configuration/site/document/184/contacts"},"relatedDocuments":{"uri":"/selfcnil/api/configuration/site/document/184/relatedDocuments"},"attachments":{"uri":"/selfcnil/api/configuration/site/document/184/attachments"},"path":[{"id":"12","uri":"/selfcnil/api/configuration/site/documentGroup/12"},{"id":"65","uri":"/selfcnil/api/configuration/site/documentGroup/65"},{"id":"85","uri":"/selfcnil/api/configuration/site/documentGroup/85"}],"parentGroup":{"id":"85","uri":"/selfcnil/api/configuration/site/documentGroup/85"},"publicationStatus":"None"}