{"id":"184","uri":"/selfcnil/api/configuration/site/document/184/content","contents":[{"locale":"fr_FR","content":"<span style=\"color:#2179c4;\"><strong>Oui.</strong></span>&nbsp;<br />\r\n<br />\r\nL'envoi de courriers électroniques publicitaires exige votre&nbsp;<span style=\"color: rgb(33, 121, 196);\"><strong>accord préalable</strong></span>. Il vous suffit donc, au moment où vous laissez vos coordonnées sur un formulaire papier ou sur internet, de ne pas cocher la case \"Je souhaite recevoir des offres commerciales de la société X\" ou \"J'autorise la société X à communiquer mes coordonnées pour des offres commerciales\".<br />\r\n<br />\r\nVous pouvez aussi vous y&nbsp;<span style=\"color: rgb(33, 121, 196);\"><strong>opposer par la suite</strong></span>, à tout moment, en contactant la société&nbsp;qui vous adresse les messages publicitaires. Dans ce cas, l'opposition doit être gratuite, facile à réaliser (par exemple, par envoi d'un mél) et n'a pas à être justifiée.&nbsp;<br />\r\n<br />\r\nSi après un délai de 2 mois, la société n'a pas pris en compte votre demande, vous pouvez :\r\n<ul>\r\n\t<li><a href=\"https://www.cnil.fr/action/435?thematique=Commerce&amp;titre=Publicit%C3%A9s%20non%20sollicit%C3%A9es&amp;tid=134\" target=\"_blank\">adresser une plainte à la CNIL</a>&nbsp;;&nbsp;</li>\r\n\t<li>déposer une plainte auprès des services de police, de gendarmerie ou du procureur de la République.&nbsp;</li>\r\n</ul>\r\n<span style=\"color:#ff5122;\"><strong>A savoir :</strong></span> En cas de réception de spams, vous pouvez les transférer à la plate forme nationale de lutte contre le spam, <a href=\"https://www.signal-spam.fr\" target=\"_blank\">www.signal-spam.fr</a>.","format":"text/html"}]}