{"id":"186","uri":"/selfcnil/api/configuration/site/document/186/content","contents":[{"locale":"fr_FR","content":"Si vous recevez un spam vocal (ou ping call), c'est-à-dire un message vocal d'un numéro inconnu&nbsp;vous incitant à rappeler un numéro surtaxé,&nbsp;vous pouvez le&nbsp;signaler au <a href=\"http://www.33700-spam-sms.fr/\" target=\"_parent\">33700</a>.&nbsp;<br />\r\n<br />\r\n<span style=\"line-height: 9.6px;\">Envoyez&nbsp;</span><span style=\"line-height: 9.6px;\">au <span style=\"color:#2179c4;\"><strong>33700</strong></span>&nbsp;</span><span style=\"line-height: 9.6px;\">par&nbsp;</span>SMS<span style=\"line-height: 9.6px;\">&nbsp;le mot \"</span>spamvocal<span style=\"line-height: 9.6px;\">\"&nbsp;suivi du numéro surtaxé qu'il vous est demandé de rappeler. N'ajoutez aucun commentaire.&nbsp;Vous recevrez alors un message vous invitant à compléter un signalement.</span><br style=\"line-height: 9.6px;\" />\r\n<br style=\"line-height: 9.6px;\" />\r\n<span style=\"line-height: 9.6px;\">A la suite de votre signalement, les opérateurs mèneront des actions auprès des sociétés concernées. &nbsp;</span>Ce dispositif d'alerte fonctionne pour les clients Bouygues Télécom, Orange France et SFR.&nbsp;<br />\r\nPour les autres opérateurs, il se peut que le service ne fonctionne pas ou alors pas de la même façon ni au même coût.","format":"text/html"}]}