{"id":"192","uri":"/selfcnil/api/configuration/site/document/192","names":[{"name":"Arnaques par courriel (scam, phishing) : quelles précautions prendre ?","locale":"fr_FR"}],"metadata":[{"locale":"fr_FR","name":"description","property":null,"content":"protéger, protection, prémunir, mél, web, réseau social, réseaux sociaux, piratage, SSL, pishing"}],"content":{"uri":"/selfcnil/api/configuration/site/document/192/content"},"creator":{"uri":"/selfcnil/api/configuration/site/document/192/creator"},"creationDate":1425313861000,"lastModifier":{"uri":"/selfcnil/api/configuration/site/document/192/lastModifier"},"lastModificationDate":1510842233000,"fields":[{"name":"Description","value":null,"fieldType":"TEXT","fieldOrder":null,"fieldLength":null,"listOfValueId":null,"visibleByAgent":null,"visibleBySupervisor":null,"visibleByExternalSpecialist":null,"mandatoryForAgent":null,"mandatoryForSupervisor":null,"readonlyForAgent":null,"readonlyForSupervisor":null,"localisation":[{"label":"Description","value":"protéger, protection, prémunir, mél, web, réseau social, réseaux sociaux, piratage, SSL, pishing","locale":"fr_FR"}]},{"name":"OrderTemplate","value":"","fieldType":"STRING","fieldOrder":null,"fieldLength":null,"listOfValueId":null,"visibleByAgent":null,"visibleBySupervisor":null,"visibleByExternalSpecialist":null,"mandatoryForAgent":null,"mandatoryForSupervisor":null,"readonlyForAgent":null,"readonlyForSupervisor":null,"localisation":[{"label":"Ordre d'affichage","value":"","locale":"fr_FR"}]}],"hits":[{"locale":"fr_FR","hits":108}],"ranks":[{"locale":"fr_FR","rank":1.432,"count":125}],"contacts":{"uri":"/selfcnil/api/configuration/site/document/192/contacts"},"relatedDocuments":{"uri":"/selfcnil/api/configuration/site/document/192/relatedDocuments"},"attachments":{"uri":"/selfcnil/api/configuration/site/document/192/attachments"},"path":[{"id":"12","uri":"/selfcnil/api/configuration/site/documentGroup/12"},{"id":"65","uri":"/selfcnil/api/configuration/site/documentGroup/65"},{"id":"70","uri":"/selfcnil/api/configuration/site/documentGroup/70"}],"parentGroup":{"id":"70","uri":"/selfcnil/api/configuration/site/documentGroup/70"},"publicationStatus":"None"}