{"id":"192","uri":"/selfcnil/api/configuration/site/document/192/content","contents":[{"locale":"fr_FR","content":"Voici <span style=\"color:#2179c4;\"><strong>quelques règles simples</strong></span> à respecter pour éviter de communiquer des informations à des groupes criminels&nbsp;&nbsp;:&nbsp;\r\n\r\n<ul>\r\n\t<li>ne <span style=\"color:#2179c4;\"><strong>communiquez jamais d'informations importantes</strong></span> (numéro de carte bancaire, mot de passe, etc.) en cliquant sur un lien reçu par courrier électronique ;&nbsp;</li>\r\n\t<li>ne <span style=\"color:#2179c4;\"><strong>répondez jamais aux messages suspects</strong></span> : une banque ne vous demandera jamais de lui communiquer vos coordonnées bancaires par simple courriel. Et il est peu probable qu'un inconnu vous propose réellement de bénéficiez d'un héritage&nbsp;; &nbsp;</li>\r\n\t<li><span style=\"color:#2179c4;\"><strong>partez toujours de la page d'accueil d'un site</strong></span> pour accéder aux autres pages, notamment celles où sont demandés des identifiants ;&nbsp;&nbsp;</li>\r\n\t<li>quand vous êtes sur un site sécurisé, comme un site bancaire, <span style=\"color:#2179c4;\"><strong>vérifiez que le chiffrement des données est activé</strong></span> : l'adresse du site doit commencer par \"https://\" (et non \"http://\")&nbsp;&nbsp;avec un petit cadenas affiché sur la gauche ou en bas de votre navigateur ;&nbsp;</li>\r\n\t<li>en cas de doute, <span style=\"color:#2179c4;\"><strong>prenez contact directement avec l'entreprise ou l'administration concernée</strong></span> par téléphone.&nbsp;</li>\r\n</ul>\r\n<br />\r\n&nbsp;","format":"text/html"}]}