{"id":"194","uri":"/selfcnil/api/configuration/site/document/194","names":[{"name":"Arnaques par courriel (scam, phishing, rançongiciels) : la CNIL peut-elle agir ?","locale":"fr_FR"}],"metadata":[{"locale":"fr_FR","name":"description","property":null,"content":"mél, mail, message, escroquerie, scam, phishing, hameçonnage, filoutage, arnaque, piratage, pishing"}],"content":{"uri":"/selfcnil/api/configuration/site/document/194/content"},"creator":{"uri":"/selfcnil/api/configuration/site/document/194/creator"},"creationDate":1425313861000,"lastModifier":{"uri":"/selfcnil/api/configuration/site/document/194/lastModifier"},"lastModificationDate":1508252854000,"fields":[{"name":"Description","value":null,"fieldType":"TEXT","fieldOrder":null,"fieldLength":null,"listOfValueId":null,"visibleByAgent":null,"visibleBySupervisor":null,"visibleByExternalSpecialist":null,"mandatoryForAgent":null,"mandatoryForSupervisor":null,"readonlyForAgent":null,"readonlyForSupervisor":null,"localisation":[{"label":"Description","value":"mél, mail, message, escroquerie, scam, phishing, hameçonnage, filoutage, arnaque, piratage, pishing","locale":"fr_FR"}]},{"name":"OrderTemplate","value":"","fieldType":"STRING","fieldOrder":null,"fieldLength":null,"listOfValueId":null,"visibleByAgent":null,"visibleBySupervisor":null,"visibleByExternalSpecialist":null,"mandatoryForAgent":null,"mandatoryForSupervisor":null,"readonlyForAgent":null,"readonlyForSupervisor":null,"localisation":[{"label":"Ordre d'affichage","value":"","locale":"fr_FR"}]}],"hits":[{"locale":"fr_FR","hits":93}],"ranks":[{"locale":"fr_FR","rank":1.5095541401273886,"count":157}],"contacts":{"uri":"/selfcnil/api/configuration/site/document/194/contacts"},"relatedDocuments":{"uri":"/selfcnil/api/configuration/site/document/194/relatedDocuments"},"attachments":{"uri":"/selfcnil/api/configuration/site/document/194/attachments"},"path":[{"id":"12","uri":"/selfcnil/api/configuration/site/documentGroup/12"},{"id":"65","uri":"/selfcnil/api/configuration/site/documentGroup/65"},{"id":"70","uri":"/selfcnil/api/configuration/site/documentGroup/70"}],"parentGroup":{"id":"70","uri":"/selfcnil/api/configuration/site/documentGroup/70"},"publicationStatus":"None"}