{"id":"194","uri":"/selfcnil/api/configuration/site/document/194/content","contents":[{"locale":"fr_FR","content":"<span style=\"color:#2179c4;\"><strong>Non,</strong></span>&nbsp;<strong><span style=\"color:#2179c4;\">la CNIL n'est pas compétente dans ce domaine</span></strong>.<br />\r\n<strong><span style=\"color:#2179c4;\">Ces procédés ne sont pas liés à la protection des données personnelles : ce sont des tentatives d'escroquerie ou d'extorsion de fonds.</span></strong><br />\r\n<br />\r\n<strong><span style=\"color:#ff5122;\">Que faire ?</span></strong>\r\n\r\n<ul>\r\n\t<li>Signalez les escroqueries auprès du site&nbsp;<a href=\"http://www.internet-signalement.gouv.fr/\" target=\"_blank\" title=\"Signalement escroquerie en ligne\">www.internet-signalement.gouv.fr</a></li>\r\n\t<li>Supprimez les messages puis videz la corbeille.</li>\r\n\t<li>S'il s'agit de votre messagerie professionnelle, transférez courriels au service informatique et au responsable de la sécurité des systèmes d'information de votre employeur pour vérification. Attendez leur réponse avant de supprimer le courrier électronique.</li>\r\n\t<li>Allez sur la plateforme <a href=\"https://www.cybermalveillance.gouv.fr/\" target=\"_blank\">cybermalveillance.gouv.fr</a> : que vous soyez professionnel ou particulier, vous y trouverez des conseils et serez guidés pour tenter d'identifier la nature de l'incident dont vous êtes victime.</li>\r\n\t<li>Contactez, si vous le souhaitez, Info Escroqueries au 0811 02 02 17 (prix d'un appel local depuis un poste fixe ; ajouter 0.06 euros/minute depuis un téléphone mobile) - Du lundi au vendredi de 9h à 18h</li>\r\n</ul>\r\n<strong><span style=\"color:#ff5122;\">En savoir plus :</span></strong> <a href=\"https://www.cnil.fr/fr/phishing-detecter-un-message-malveillant\" target=\"_blank\">ici</a>","format":"text/html"}]}