{"id":"195","uri":"/selfcnil/api/configuration/site/document/195","names":[{"name":"Que faire contre les spams ?","locale":"fr_FR"}],"metadata":[{"locale":"fr_FR","name":"description","property":null,"content":"mél, mail, email, messagerie, spam, signal-spam, scam, phishing, pourriel, virus, trojan, cheval de troie, spams"}],"content":{"uri":"/selfcnil/api/configuration/site/document/195/content"},"creator":{"uri":"/selfcnil/api/configuration/site/document/195/creator"},"creationDate":1425313861000,"lastModifier":{"uri":"/selfcnil/api/configuration/site/document/195/lastModifier"},"lastModificationDate":1539872878000,"fields":[{"name":"Description","value":null,"fieldType":"TEXT","fieldOrder":null,"fieldLength":null,"listOfValueId":null,"visibleByAgent":null,"visibleBySupervisor":null,"visibleByExternalSpecialist":null,"mandatoryForAgent":null,"mandatoryForSupervisor":null,"readonlyForAgent":null,"readonlyForSupervisor":null,"localisation":[{"label":"Description","value":"mél, mail, email, messagerie, spam, signal-spam, scam, phishing, pourriel, virus, trojan, cheval de troie, spams","locale":"fr_FR"}]},{"name":"OrderTemplate","value":"","fieldType":"STRING","fieldOrder":null,"fieldLength":null,"listOfValueId":null,"visibleByAgent":null,"visibleBySupervisor":null,"visibleByExternalSpecialist":null,"mandatoryForAgent":null,"mandatoryForSupervisor":null,"readonlyForAgent":null,"readonlyForSupervisor":null,"localisation":[{"label":"Ordre d'affichage","value":"","locale":"fr_FR"}]}],"hits":[{"locale":"fr_FR","hits":193}],"ranks":[{"locale":"fr_FR","rank":1.4142394822006472,"count":309}],"contacts":{"uri":"/selfcnil/api/configuration/site/document/195/contacts"},"relatedDocuments":{"uri":"/selfcnil/api/configuration/site/document/195/relatedDocuments"},"attachments":{"uri":"/selfcnil/api/configuration/site/document/195/attachments"},"path":[{"id":"12","uri":"/selfcnil/api/configuration/site/documentGroup/12"},{"id":"65","uri":"/selfcnil/api/configuration/site/documentGroup/65"},{"id":"70","uri":"/selfcnil/api/configuration/site/documentGroup/70"}],"parentGroup":{"id":"70","uri":"/selfcnil/api/configuration/site/documentGroup/70"},"publicationStatus":"None"}