{"id":"196","uri":"/selfcnil/api/configuration/site/document/196","names":[{"name":"Démarchage par courriel : faut-il mon accord ?","locale":"fr_FR"}],"metadata":[{"locale":"fr_FR","name":"description","property":null,"content":"email, mél, message, spam, opt-in, pub, opt-out, pub, publicité, amil"}],"content":{"uri":"/selfcnil/api/configuration/site/document/196/content"},"creator":{"uri":"/selfcnil/api/configuration/site/document/196/creator"},"creationDate":1425313861000,"lastModifier":{"uri":"/selfcnil/api/configuration/site/document/196/lastModifier"},"lastModificationDate":1539872571000,"fields":[{"name":"Description","value":null,"fieldType":"TEXT","fieldOrder":null,"fieldLength":null,"listOfValueId":null,"visibleByAgent":null,"visibleBySupervisor":null,"visibleByExternalSpecialist":null,"mandatoryForAgent":null,"mandatoryForSupervisor":null,"readonlyForAgent":null,"readonlyForSupervisor":null,"localisation":[{"label":"Description","value":"email, mél, message, spam, opt-in, pub, opt-out, pub, publicité, amil","locale":"fr_FR"}]},{"name":"OrderTemplate","value":"","fieldType":"STRING","fieldOrder":null,"fieldLength":null,"listOfValueId":null,"visibleByAgent":null,"visibleBySupervisor":null,"visibleByExternalSpecialist":null,"mandatoryForAgent":null,"mandatoryForSupervisor":null,"readonlyForAgent":null,"readonlyForSupervisor":null,"localisation":[{"label":"Ordre d'affichage","value":"","locale":"fr_FR"}]}],"hits":[{"locale":"fr_FR","hits":116}],"ranks":[{"locale":"fr_FR","rank":1.4552845528455285,"count":246}],"contacts":{"uri":"/selfcnil/api/configuration/site/document/196/contacts"},"relatedDocuments":{"uri":"/selfcnil/api/configuration/site/document/196/relatedDocuments"},"attachments":{"uri":"/selfcnil/api/configuration/site/document/196/attachments"},"path":[{"id":"12","uri":"/selfcnil/api/configuration/site/documentGroup/12"},{"id":"65","uri":"/selfcnil/api/configuration/site/documentGroup/65"},{"id":"70","uri":"/selfcnil/api/configuration/site/documentGroup/70"}],"parentGroup":{"id":"70","uri":"/selfcnil/api/configuration/site/documentGroup/70"},"publicationStatus":"None"}