{"id":"198","uri":"/selfcnil/api/configuration/site/document/198","names":[{"name":"Un cookie : qu'est-ce que c'est ?","locale":"fr_FR"}],"metadata":[{"locale":"fr_FR","name":"description","property":null,"content":"cookie, traceur, tag, internet, site web, bandeau, consentement, information, cookies"}],"content":{"uri":"/selfcnil/api/configuration/site/document/198/content"},"creator":{"uri":"/selfcnil/api/configuration/site/document/198/creator"},"creationDate":1425314285000,"lastModifier":{"uri":"/selfcnil/api/configuration/site/document/198/lastModifier"},"lastModificationDate":1435240681000,"fields":[{"name":"Description","value":null,"fieldType":"TEXT","fieldOrder":null,"fieldLength":null,"listOfValueId":null,"visibleByAgent":null,"visibleBySupervisor":null,"visibleByExternalSpecialist":null,"mandatoryForAgent":null,"mandatoryForSupervisor":null,"readonlyForAgent":null,"readonlyForSupervisor":null,"localisation":[{"label":"Description","value":"cookie, traceur, tag, internet, site web, bandeau, consentement, information","locale":"fr_FR"}]},{"name":"OrderTemplate","value":"","fieldType":"STRING","fieldOrder":null,"fieldLength":null,"listOfValueId":null,"visibleByAgent":null,"visibleBySupervisor":null,"visibleByExternalSpecialist":null,"mandatoryForAgent":null,"mandatoryForSupervisor":null,"readonlyForAgent":null,"readonlyForSupervisor":null,"localisation":[{"label":"Ordre d'affichage","value":"","locale":"fr_FR"}]}],"hits":[{"locale":"fr_FR","hits":43}],"ranks":[{"locale":"fr_FR","rank":1.5198412698412698,"count":252}],"contacts":{"uri":"/selfcnil/api/configuration/site/document/198/contacts"},"relatedDocuments":{"uri":"/selfcnil/api/configuration/site/document/198/relatedDocuments"},"attachments":{"uri":"/selfcnil/api/configuration/site/document/198/attachments"},"path":[{"id":"12","uri":"/selfcnil/api/configuration/site/documentGroup/12"},{"id":"65","uri":"/selfcnil/api/configuration/site/documentGroup/65"},{"id":"70","uri":"/selfcnil/api/configuration/site/documentGroup/70"}],"parentGroup":{"id":"70","uri":"/selfcnil/api/configuration/site/documentGroup/70"},"publicationStatus":"None"}