{"id":"200","uri":"/selfcnil/api/configuration/site/document/200","names":[{"name":"Peut-on être licencié pour des propos tenus sur un réseau social ?","locale":"fr_FR"}],"metadata":[{"locale":"fr_FR","name":"description","property":null,"content":"Facebook, twitter, licenciement, réseau social, employeur, vie privée, post, commentaire, amis, mur"}],"content":{"uri":"/selfcnil/api/configuration/site/document/200/content"},"creator":{"uri":"/selfcnil/api/configuration/site/document/200/creator"},"creationDate":1425314677000,"lastModifier":{"uri":"/selfcnil/api/configuration/site/document/200/lastModifier"},"lastModificationDate":1527774817000,"fields":[{"name":"Description","value":null,"fieldType":"TEXT","fieldOrder":null,"fieldLength":null,"listOfValueId":null,"visibleByAgent":null,"visibleBySupervisor":null,"visibleByExternalSpecialist":null,"mandatoryForAgent":null,"mandatoryForSupervisor":null,"readonlyForAgent":null,"readonlyForSupervisor":null,"localisation":[{"label":"Description","value":"Facebook, twitter, licenciement, réseau social, employeur, vie privée, post, commentaire, amis, mur","locale":"fr_FR"}]},{"name":"OrderTemplate","value":"","fieldType":"STRING","fieldOrder":null,"fieldLength":null,"listOfValueId":null,"visibleByAgent":null,"visibleBySupervisor":null,"visibleByExternalSpecialist":null,"mandatoryForAgent":null,"mandatoryForSupervisor":null,"readonlyForAgent":null,"readonlyForSupervisor":null,"localisation":[{"label":"Ordre d'affichage","value":"","locale":"fr_FR"}]}],"hits":[{"locale":"fr_FR","hits":51}],"ranks":[{"locale":"fr_FR","rank":1.6486486486486487,"count":74}],"contacts":{"uri":"/selfcnil/api/configuration/site/document/200/contacts"},"relatedDocuments":{"uri":"/selfcnil/api/configuration/site/document/200/relatedDocuments"},"attachments":{"uri":"/selfcnil/api/configuration/site/document/200/attachments"},"path":[{"id":"12","uri":"/selfcnil/api/configuration/site/documentGroup/12"},{"id":"65","uri":"/selfcnil/api/configuration/site/documentGroup/65"},{"id":"71","uri":"/selfcnil/api/configuration/site/documentGroup/71"}],"parentGroup":{"id":"71","uri":"/selfcnil/api/configuration/site/documentGroup/71"},"publicationStatus":"None"}