{"id":"200","uri":"/selfcnil/api/configuration/site/document/200/content","contents":[{"locale":"fr_FR","content":"<span style=\"color:#2179c4;\"><strong>Oui.</strong></span><br />\r\n<br />\r\nDans une affaire concernant trois salariés licenciés ayant&nbsp;dénigré leur hiérarchie sur Facebook, un Conseil des prud'hommes a considéré que les propos publiés sur le mur d'un des salariés étaient publics car accessibles aux \"amis d'amis\".&nbsp;<br />\r\n<br />\r\nCes propos ont perdu leur caractère privé du fait qu'ils étaient accessibles à des personnes non concernées par la discussion.&nbsp;<br />\r\n<br />\r\n<span style=\"color:#2179c4;\"><strong>Soyez donc vigilant lorsque vous publiez des commentaires sur un réseau social !</strong></span>","format":"text/html"}]}