{"id":"202","uri":"/selfcnil/api/configuration/site/document/202","names":[{"name":"Réseaux sociaux : comment faire supprimer des informations publiées sans mon accord ?","locale":"fr_FR"}],"metadata":[{"locale":"fr_FR","name":"description","property":null,"content":"Facebook, Twitter, Copains d'avant, Viadeo, LinkedIn, internet, suppression, publication, réseau social"}],"content":{"uri":"/selfcnil/api/configuration/site/document/202/content"},"creator":{"uri":"/selfcnil/api/configuration/site/document/202/creator"},"creationDate":1425315301000,"lastModifier":{"uri":"/selfcnil/api/configuration/site/document/202/lastModifier"},"lastModificationDate":1537287686000,"fields":[{"name":"Description","value":null,"fieldType":"TEXT","fieldOrder":null,"fieldLength":null,"listOfValueId":null,"visibleByAgent":null,"visibleBySupervisor":null,"visibleByExternalSpecialist":null,"mandatoryForAgent":null,"mandatoryForSupervisor":null,"readonlyForAgent":null,"readonlyForSupervisor":null,"localisation":[{"label":"Description","value":"Facebook, Twitter, Copains d'avant, Viadeo, LinkedIn, internet, suppression, publication, réseau social","locale":"fr_FR"}]},{"name":"OrderTemplate","value":"","fieldType":"STRING","fieldOrder":null,"fieldLength":null,"listOfValueId":null,"visibleByAgent":null,"visibleBySupervisor":null,"visibleByExternalSpecialist":null,"mandatoryForAgent":null,"mandatoryForSupervisor":null,"readonlyForAgent":null,"readonlyForSupervisor":null,"localisation":[{"label":"Ordre d'affichage","value":"","locale":"fr_FR"}]}],"hits":[{"locale":"fr_FR","hits":157}],"ranks":[{"locale":"fr_FR","rank":1.407185628742515,"count":167}],"contacts":{"uri":"/selfcnil/api/configuration/site/document/202/contacts"},"relatedDocuments":{"uri":"/selfcnil/api/configuration/site/document/202/relatedDocuments"},"attachments":{"uri":"/selfcnil/api/configuration/site/document/202/attachments"},"path":[{"id":"12","uri":"/selfcnil/api/configuration/site/documentGroup/12"},{"id":"65","uri":"/selfcnil/api/configuration/site/documentGroup/65"},{"id":"70","uri":"/selfcnil/api/configuration/site/documentGroup/70"}],"parentGroup":{"id":"70","uri":"/selfcnil/api/configuration/site/documentGroup/70"},"publicationStatus":"None"}