{"id":"203","uri":"/selfcnil/api/configuration/site/document/203","names":[{"name":"Réseaux sociaux : comment limiter les risques pour ma vie privée ?","locale":"fr_FR"}],"metadata":[{"locale":"fr_FR","name":"description","property":null,"content":"Facebook, Twitter, Copains d'avant, Viadeo, LinkedIn, internet, site web, réseau social, vie privée"}],"content":{"uri":"/selfcnil/api/configuration/site/document/203/content"},"creator":{"uri":"/selfcnil/api/configuration/site/document/203/creator"},"creationDate":1425315473000,"lastModifier":{"uri":"/selfcnil/api/configuration/site/document/203/lastModifier"},"lastModificationDate":1484575906000,"fields":[{"name":"Description","value":null,"fieldType":"TEXT","fieldOrder":null,"fieldLength":null,"listOfValueId":null,"visibleByAgent":null,"visibleBySupervisor":null,"visibleByExternalSpecialist":null,"mandatoryForAgent":null,"mandatoryForSupervisor":null,"readonlyForAgent":null,"readonlyForSupervisor":null,"localisation":[{"label":"Description","value":"Facebook, Twitter, Copains d'avant, Viadeo, LinkedIn, internet, site web, réseau social, vie privée","locale":"fr_FR"}]},{"name":"OrderTemplate","value":"","fieldType":"STRING","fieldOrder":null,"fieldLength":null,"listOfValueId":null,"visibleByAgent":null,"visibleBySupervisor":null,"visibleByExternalSpecialist":null,"mandatoryForAgent":null,"mandatoryForSupervisor":null,"readonlyForAgent":null,"readonlyForSupervisor":null,"localisation":[{"label":"Ordre d'affichage","value":"","locale":"fr_FR"}]}],"hits":[{"locale":"fr_FR","hits":139}],"ranks":[{"locale":"fr_FR","rank":1.4059405940594059,"count":202}],"contacts":{"uri":"/selfcnil/api/configuration/site/document/203/contacts"},"relatedDocuments":{"uri":"/selfcnil/api/configuration/site/document/203/relatedDocuments"},"attachments":{"uri":"/selfcnil/api/configuration/site/document/203/attachments"},"path":[{"id":"12","uri":"/selfcnil/api/configuration/site/documentGroup/12"},{"id":"65","uri":"/selfcnil/api/configuration/site/documentGroup/65"},{"id":"70","uri":"/selfcnil/api/configuration/site/documentGroup/70"}],"parentGroup":{"id":"70","uri":"/selfcnil/api/configuration/site/documentGroup/70"},"publicationStatus":"None"}