{"id":"205","uri":"/selfcnil/api/configuration/site/document/205/content","contents":[{"locale":"fr_FR","content":"<font color=\"#2179c4\"><b>Non.</b></font><br />\r\n<br />\r\nLe&nbsp;délit d'usurpation d'identité (article 226-4-1 du Code pénal) relève de la compétence exclusive des juridictions judiciaires.\r\n<p>Si vous êtes victime, contactez rapidement le service de la police nationale <a href=\"https://lannuaire.service-public.fr/centres-contact/R13147\" target=\"_blank\">Info-escroqueries </a>au&nbsp;08 11 02 02 17 (prix d'un appel local).</p>\r\n\r\n<p><strong><span style=\"color: rgb(255, 81, 34);\">En savoir plus</span></strong> sur l'usurpation d'identité en ligne : <a href=\"https://www.cnil.fr/fr/lusurpation-didentite-en-questions\" target=\"_blank\"><font color=\"#0066cc\">ici</font></a>&nbsp;</p>\r\n<br />\r\n&nbsp;","format":"text/html"}]}