{"id":"206","uri":"/selfcnil/api/configuration/site/document/206","names":[{"name":"Quelques conseils pour vous protéger des usurpations d'identité sur internet","locale":"fr_FR"}],"metadata":[{"locale":"fr_FR","name":"description","property":null,"content":"internet, site web, usurpation d'identité, piratage, chiffrage, chiffrer, protection, crypter"}],"content":{"uri":"/selfcnil/api/configuration/site/document/206/content"},"creator":{"uri":"/selfcnil/api/configuration/site/document/206/creator"},"creationDate":1425316117000,"lastModifier":{"uri":"/selfcnil/api/configuration/site/document/206/lastModifier"},"lastModificationDate":1435240376000,"fields":[{"name":"Description","value":null,"fieldType":"TEXT","fieldOrder":null,"fieldLength":null,"listOfValueId":null,"visibleByAgent":null,"visibleBySupervisor":null,"visibleByExternalSpecialist":null,"mandatoryForAgent":null,"mandatoryForSupervisor":null,"readonlyForAgent":null,"readonlyForSupervisor":null,"localisation":[{"label":"Description","value":"internet, site web, usurpation d'identité, piratage, chiffrage, chiffrer, protection, crypter","locale":"fr_FR"}]},{"name":"OrderTemplate","value":"","fieldType":"STRING","fieldOrder":null,"fieldLength":null,"listOfValueId":null,"visibleByAgent":null,"visibleBySupervisor":null,"visibleByExternalSpecialist":null,"mandatoryForAgent":null,"mandatoryForSupervisor":null,"readonlyForAgent":null,"readonlyForSupervisor":null,"localisation":[{"label":"Ordre d'affichage","value":"","locale":"fr_FR"}]}],"hits":[{"locale":"fr_FR","hits":94}],"ranks":[{"locale":"fr_FR","rank":1.4851485148514851,"count":101}],"contacts":{"uri":"/selfcnil/api/configuration/site/document/206/contacts"},"relatedDocuments":{"uri":"/selfcnil/api/configuration/site/document/206/relatedDocuments"},"attachments":{"uri":"/selfcnil/api/configuration/site/document/206/attachments"},"path":[{"id":"12","uri":"/selfcnil/api/configuration/site/documentGroup/12"},{"id":"65","uri":"/selfcnil/api/configuration/site/documentGroup/65"},{"id":"70","uri":"/selfcnil/api/configuration/site/documentGroup/70"}],"parentGroup":{"id":"70","uri":"/selfcnil/api/configuration/site/documentGroup/70"},"publicationStatus":"None"}