{"id":"207","uri":"/selfcnil/api/configuration/site/document/207","names":[{"name":"Moteurs de recherche  : combien de temps conservent-ils les traces de mes démarches ?","locale":"fr_FR"}],"metadata":[{"locale":"fr_FR","name":"description","property":null,"content":"Google, Yahoo, Bing, moteur de recherche, durée de conservation"}],"content":{"uri":"/selfcnil/api/configuration/site/document/207/content"},"creator":{"uri":"/selfcnil/api/configuration/site/document/207/creator"},"creationDate":1425316246000,"lastModifier":{"uri":"/selfcnil/api/configuration/site/document/207/lastModifier"},"lastModificationDate":1435239294000,"fields":[{"name":"Description","value":null,"fieldType":"TEXT","fieldOrder":null,"fieldLength":null,"listOfValueId":null,"visibleByAgent":null,"visibleBySupervisor":null,"visibleByExternalSpecialist":null,"mandatoryForAgent":null,"mandatoryForSupervisor":null,"readonlyForAgent":null,"readonlyForSupervisor":null,"localisation":[{"label":"Description","value":"Google, Yahoo, Bing, moteur de recherche, durée de conservation","locale":"fr_FR"}]},{"name":"OrderTemplate","value":"","fieldType":"STRING","fieldOrder":null,"fieldLength":null,"listOfValueId":null,"visibleByAgent":null,"visibleBySupervisor":null,"visibleByExternalSpecialist":null,"mandatoryForAgent":null,"mandatoryForSupervisor":null,"readonlyForAgent":null,"readonlyForSupervisor":null,"localisation":[{"label":"Ordre d'affichage","value":"","locale":"fr_FR"}]}],"hits":[{"locale":"fr_FR","hits":206}],"ranks":[{"locale":"fr_FR","rank":1.4155844155844155,"count":77}],"contacts":{"uri":"/selfcnil/api/configuration/site/document/207/contacts"},"relatedDocuments":{"uri":"/selfcnil/api/configuration/site/document/207/relatedDocuments"},"attachments":{"uri":"/selfcnil/api/configuration/site/document/207/attachments"},"path":[{"id":"12","uri":"/selfcnil/api/configuration/site/documentGroup/12"},{"id":"65","uri":"/selfcnil/api/configuration/site/documentGroup/65"},{"id":"70","uri":"/selfcnil/api/configuration/site/documentGroup/70"}],"parentGroup":{"id":"70","uri":"/selfcnil/api/configuration/site/documentGroup/70"},"publicationStatus":"None"}