{"id":"208","uri":"/selfcnil/api/configuration/site/document/208","names":[{"name":"Moteurs de recherche : conservent-ils des informations sur ce que j'ai cherché ?","locale":"fr_FR"}],"metadata":[{"locale":"fr_FR","name":"description","property":null,"content":"Google, Yahoo, Bing, moteur de recherche, site web, internet, web, Qwant, ixquick"}],"content":{"uri":"/selfcnil/api/configuration/site/document/208/content"},"creator":{"uri":"/selfcnil/api/configuration/site/document/208/creator"},"creationDate":1425316419000,"lastModifier":{"uri":"/selfcnil/api/configuration/site/document/208/lastModifier"},"lastModificationDate":1435239436000,"fields":[{"name":"Description","value":null,"fieldType":"TEXT","fieldOrder":null,"fieldLength":null,"listOfValueId":null,"visibleByAgent":null,"visibleBySupervisor":null,"visibleByExternalSpecialist":null,"mandatoryForAgent":null,"mandatoryForSupervisor":null,"readonlyForAgent":null,"readonlyForSupervisor":null,"localisation":[{"label":"Description","value":"Google, Yahoo, Bing, moteur de recherche, site web, internet, web, Qwant, ixquick","locale":"fr_FR"}]},{"name":"OrderTemplate","value":"","fieldType":"STRING","fieldOrder":null,"fieldLength":null,"listOfValueId":null,"visibleByAgent":null,"visibleBySupervisor":null,"visibleByExternalSpecialist":null,"mandatoryForAgent":null,"mandatoryForSupervisor":null,"readonlyForAgent":null,"readonlyForSupervisor":null,"localisation":[{"label":"Ordre d'affichage","value":"","locale":"fr_FR"}]}],"hits":[{"locale":"fr_FR","hits":99}],"ranks":[{"locale":"fr_FR","rank":1.4731182795698925,"count":93}],"contacts":{"uri":"/selfcnil/api/configuration/site/document/208/contacts"},"relatedDocuments":{"uri":"/selfcnil/api/configuration/site/document/208/relatedDocuments"},"attachments":{"uri":"/selfcnil/api/configuration/site/document/208/attachments"},"path":[{"id":"12","uri":"/selfcnil/api/configuration/site/documentGroup/12"},{"id":"65","uri":"/selfcnil/api/configuration/site/documentGroup/65"},{"id":"70","uri":"/selfcnil/api/configuration/site/documentGroup/70"}],"parentGroup":{"id":"70","uri":"/selfcnil/api/configuration/site/documentGroup/70"},"publicationStatus":"None"}