{"id":"209","uri":"/selfcnil/api/configuration/site/document/209/content","contents":[{"locale":"fr_FR","content":"<span style=\"color: rgb(33, 121, 196);\"><strong>Non.</strong></span><br />\r\n<br />\r\nIl est techniquement impossible d'empêcher une recherche à partir d'un nom sur un moteur de recherche.&nbsp;<br />\r\n<br />\r\nSi vous souhaitez que certaines informations qui vous concernent soient supprimées d'internet, vous devez demander au responsable du site concerné de les supprimer. Pour cela, vous devez avoir un motif légitime.&nbsp;<br />\r\n<br />\r\nVous pouvez aussi demander le déréférencement de ces pages web aux principaux moteurs de recherche comme <a href=\"https://support.google.com/legal/contact/lr_eudpa?product=websearch&amp;hl=fr\" target=\"_blank\">Google</a> ou <a href=\"https://www.bing.com/webmaster/tools/eu-privacy-request\" target=\"_blank\">Bing</a>&nbsp;: elles n'apparaîtront plus dans les résultats de recherche si votre demande est légitime.","format":"text/html"}]}