{"id":"216","uri":"/selfcnil/api/configuration/site/document/216","names":[{"name":"Mon smartphone permet-il de me géolocaliser ?","locale":"fr_FR"}],"metadata":[{"locale":"fr_FR","name":"description","property":null,"content":"téléphone, mobile, portable, smartphone, iphone, géolocalisation"}],"content":{"uri":"/selfcnil/api/configuration/site/document/216/content"},"creator":{"uri":"/selfcnil/api/configuration/site/document/216/creator"},"creationDate":1425391333000,"lastModifier":{"uri":"/selfcnil/api/configuration/site/document/216/lastModifier"},"lastModificationDate":1435304176000,"fields":[{"name":"Description","value":null,"fieldType":"TEXT","fieldOrder":null,"fieldLength":null,"listOfValueId":null,"visibleByAgent":null,"visibleBySupervisor":null,"visibleByExternalSpecialist":null,"mandatoryForAgent":null,"mandatoryForSupervisor":null,"readonlyForAgent":null,"readonlyForSupervisor":null,"localisation":[{"label":"Description","value":"téléphone, mobile, portable, smartphone, iphone, géolocalisation","locale":"fr_FR"}]},{"name":"OrderTemplate","value":"9","fieldType":"STRING","fieldOrder":null,"fieldLength":null,"listOfValueId":null,"visibleByAgent":null,"visibleBySupervisor":null,"visibleByExternalSpecialist":null,"mandatoryForAgent":null,"mandatoryForSupervisor":null,"readonlyForAgent":null,"readonlyForSupervisor":null,"localisation":[{"label":"Ordre d'affichage","value":"9","locale":"fr_FR"}]}],"hits":[{"locale":"fr_FR","hits":69}],"ranks":[{"locale":"fr_FR","rank":1.518181818181818,"count":110}],"contacts":{"uri":"/selfcnil/api/configuration/site/document/216/contacts"},"relatedDocuments":{"uri":"/selfcnil/api/configuration/site/document/216/relatedDocuments"},"attachments":{"uri":"/selfcnil/api/configuration/site/document/216/attachments"},"path":[{"id":"12","uri":"/selfcnil/api/configuration/site/documentGroup/12"},{"id":"65","uri":"/selfcnil/api/configuration/site/documentGroup/65"},{"id":"83","uri":"/selfcnil/api/configuration/site/documentGroup/83"}],"parentGroup":{"id":"83","uri":"/selfcnil/api/configuration/site/documentGroup/83"},"publicationStatus":"None"}