{"id":"216","uri":"/selfcnil/api/configuration/site/document/216/content","contents":[{"locale":"fr_FR","content":"<span style=\"color:#2179c4;\"><strong>Oui.</strong></span>&nbsp;<br />\r\n<br />\r\nLa plupart des smartphones récents sont équipés d'une <span style=\"color:#2179c4;\"><strong>puce GPS</strong></span>. Votre localisation est également possible à partir d'un <span style=\"color:#2179c4;\"><strong>point d'accès Wifi</strong></span>. Il est donc possible de vous localiser quand vous avez votre smartphone sur vous.<br />\r\n<br />\r\nCes informations servent par exemple à établir des statistiques de fréquentation (par exemple, dans un&nbsp;centre commercial), à analyser de manière anonyme le parcours des clients dans un magasin, ou à évaluer le trafic routier en temps réel, etc.&nbsp;<br />\r\n<br />\r\nLes sociétés qui gèrent ces applications ou votre opérateur doivent <span style=\"color:#2179c4;\"><strong>vous informer</strong></span> de l'existence de la géolocalisation sur votre smartphone et de l'utilisation qui en est faite.&nbsp;<br />\r\nPour protéger votre vie privée, les données captées depuis votre téléphone doivent être rendues <span style=\"color:#2179c4;\"><strong>anonymes</strong></span> dans des délais très brefs, quelques minutes au plus, et supprimées sur votre demande.","format":"text/html"}]}