{"id":"217","uri":"/selfcnil/api/configuration/site/document/217","names":[{"name":"Préventel (fichier des impayés de la téléphonie mobile) : combien de temps va durer mon fichage ?","locale":"fr_FR"}],"metadata":[{"locale":"fr_FR","name":"description","property":null,"content":"téléphone, portable, mobile, fichage, exclusion, caution, Préventel"}],"content":{"uri":"/selfcnil/api/configuration/site/document/217/content"},"creator":{"uri":"/selfcnil/api/configuration/site/document/217/creator"},"creationDate":1425391521000,"lastModifier":{"uri":"/selfcnil/api/configuration/site/document/217/lastModifier"},"lastModificationDate":1455714700000,"fields":[{"name":"Description","value":null,"fieldType":"TEXT","fieldOrder":null,"fieldLength":null,"listOfValueId":null,"visibleByAgent":null,"visibleBySupervisor":null,"visibleByExternalSpecialist":null,"mandatoryForAgent":null,"mandatoryForSupervisor":null,"readonlyForAgent":null,"readonlyForSupervisor":null,"localisation":[{"label":"Description","value":"téléphone, portable, mobile, fichage, exclusion, caution, Préventel","locale":"fr_FR"}]},{"name":"OrderTemplate","value":"2","fieldType":"STRING","fieldOrder":null,"fieldLength":null,"listOfValueId":null,"visibleByAgent":null,"visibleBySupervisor":null,"visibleByExternalSpecialist":null,"mandatoryForAgent":null,"mandatoryForSupervisor":null,"readonlyForAgent":null,"readonlyForSupervisor":null,"localisation":[{"label":"Ordre d'affichage","value":"2","locale":"fr_FR"}]}],"hits":[{"locale":"fr_FR","hits":171}],"ranks":[{"locale":"fr_FR","rank":1.5164835164835164,"count":637}],"contacts":{"uri":"/selfcnil/api/configuration/site/document/217/contacts"},"relatedDocuments":{"uri":"/selfcnil/api/configuration/site/document/217/relatedDocuments"},"attachments":{"uri":"/selfcnil/api/configuration/site/document/217/attachments"},"path":[{"id":"12","uri":"/selfcnil/api/configuration/site/documentGroup/12"},{"id":"65","uri":"/selfcnil/api/configuration/site/documentGroup/65"},{"id":"83","uri":"/selfcnil/api/configuration/site/documentGroup/83"}],"parentGroup":{"id":"83","uri":"/selfcnil/api/configuration/site/documentGroup/83"},"publicationStatus":"None"}