{"id":"220","uri":"/selfcnil/api/configuration/site/document/220","names":[{"name":"Préventel (fichier des impayés de la téléphonie mobile) : c'est quoi ?","locale":"fr_FR"}],"metadata":[{"locale":"fr_FR","name":"description","property":null,"content":"téléphone, portable, mobile, fichage, exclusion, caution, Préventel, impayé, smartphone, boutique, preventiel"}],"content":{"uri":"/selfcnil/api/configuration/site/document/220/content"},"creator":{"uri":"/selfcnil/api/configuration/site/document/220/creator"},"creationDate":1425400302000,"lastModifier":{"uri":"/selfcnil/api/configuration/site/document/220/lastModifier"},"lastModificationDate":1484576435000,"fields":[{"name":"Description","value":null,"fieldType":"TEXT","fieldOrder":null,"fieldLength":null,"listOfValueId":null,"visibleByAgent":null,"visibleBySupervisor":null,"visibleByExternalSpecialist":null,"mandatoryForAgent":null,"mandatoryForSupervisor":null,"readonlyForAgent":null,"readonlyForSupervisor":null,"localisation":[{"label":"Description","value":"téléphone, portable, mobile, fichage, exclusion, caution, Préventel, impayé, smartphone, boutique, preventiel ","locale":"fr_FR"}]},{"name":"OrderTemplate","value":"1","fieldType":"STRING","fieldOrder":null,"fieldLength":null,"listOfValueId":null,"visibleByAgent":null,"visibleBySupervisor":null,"visibleByExternalSpecialist":null,"mandatoryForAgent":null,"mandatoryForSupervisor":null,"readonlyForAgent":null,"readonlyForSupervisor":null,"localisation":[{"label":"Ordre d'affichage","value":"1","locale":"fr_FR"}]}],"hits":[{"locale":"fr_FR","hits":272}],"ranks":[{"locale":"fr_FR","rank":1.5333333333333334,"count":75}],"contacts":{"uri":"/selfcnil/api/configuration/site/document/220/contacts"},"relatedDocuments":{"uri":"/selfcnil/api/configuration/site/document/220/relatedDocuments"},"attachments":{"uri":"/selfcnil/api/configuration/site/document/220/attachments"},"path":[{"id":"12","uri":"/selfcnil/api/configuration/site/documentGroup/12"},{"id":"65","uri":"/selfcnil/api/configuration/site/documentGroup/65"},{"id":"83","uri":"/selfcnil/api/configuration/site/documentGroup/83"}],"parentGroup":{"id":"83","uri":"/selfcnil/api/configuration/site/documentGroup/83"},"publicationStatus":"None"}