{"id":"221","uri":"/selfcnil/api/configuration/site/document/221","names":[{"name":"Comment savoir où en est ma réclamation (plainte) ?","locale":"fr_FR"}],"metadata":[{"locale":"fr_FR","name":"description","property":null,"content":"plainte, doléance, signalement, saisine, suivi"}],"content":{"uri":"/selfcnil/api/configuration/site/document/221/content"},"creator":{"uri":"/selfcnil/api/configuration/site/document/221/creator"},"creationDate":1426157833000,"lastModifier":{"uri":"/selfcnil/api/configuration/site/document/221/lastModifier"},"lastModificationDate":1536246172000,"fields":[{"name":"Description","value":null,"fieldType":"TEXT","fieldOrder":null,"fieldLength":null,"listOfValueId":null,"visibleByAgent":null,"visibleBySupervisor":null,"visibleByExternalSpecialist":null,"mandatoryForAgent":null,"mandatoryForSupervisor":null,"readonlyForAgent":null,"readonlyForSupervisor":null,"localisation":[{"label":"Description","value":"plainte, doléance, signalement, saisine, suivi","locale":"fr_FR"}]},{"name":"OrderTemplate","value":"20","fieldType":"STRING","fieldOrder":null,"fieldLength":null,"listOfValueId":null,"visibleByAgent":null,"visibleBySupervisor":null,"visibleByExternalSpecialist":null,"mandatoryForAgent":null,"mandatoryForSupervisor":null,"readonlyForAgent":null,"readonlyForSupervisor":null,"localisation":[{"label":"Ordre d'affichage","value":"20","locale":"fr_FR"}]}],"hits":[{"locale":"fr_FR","hits":189}],"ranks":[{"locale":"fr_FR","rank":1.5842696629213484,"count":267}],"contacts":{"uri":"/selfcnil/api/configuration/site/document/221/contacts"},"relatedDocuments":{"uri":"/selfcnil/api/configuration/site/document/221/relatedDocuments"},"attachments":{"uri":"/selfcnil/api/configuration/site/document/221/attachments"},"path":[{"id":"12","uri":"/selfcnil/api/configuration/site/documentGroup/12"},{"id":"65","uri":"/selfcnil/api/configuration/site/documentGroup/65"},{"id":"73","uri":"/selfcnil/api/configuration/site/documentGroup/73"}],"parentGroup":{"id":"73","uri":"/selfcnil/api/configuration/site/documentGroup/73"},"publicationStatus":"None"}