{"id":"221","uri":"/selfcnil/api/configuration/site/document/221/content","contents":[{"locale":"fr_FR","content":"Vous avez adressé une réclamation&nbsp;à la CNIL et souhaitez savoir où en est son instruction ?<br />\r\n<br />\r\nNos services peuvent vous renseigner, si votre réclamation nous a été adressée il y a <strong><span style=\"color: rgb(33, 121, 196);\">plus de trois mois.</span></strong><br />\r\n<br />\r\nPour cela, munissez-vous du numéro de votre réclamation qui vous a été communiqué dans l'accusé de réception que nous vous avons envoyé (par exemple, \"saisine n°1800XXXX\").<br />\r\n<br />\r\nVous avez deux moyens de nous contacter pour savoir où en est votre dossier:\r\n<ul>\r\n\t<li>Par courrier électronique, en cliquant sur ce lien :&nbsp;<a href=\"https://www.cnil.fr/webform/nous-contacter\" target=\"_blank\">Adressez votre demande à la CNIL</a></li>\r\n\t<li>Par téléphone, en demandant notre service des plaintes au 01 53 73 22 22 (coût d'un appel local, choix 2 puis 2 dans notre serveur vocal) les lundi de 9h45 à 12h30 et jeudi de 14h15 à 17h.</li>\r\n</ul>\r\n","format":"text/html"}]}