{"id":"227","uri":"/selfcnil/api/configuration/site/document/227/content","contents":[{"locale":"fr_FR","content":"Vous avez effectué des déclarations à la CNIL et ne retrouvez plus les formulaires que vous nous aviez adressés ?<br />\r\n<br />\r\nVous pouvez en obtenir un duplicata en nous adressant une demande par courrier électronique. N'oubliez pas de vous munir des informations suivantes:\r\n<ul>\r\n\t<li><span style=\"color:#2179c4;\"><strong>raison sociale</strong></span> de votre organisme déclarant</li>\r\n\t<li><span style=\"color:#2179c4;\"><strong>adresse</strong></span> postale de votre organisme déclarant</li>\r\n\t<li>numéro <span style=\"color:#2179c4;\"><strong>SIREN</strong></span> de votre organisme déclarant</li>\r\n\t<li><span style=\"color:#2179c4;\"><strong>numéro de votre déclaration</strong></span> (du type \"178XXXX\"). Attention, le numéro de type \"A158923uJ\" que vous avez peut-être conservé ne nous permettra pas de retrouver votre dossier. Ce numéro de brouillon, généré lors de l'accomplissement des formalités sur notre site internet, est temporaire et supprimé dès l'envoi de votre déclaration à la CNIL.</li>\r\n</ul>\r\n<br />\r\nUn duplicata vous sera adressé par courrier électronique dans un délai moyen maximum de 30 jours.<br />\r\n&nbsp;\r\n<div style=\"text-align: center;\"><span style=\"font-size:18px;\"><a href=\"https://www.cnil.fr/webform/nous-contacter\" target=\"_blank\"><u><strong>Adressez une demande à la CNIL</strong></u></a></span><br />\r\n&nbsp;</div>\r\n\r\n<div><span style=\"color:#ff5122;\"><strong>A savoir</strong></span><span style=\"color: rgb(255, 0, 0);\"><strong> </strong></span>: si vous avez effectué une déclaration simplifiée, c'est-à-dire un engagement de vous conformer à une norme établie par la CNIL (norme simplifiée, autorisation unique, acte réglementaire unique), nous&nbsp;ne pourrons pas vous adresser un duplicata de votre formulaire de déclaration. Seul&nbsp;un duplicata du récépissé que nous vous avons envoyé pour confirmer la bonne prise en compte de votre engagement vous sera adressé.</div>\r\n","format":"text/html"}]}