{"id":"229","uri":"/selfcnil/api/configuration/site/document/229/content","contents":[{"locale":"fr_FR","content":"Le TAJ remplace le fichier de police STIC et le fichier de gendarmerie JUDEX depuis le 1er&nbsp;janvier 2014.&nbsp;<br />\r\n<br />\r\nIl est&nbsp;commun&nbsp;à la police et à la gendarmerie et&nbsp;utilisé&nbsp;pour des enquêtes judiciaires (recherche des auteurs d'infractions) et des enquêtes administratives (par exemple,&nbsp;enquêtes préalables pour l'accès aux professions de la sécurité).<br />\r\n<br />\r\nLe TAJ contient le même type d'informations sur les personnes mises en cause et sur les victimes que STIC et JUDEX. Il comprend également de nouvelles fonctionnalités, comme la reconnaissance faciale des personnes à partir de la photographie de leur visage.<br />\r\n<br />\r\n<strong><span style=\"color: rgb(255, 81, 34);\">A noter</span> </strong>:&nbsp;le TAJ&nbsp;est totalement distinct du casier judiciaire qui ne contient que les condamnations. Vous pouvez donc être inscrit au TAJ sans avoir de casier judiciaire.<br />\r\n<br />\r\n<span style=\"color: rgb(255, 81, 34);\"><strong>Pour en savoir plus</strong></span>&nbsp;:&nbsp;<a href=\"https://www.cnil.fr/fr/taj-traitement-dantecedents-judiciaires\" target=\"_blank\">Le TAJ Fichier en fiche</a>","format":"text/html"}]}