{"id":"232","uri":"/selfcnil/api/configuration/site/document/232","names":[{"name":"TAJ (Traitement d'antécédents judiciaires - anciens STIC et JUDEX) : puis-je refuser d'y être inscrit(e) ?","locale":"fr_FR"}],"metadata":[{"locale":"fr_FR","name":"description","property":null,"content":"TAJ, STIC, JUDEX, infractions constatées, police, gendarmerie, fichiers de police, opposition"}],"content":{"uri":"/selfcnil/api/configuration/site/document/232/content"},"creator":{"uri":"/selfcnil/api/configuration/site/document/232/creator"},"creationDate":1426527563000,"lastModifier":{"uri":"/selfcnil/api/configuration/site/document/232/lastModifier"},"lastModificationDate":1436344633000,"fields":[{"name":"Description","value":null,"fieldType":"TEXT","fieldOrder":null,"fieldLength":null,"listOfValueId":null,"visibleByAgent":null,"visibleBySupervisor":null,"visibleByExternalSpecialist":null,"mandatoryForAgent":null,"mandatoryForSupervisor":null,"readonlyForAgent":null,"readonlyForSupervisor":null,"localisation":[{"label":"Description","value":"TAJ, STIC, JUDEX, infractions constatées, police, gendarmerie, fichiers de police, opposition","locale":"fr_FR"}]},{"name":"OrderTemplate","value":"","fieldType":"STRING","fieldOrder":null,"fieldLength":null,"listOfValueId":null,"visibleByAgent":null,"visibleBySupervisor":null,"visibleByExternalSpecialist":null,"mandatoryForAgent":null,"mandatoryForSupervisor":null,"readonlyForAgent":null,"readonlyForSupervisor":null,"localisation":[{"label":"Ordre d'affichage","value":"","locale":"fr_FR"}]}],"hits":[{"locale":"fr_FR","hits":153}],"ranks":[{"locale":"fr_FR","rank":1.4636363636363636,"count":110}],"contacts":{"uri":"/selfcnil/api/configuration/site/document/232/contacts"},"relatedDocuments":{"uri":"/selfcnil/api/configuration/site/document/232/relatedDocuments"},"attachments":{"uri":"/selfcnil/api/configuration/site/document/232/attachments"},"path":[{"id":"12","uri":"/selfcnil/api/configuration/site/documentGroup/12"},{"id":"65","uri":"/selfcnil/api/configuration/site/documentGroup/65"},{"id":"66","uri":"/selfcnil/api/configuration/site/documentGroup/66"}],"parentGroup":{"id":"66","uri":"/selfcnil/api/configuration/site/documentGroup/66"},"publicationStatus":"None"}