{"id":"233","uri":"/selfcnil/api/configuration/site/document/233","names":[{"name":"TAJ (Traitement d'antécédents judiciaires - anciens STIC et JUDEX) : combien de temps y suis-je fiché(e) ?","locale":"fr_FR"}],"metadata":[{"locale":"fr_FR","name":"description","property":null,"content":"TAJ, STIC, JUDEX, infractions constatées, police, gendarmerie, fichiers de police, durée"}],"content":{"uri":"/selfcnil/api/configuration/site/document/233/content"},"creator":{"uri":"/selfcnil/api/configuration/site/document/233/creator"},"creationDate":1426527696000,"lastModifier":{"uri":"/selfcnil/api/configuration/site/document/233/lastModifier"},"lastModificationDate":1436344577000,"fields":[{"name":"Description","value":null,"fieldType":"TEXT","fieldOrder":null,"fieldLength":null,"listOfValueId":null,"visibleByAgent":null,"visibleBySupervisor":null,"visibleByExternalSpecialist":null,"mandatoryForAgent":null,"mandatoryForSupervisor":null,"readonlyForAgent":null,"readonlyForSupervisor":null,"localisation":[{"label":"Description","value":"TAJ, STIC, JUDEX, infractions constatées, police, gendarmerie, fichiers de police, durée","locale":"fr_FR"}]},{"name":"OrderTemplate","value":"","fieldType":"STRING","fieldOrder":null,"fieldLength":null,"listOfValueId":null,"visibleByAgent":null,"visibleBySupervisor":null,"visibleByExternalSpecialist":null,"mandatoryForAgent":null,"mandatoryForSupervisor":null,"readonlyForAgent":null,"readonlyForSupervisor":null,"localisation":[{"label":"Ordre d'affichage","value":"","locale":"fr_FR"}]}],"hits":[{"locale":"fr_FR","hits":192}],"ranks":[{"locale":"fr_FR","rank":1.5555555555555556,"count":126}],"contacts":{"uri":"/selfcnil/api/configuration/site/document/233/contacts"},"relatedDocuments":{"uri":"/selfcnil/api/configuration/site/document/233/relatedDocuments"},"attachments":{"uri":"/selfcnil/api/configuration/site/document/233/attachments"},"path":[{"id":"12","uri":"/selfcnil/api/configuration/site/documentGroup/12"},{"id":"65","uri":"/selfcnil/api/configuration/site/documentGroup/65"},{"id":"66","uri":"/selfcnil/api/configuration/site/documentGroup/66"}],"parentGroup":{"id":"66","uri":"/selfcnil/api/configuration/site/documentGroup/66"},"publicationStatus":"None"}