{"id":"233","uri":"/selfcnil/api/configuration/site/document/233/content","contents":[{"locale":"fr_FR","content":"<ul>\r\n\t<li><span style=\"color: rgb(33, 121, 196);\"><strong>Je suis mis en cause&nbsp;dans la procédure</strong></span>&nbsp;: le fichage est de 20 ans en principe (mais la durée peut être de 5 ans ou de 40 ans en fonction de la gravité de l'infraction).</li>\r\n</ul>\r\n<strong><span style=\"color: rgb(255, 81, 34);\">A noter</span>&nbsp;</strong>: pour les mineurs, le fichage dure 5 ans en principe (mais la durée peut être de 10 ans ou de 20 ans en fonction de la gravité de l'infraction).&nbsp; &nbsp; &nbsp; &nbsp; &nbsp;<br />\r\n&nbsp; &nbsp; &nbsp; &nbsp; &nbsp; &nbsp; &nbsp; &nbsp; &nbsp; &nbsp; &nbsp; &nbsp; &nbsp; &nbsp; &nbsp; &nbsp; &nbsp; &nbsp; &nbsp; &nbsp; &nbsp; &nbsp;&nbsp; &nbsp; &nbsp; &nbsp; &nbsp; &nbsp; &nbsp;&nbsp; &nbsp; &nbsp; &nbsp; &nbsp; &nbsp; &nbsp; &nbsp; &nbsp; &nbsp; &nbsp; &nbsp; &nbsp; &nbsp; &nbsp; &nbsp; &nbsp; &nbsp; &nbsp; &nbsp; &nbsp;\r\n<ul>\r\n\t<li><span style=\"color: rgb(33, 121, 196);\"><strong>Je suis la victime dans la procédure</strong></span>&nbsp;: le fichage est de 15 ans.&nbsp;</li>\r\n</ul>\r\n<span style=\"color: rgb(255, 81, 34);\"><strong>A noter</strong></span>&nbsp;:&nbsp;je peux demander la fin de mon&nbsp;fichage avant ce délai si l'auteur des faits a été définitivement condamné.<br />\r\nPour cela,&nbsp;je m'adresse à la Direction générale de la Police nationale (11 Rue des Saussaies,&nbsp;75008 Paris) ou à la Direction Générale de la Gendarmerie Nationale (Caserne Lange,&nbsp;5 Boulevard de l'Hautil,&nbsp;95000 PONTOISE&nbsp;).","format":"text/html"}]}