{"id":"234","uri":"/selfcnil/api/configuration/site/document/234","names":[{"name":"TAJ (Traitement d'antécédents judiciaires - anciens STIC et JUDEX) : comment y accéder ?","locale":"fr_FR"}],"metadata":[{"locale":"fr_FR","name":"description","property":null,"content":"TAJ, STIC, JUDEX, infractions constatées, police, gendarmerie, fichiers de police, enquête administrative, accès, DAI"}],"content":{"uri":"/selfcnil/api/configuration/site/document/234/content"},"creator":{"uri":"/selfcnil/api/configuration/site/document/234/creator"},"creationDate":1426527900000,"lastModifier":{"uri":"/selfcnil/api/configuration/site/document/234/lastModifier"},"lastModificationDate":1533305734000,"fields":[{"name":"Description","value":null,"fieldType":"TEXT","fieldOrder":null,"fieldLength":null,"listOfValueId":null,"visibleByAgent":null,"visibleBySupervisor":null,"visibleByExternalSpecialist":null,"mandatoryForAgent":null,"mandatoryForSupervisor":null,"readonlyForAgent":null,"readonlyForSupervisor":null,"localisation":[{"label":"Description","value":"TAJ, STIC, JUDEX, infractions constatées, police, gendarmerie, fichiers de police, enquête administrative, accès, DAI","locale":"fr_FR"}]},{"name":"OrderTemplate","value":"","fieldType":"STRING","fieldOrder":null,"fieldLength":null,"listOfValueId":null,"visibleByAgent":null,"visibleBySupervisor":null,"visibleByExternalSpecialist":null,"mandatoryForAgent":null,"mandatoryForSupervisor":null,"readonlyForAgent":null,"readonlyForSupervisor":null,"localisation":[{"label":"Ordre d'affichage","value":"","locale":"fr_FR"}]}],"hits":[{"locale":"fr_FR","hits":350}],"ranks":[{"locale":"fr_FR","rank":1.6404494382022472,"count":267}],"contacts":{"uri":"/selfcnil/api/configuration/site/document/234/contacts"},"relatedDocuments":{"uri":"/selfcnil/api/configuration/site/document/234/relatedDocuments"},"attachments":{"uri":"/selfcnil/api/configuration/site/document/234/attachments"},"path":[{"id":"12","uri":"/selfcnil/api/configuration/site/documentGroup/12"},{"id":"65","uri":"/selfcnil/api/configuration/site/documentGroup/65"},{"id":"66","uri":"/selfcnil/api/configuration/site/documentGroup/66"}],"parentGroup":{"id":"66","uri":"/selfcnil/api/configuration/site/documentGroup/66"},"publicationStatus":"None"}