{"id":"234","uri":"/selfcnil/api/configuration/site/document/234/content","contents":[{"locale":"fr_FR","content":"<div style=\"text-align: justify;\"><strong>Depuis le <a href=\"https://www.legifrance.gouv.fr/affichTexte.do?cidTexte=JORFTEXT000000241445&amp;categorieLien=cid\" target=\"_blank\">3 août 2018</a>, vous disposez d'un droit d'accès et de rectification direct au fichier TAJ. Il n'est plus nécessaire de demander à la CNIL d'intervenir.</strong></div>\r\n\r\n<p style=\"text-align: justify;\">Pour exercer ce droit, écrivez directement, en joignant la copie d'un titre d'identité ou un extrait d'acte de naissance, à :</p>\r\n\r\n<p style=\"text-align: center;\">Ministère de l'intérieur<br />\r\nPlace Beauvau<br />\r\n75800 PARIS</p>\r\n\r\n<p style=\"text-align: justify;\">Le ministère de l'intérieur a <strong>2 mois </strong>pour vous répondre.</p>\r\n\r\n<div style=\"text-align: justify;\"><strong>Si dans ce délai de 2 mois, le ministère ne vous répond pas ou vous indique qu'il ne peut pas vous répondre</strong> (il restreint l'accès au TAJ comme la loi le lui permet), vous pouvez alors <strong>saisir la CNIL</strong> en nous écrivant à :</div>\r\n\r\n<p style=\"text-align: center;\">CNIL<br />\r\n3 Place de Fontenoy<br />\r\nTSA 80715<br />\r\n75334 PARIS CEDEX 07</p>\r\n\r\n<p><strong><span style=\"color:#ff5122;\">Attention !</span></strong> Il est impératif de joindre à votre courrier :</p>\r\n\r\n<ul>\r\n\t<li>La copie d'un titre d'identité ou un extrait d'acte de naissance.</li>\r\n\t<li>La copie de votre courrier au ministère s'il ne vous a pas répondu.</li>\r\n\t<li>La copie du courrier que vous a adressé le ministère dans le cas où il vous a indiqué ne pas pouvoir vous répondre favorablement.</li>\r\n\t<li>La copie des décisions judiciaires favorables (jugement de relaxe ou d'acquittement, ordonnance de non-lieu, décision de classement sans suite) dans les affaires où vous auriez été mis en cause.</li>\r\n</ul>\r\n\r\n<p><strong><span style=\"color:#ff5122;\">Et après ?</span></strong></p>\r\n\r\n<p style=\"text-align: justify;\">La CNIL se chargera de vérifier&nbsp;pour vous le TAJ.<br />\r\nSi les conditions sont remplies, la CNIL fera rectifier ou effacer vos données inscrites dans le TAJ. <strong><span style=\"color:#2179c4;\">A noter</span></strong> : Compte tenu de la complexité des démarches, le délai de traitement des demandes est de plusieurs mois.</p>\r\n\r\n<p style=\"text-align: justify;\">&nbsp;</p>\r\n\r\n<p style=\"text-align: justify;\">&nbsp;</p>\r\n\r\n<p style=\"text-align: justify;\">&nbsp;</p>\r\n\r\n<p style=\"text-align: justify;\">&nbsp;</p>\r\n","format":"text/html"}]}