{"id":"235","uri":"/selfcnil/api/configuration/site/document/235/content","contents":[{"locale":"fr_FR","content":"<ul>\r\n\t<li><span style=\"color:#2179c4;\"><strong>Je suis mis(e) en cause</strong></span>&nbsp; : &nbsp;&nbsp;&nbsp;&nbsp;&nbsp;&nbsp;&nbsp;&nbsp;&nbsp;&nbsp;&nbsp;&nbsp;&nbsp;&nbsp;&nbsp;&nbsp;&nbsp;&nbsp;&nbsp;&nbsp;&nbsp;&nbsp;&nbsp;&nbsp;&nbsp;&nbsp;&nbsp;&nbsp;&nbsp;&nbsp;&nbsp;&nbsp;&nbsp;&nbsp;&nbsp;&nbsp;&nbsp;&nbsp;&nbsp;&nbsp;&nbsp;&nbsp;&nbsp;&nbsp;&nbsp;&nbsp;&nbsp;&nbsp;&nbsp;&nbsp;&nbsp;&nbsp;&nbsp;&nbsp;&nbsp;&nbsp;&nbsp;&nbsp;&nbsp;&nbsp;&nbsp;&nbsp;&nbsp;&nbsp;&nbsp;&nbsp;&nbsp;&nbsp;&nbsp;&nbsp;&nbsp;&nbsp;&nbsp;&nbsp;&nbsp;&nbsp;&nbsp;&nbsp;&nbsp;&nbsp;</li>\r\n</ul>\r\nJe peux demander l'effacement de mon inscription au TAJ&nbsp;si je bénéficie d'un&nbsp;jugement de relaxe ou d'acquittement, d'une ordonnance de non-lieu ou d'une décision de classement sans suite,<br />\r\n<br />\r\nPour cela, je&nbsp;m'adresse&nbsp;:\r\n<ul>\r\n\t<li>Au procureur de la République auprès du Tribunal où&nbsp;j'ai été mis en cause ;</li>\r\n\t<li>Directement, au ministère de l'intérieur (Place Beauvau -&nbsp;75800 PARIS) en joignant la copie d'un titre d'identité ou un extrait d'acte de naissance. En&nbsp;effet,&nbsp;<b>Depuis le <a href=\"https://www.legifrance.gouv.fr/affichTexte.do?cidTexte=JORFTEXT000000241445&amp;categorieLien=cid\" target=\"_blank\">3 août 2018</a>, </b>vous disposez d'un <a href=\"https://www.cnil.fr/cnil-direct/question/234?visiteur=part\" target=\"_blank\">droit d'accès et de rectification direct au fichier TAJ. </a></li>\r\n</ul>\r\n&nbsp; &nbsp;&nbsp;\r\n\r\n<ul>\r\n\t<li><span style=\"color:#2179c4;\"><strong>Je suis victime</strong></span>&nbsp;: &nbsp;&nbsp;&nbsp;&nbsp;&nbsp;&nbsp;&nbsp;&nbsp;&nbsp;&nbsp;&nbsp;&nbsp;&nbsp;&nbsp;&nbsp;&nbsp;&nbsp;&nbsp;&nbsp;&nbsp;&nbsp;&nbsp;&nbsp;&nbsp;&nbsp;&nbsp;&nbsp;&nbsp;&nbsp;&nbsp;&nbsp;&nbsp;&nbsp;&nbsp;&nbsp;&nbsp;&nbsp;&nbsp;&nbsp;&nbsp;&nbsp;&nbsp;&nbsp;&nbsp;&nbsp;&nbsp;&nbsp;&nbsp;&nbsp;&nbsp;&nbsp;&nbsp;&nbsp;&nbsp;&nbsp;&nbsp;&nbsp;&nbsp;&nbsp;&nbsp;&nbsp;&nbsp;&nbsp;&nbsp;&nbsp;&nbsp;</li>\r\n</ul>\r\nJe peux demander l'effacement de mon inscription&nbsp;dans le&nbsp;TAJ&nbsp;dès que l'auteur des faits a été condamné de manière définitive.<br />\r\n<br />\r\nPour cela, je m'adresse à la Direction générale de la Police nationale (11 Rue des Saussaies,&nbsp;75008 Paris) ou à la Direction Générale de la Gendarmerie Nationale (Caserne Lange,&nbsp;5 Boulevard de&nbsp;l'Hautil,&nbsp;95000&nbsp;PONTOISE).","format":"text/html"}]}