{"id":"236","uri":"/selfcnil/api/configuration/site/document/236","names":[{"name":"La CNIL peut-elle donner son avis sur un projet de \"charte informatique\" ?","locale":"fr_FR"}],"metadata":[{"locale":"fr_FR","name":"description","property":null,"content":"charte, informatique, systèmes d'information, employeur, syndicat, règlement intérieur"}],"content":{"uri":"/selfcnil/api/configuration/site/document/236/content"},"creator":{"uri":"/selfcnil/api/configuration/site/document/236/creator"},"creationDate":1426757245000,"lastModifier":{"uri":"/selfcnil/api/configuration/site/document/236/lastModifier"},"lastModificationDate":1570786518000,"fields":[{"name":"Description","value":null,"fieldType":"TEXT","fieldOrder":null,"fieldLength":null,"listOfValueId":null,"visibleByAgent":null,"visibleBySupervisor":null,"visibleByExternalSpecialist":null,"mandatoryForAgent":null,"mandatoryForSupervisor":null,"readonlyForAgent":null,"readonlyForSupervisor":null,"localisation":[{"label":"Description","value":"charte, informatique, systèmes d'information, employeur, syndicat, règlement intérieur","locale":"fr_FR"}]},{"name":"OrderTemplate","value":"","fieldType":"STRING","fieldOrder":null,"fieldLength":null,"listOfValueId":null,"visibleByAgent":null,"visibleBySupervisor":null,"visibleByExternalSpecialist":null,"mandatoryForAgent":null,"mandatoryForSupervisor":null,"readonlyForAgent":null,"readonlyForSupervisor":null,"localisation":[{"label":"Ordre d'affichage","value":"","locale":"fr_FR"}]}],"hits":[{"locale":"fr_FR","hits":38}],"ranks":[{"locale":"fr_FR","rank":1.5695364238410596,"count":151}],"contacts":{"uri":"/selfcnil/api/configuration/site/document/236/contacts"},"relatedDocuments":{"uri":"/selfcnil/api/configuration/site/document/236/relatedDocuments"},"attachments":{"uri":"/selfcnil/api/configuration/site/document/236/attachments"},"path":[{"id":"12","uri":"/selfcnil/api/configuration/site/documentGroup/12"},{"id":"65","uri":"/selfcnil/api/configuration/site/documentGroup/65"},{"id":"71","uri":"/selfcnil/api/configuration/site/documentGroup/71"}],"parentGroup":{"id":"71","uri":"/selfcnil/api/configuration/site/documentGroup/71"},"publicationStatus":"None"}