{"id":"236","uri":"/selfcnil/api/configuration/site/document/236/content","contents":[{"locale":"fr_FR","content":"<span style=\"color:#2179c4;\"><strong>Non</strong></span>. La CNIL n'a pas vocation à se prononcer sur l'ensemble d'un projet de&nbsp;charte informatique.<br />\r\n<br />\r\nElle peut, en revanche, donner&nbsp;son avis&nbsp;sur des aspects précis du projet de charte relatifs à la protection des données personnelles, si certains doutes existent.<br />\r\n<br />\r\n<span style=\"color:#ff5122;\"><strong>A savoir</strong></span> : une charte informatique n'a pas à être déclarée à la CNIL.<br />\r\n<br />\r\n<span style=\"color:#ff5122;\"><strong>En savoir plus</strong></span> : <a href=\"https://www.cnil.fr/fr/les-outils-informatiques-au-travail\" target=\"_blank\">Fiche pratique Outils informatiques au travail</a>","format":"text/html"}]}