{"id":"237","uri":"/selfcnil/api/configuration/site/document/237","names":[{"name":"Casier judiciaire : que peut-on y trouver sur moi ?","locale":"fr_FR"}],"metadata":[{"locale":"fr_FR","name":"description","property":null,"content":"casier, condamnation, bulletin, extrait, accès"}],"content":{"uri":"/selfcnil/api/configuration/site/document/237/content"},"creator":{"uri":"/selfcnil/api/configuration/site/document/237/creator"},"creationDate":1426759149000,"lastModifier":{"uri":"/selfcnil/api/configuration/site/document/237/lastModifier"},"lastModificationDate":1434465005000,"fields":[{"name":"Description","value":null,"fieldType":"TEXT","fieldOrder":null,"fieldLength":null,"listOfValueId":null,"visibleByAgent":null,"visibleBySupervisor":null,"visibleByExternalSpecialist":null,"mandatoryForAgent":null,"mandatoryForSupervisor":null,"readonlyForAgent":null,"readonlyForSupervisor":null,"localisation":[{"label":"Description","value":"casier, condamnation, bulletin, extrait, accès","locale":"fr_FR"}]},{"name":"OrderTemplate","value":"","fieldType":"STRING","fieldOrder":null,"fieldLength":null,"listOfValueId":null,"visibleByAgent":null,"visibleBySupervisor":null,"visibleByExternalSpecialist":null,"mandatoryForAgent":null,"mandatoryForSupervisor":null,"readonlyForAgent":null,"readonlyForSupervisor":null,"localisation":[{"label":"Ordre d'affichage","value":"","locale":"fr_FR"}]}],"hits":[{"locale":"fr_FR","hits":229}],"ranks":[{"locale":"fr_FR","rank":1.6181818181818182,"count":165}],"contacts":{"uri":"/selfcnil/api/configuration/site/document/237/contacts"},"relatedDocuments":{"uri":"/selfcnil/api/configuration/site/document/237/relatedDocuments"},"attachments":{"uri":"/selfcnil/api/configuration/site/document/237/attachments"},"path":[{"id":"12","uri":"/selfcnil/api/configuration/site/documentGroup/12"},{"id":"65","uri":"/selfcnil/api/configuration/site/documentGroup/65"},{"id":"66","uri":"/selfcnil/api/configuration/site/documentGroup/66"}],"parentGroup":{"id":"66","uri":"/selfcnil/api/configuration/site/documentGroup/66"},"publicationStatus":"None"}