{"id":"238","uri":"/selfcnil/api/configuration/site/document/238","names":[{"name":"TAJ (Traitement d'antécédents judiciaires - anciens STIC et JUDEX) : est-il consulté lors de l'accès à certaines professions ?","locale":"fr_FR"}],"metadata":[{"locale":"fr_FR","name":"description","property":null,"content":"TAJ, STIC, JUDEX, infractions constatées, police, gendarmerie, fichiers de police, travail, emploi, enquête administrative, CNAPS, agent de sécurité, vigile, aéroport, centrale nucléaire, EDF, préfecture"}],"content":{"uri":"/selfcnil/api/configuration/site/document/238/content"},"creator":{"uri":"/selfcnil/api/configuration/site/document/238/creator"},"creationDate":1426759471000,"lastModifier":{"uri":"/selfcnil/api/configuration/site/document/238/lastModifier"},"lastModificationDate":1533298619000,"fields":[{"name":"Description","value":null,"fieldType":"TEXT","fieldOrder":null,"fieldLength":null,"listOfValueId":null,"visibleByAgent":null,"visibleBySupervisor":null,"visibleByExternalSpecialist":null,"mandatoryForAgent":null,"mandatoryForSupervisor":null,"readonlyForAgent":null,"readonlyForSupervisor":null,"localisation":[{"label":"Description","value":"TAJ, STIC, JUDEX, infractions constatées, police, gendarmerie, fichiers de police, travail, emploi, enquête administrative, CNAPS, agent de sécurité, vigile, aéroport, centrale nucléaire, EDF, préfecture","locale":"fr_FR"}]},{"name":"OrderTemplate","value":"","fieldType":"STRING","fieldOrder":null,"fieldLength":null,"listOfValueId":null,"visibleByAgent":null,"visibleBySupervisor":null,"visibleByExternalSpecialist":null,"mandatoryForAgent":null,"mandatoryForSupervisor":null,"readonlyForAgent":null,"readonlyForSupervisor":null,"localisation":[{"label":"Ordre d'affichage","value":"","locale":"fr_FR"}]}],"hits":[{"locale":"fr_FR","hits":500}],"ranks":[{"locale":"fr_FR","rank":1.5161290322580645,"count":93}],"contacts":{"uri":"/selfcnil/api/configuration/site/document/238/contacts"},"relatedDocuments":{"uri":"/selfcnil/api/configuration/site/document/238/relatedDocuments"},"attachments":{"uri":"/selfcnil/api/configuration/site/document/238/attachments"},"path":[{"id":"12","uri":"/selfcnil/api/configuration/site/documentGroup/12"},{"id":"65","uri":"/selfcnil/api/configuration/site/documentGroup/65"},{"id":"66","uri":"/selfcnil/api/configuration/site/documentGroup/66"}],"parentGroup":{"id":"66","uri":"/selfcnil/api/configuration/site/documentGroup/66"},"publicationStatus":"None"}