{"id":"239","uri":"/selfcnil/api/configuration/site/document/239","names":[{"name":"Casier judiciaire : comment obtenir un extrait ?","locale":"fr_FR"}],"metadata":[{"locale":"fr_FR","name":"description","property":null,"content":"casier, condamnation, bulletin, extrait, relevé intégral"}],"content":{"uri":"/selfcnil/api/configuration/site/document/239/content"},"creator":{"uri":"/selfcnil/api/configuration/site/document/239/creator"},"creationDate":1426763165000,"lastModifier":{"uri":"/selfcnil/api/configuration/site/document/239/lastModifier"},"lastModificationDate":1556034678000,"fields":[{"name":"Description","value":null,"fieldType":"TEXT","fieldOrder":null,"fieldLength":null,"listOfValueId":null,"visibleByAgent":null,"visibleBySupervisor":null,"visibleByExternalSpecialist":null,"mandatoryForAgent":null,"mandatoryForSupervisor":null,"readonlyForAgent":null,"readonlyForSupervisor":null,"localisation":[{"label":"Description","value":"casier, condamnation, bulletin, extrait, relevé intégral","locale":"fr_FR"}]},{"name":"OrderTemplate","value":"","fieldType":"STRING","fieldOrder":null,"fieldLength":null,"listOfValueId":null,"visibleByAgent":null,"visibleBySupervisor":null,"visibleByExternalSpecialist":null,"mandatoryForAgent":null,"mandatoryForSupervisor":null,"readonlyForAgent":null,"readonlyForSupervisor":null,"localisation":[{"label":"Ordre d'affichage","value":"","locale":"fr_FR"}]}],"hits":[{"locale":"fr_FR","hits":234}],"ranks":[{"locale":"fr_FR","rank":1.542483660130719,"count":153}],"contacts":{"uri":"/selfcnil/api/configuration/site/document/239/contacts"},"relatedDocuments":{"uri":"/selfcnil/api/configuration/site/document/239/relatedDocuments"},"attachments":{"uri":"/selfcnil/api/configuration/site/document/239/attachments"},"path":[{"id":"12","uri":"/selfcnil/api/configuration/site/documentGroup/12"},{"id":"65","uri":"/selfcnil/api/configuration/site/documentGroup/65"},{"id":"66","uri":"/selfcnil/api/configuration/site/documentGroup/66"}],"parentGroup":{"id":"66","uri":"/selfcnil/api/configuration/site/documentGroup/66"},"publicationStatus":"None"}