{"id":"240","uri":"/selfcnil/api/configuration/site/document/240","names":[{"name":"Casier judiciaire : la CNIL peut-elle faire effacer des mentions de ma fiche ?","locale":"fr_FR"}],"metadata":[{"locale":"fr_FR","name":"description","property":null,"content":"casier, condamnation, bulletin, extrait, relevé intégral, effacement"}],"content":{"uri":"/selfcnil/api/configuration/site/document/240/content"},"creator":{"uri":"/selfcnil/api/configuration/site/document/240/creator"},"creationDate":1426763683000,"lastModifier":{"uri":"/selfcnil/api/configuration/site/document/240/lastModifier"},"lastModificationDate":1434464971000,"fields":[{"name":"Description","value":null,"fieldType":"TEXT","fieldOrder":null,"fieldLength":null,"listOfValueId":null,"visibleByAgent":null,"visibleBySupervisor":null,"visibleByExternalSpecialist":null,"mandatoryForAgent":null,"mandatoryForSupervisor":null,"readonlyForAgent":null,"readonlyForSupervisor":null,"localisation":[{"label":"Description","value":"casier, condamnation, bulletin, extrait, relevé intégral, effacement","locale":"fr_FR"}]},{"name":"OrderTemplate","value":"","fieldType":"STRING","fieldOrder":null,"fieldLength":null,"listOfValueId":null,"visibleByAgent":null,"visibleBySupervisor":null,"visibleByExternalSpecialist":null,"mandatoryForAgent":null,"mandatoryForSupervisor":null,"readonlyForAgent":null,"readonlyForSupervisor":null,"localisation":[{"label":"Ordre d'affichage","value":"","locale":"fr_FR"}]}],"hits":[{"locale":"fr_FR","hits":243}],"ranks":[{"locale":"fr_FR","rank":1.53125,"count":128}],"contacts":{"uri":"/selfcnil/api/configuration/site/document/240/contacts"},"relatedDocuments":{"uri":"/selfcnil/api/configuration/site/document/240/relatedDocuments"},"attachments":{"uri":"/selfcnil/api/configuration/site/document/240/attachments"},"path":[{"id":"12","uri":"/selfcnil/api/configuration/site/documentGroup/12"},{"id":"65","uri":"/selfcnil/api/configuration/site/documentGroup/65"},{"id":"66","uri":"/selfcnil/api/configuration/site/documentGroup/66"}],"parentGroup":{"id":"66","uri":"/selfcnil/api/configuration/site/documentGroup/66"},"publicationStatus":"None"}