{"id":"240","uri":"/selfcnil/api/configuration/site/document/240/content","contents":[{"locale":"fr_FR","content":"<span style=\"color:#2179c4;\"><strong>Non</strong></span>. La CNIL ne peut pas agir&nbsp;dans ce domaine.<br />\r\n<br />\r\nMais vous pouvez demander l'effacement anticipé des condamnations figurant sur les bulletins 2 et 3 de votre casier judiciaire. Votre demande doit être motivée, par exemple par un projet professionnel.<br />\r\n<br />\r\n<span style=\"color:#ff5122;\"><strong>A savoir</strong></span>&nbsp;: les condamnations du bulletin n°1 ne peuvent être effacées que par la procédure de réhabilitation judiciaire qui est accordée de manière exceptionnelle.\r\n\r\n<ul>\r\n\t<li><span style=\"color:#2179c4;\"><strong>Procédure</strong></span>&nbsp;</li>\r\n</ul>\r\nVous devez adresser votre demande d'effacement des bulletins n°1, 2 ou 3 :\r\n\r\n<ul style=\"margin-left: 40px;\">\r\n\t<li>au procureur de la République du Tribunal qui a prononcé la condamnation ou, s'il y a plusieurs condamnations, au dernier Tribunal qui a statué ;</li>\r\n\t<li>ou au procureur général de la Cour d'appel si vous avez fait appel de la condamnation, ou si elle a été rendue par une Cour d'assises.</li>\r\n</ul>\r\n","format":"text/html"}]}