{"id":"241","uri":"/selfcnil/api/configuration/site/document/241","names":[{"name":"Vidéoprotection : puis-je accéder aux images sur lesquelles j'apparais ?","locale":"fr_FR"}],"metadata":[{"locale":"fr_FR","name":"description","property":null,"content":"caméra, vidéo, droit d'accès, voie publique, lieu ouvert au public, Police, Justice, Sécurité, Caméras, Videoprotection, Lieu public, espace public, videosurveillance, vidéo-protection, public, personne, passant, accès"}],"content":{"uri":"/selfcnil/api/configuration/site/document/241/content"},"creator":{"uri":"/selfcnil/api/configuration/site/document/241/creator"},"creationDate":1426763777000,"lastModifier":{"uri":"/selfcnil/api/configuration/site/document/241/lastModifier"},"lastModificationDate":1485246629000,"fields":[{"name":"Description","value":null,"fieldType":"TEXT","fieldOrder":null,"fieldLength":null,"listOfValueId":null,"visibleByAgent":null,"visibleBySupervisor":null,"visibleByExternalSpecialist":null,"mandatoryForAgent":null,"mandatoryForSupervisor":null,"readonlyForAgent":null,"readonlyForSupervisor":null,"localisation":[{"label":"Description","value":"caméra, vidéo, droit d'accès, voie publique, lieu ouvert au public, Police, Justice, Sécurité, Caméras, Videoprotection, Lieu public, espace public, videosurveillance, vidéo-protection, public, personne, passant, accès","locale":"fr_FR"}]},{"name":"OrderTemplate","value":"","fieldType":"STRING","fieldOrder":null,"fieldLength":null,"listOfValueId":null,"visibleByAgent":null,"visibleBySupervisor":null,"visibleByExternalSpecialist":null,"mandatoryForAgent":null,"mandatoryForSupervisor":null,"readonlyForAgent":null,"readonlyForSupervisor":null,"localisation":[{"label":"Ordre d'affichage","value":"","locale":"fr_FR"}]}],"hits":[{"locale":"fr_FR","hits":96}],"ranks":[{"locale":"fr_FR","rank":1.510204081632653,"count":98}],"contacts":{"uri":"/selfcnil/api/configuration/site/document/241/contacts"},"relatedDocuments":{"uri":"/selfcnil/api/configuration/site/document/241/relatedDocuments"},"attachments":{"uri":"/selfcnil/api/configuration/site/document/241/attachments"},"path":[{"id":"12","uri":"/selfcnil/api/configuration/site/documentGroup/12"},{"id":"65","uri":"/selfcnil/api/configuration/site/documentGroup/65"},{"id":"82","uri":"/selfcnil/api/configuration/site/documentGroup/82"}],"parentGroup":{"id":"82","uri":"/selfcnil/api/configuration/site/documentGroup/82"},"publicationStatus":"None"}