{"id":"241","uri":"/selfcnil/api/configuration/site/document/241/content","contents":[{"locale":"fr_FR","content":"<span style=\"color:#2179c4;\"><strong>Oui.</strong></span><br />\r\n<br />\r\nVous pouvez visionner les&nbsp;images&nbsp;vous concernant et/ou vérifier que ces images&nbsp;ont bien été effacées&nbsp;dans les délais prévus par l'autorisation préfectorale.&nbsp;<br />\r\n<br />\r\nCet accès est un droit. Il ne peut vous être refusé que pour des motifs liés à la sûreté de l'État, à la défense, à la sécurité publique ou en cas d'instruction judiciaire en cours.<br />\r\n<br />\r\nVotre demande&nbsp;doit être adressée au responsable du système de&nbsp;vidéoprotection&nbsp;qui doit être mentionné sur les panneaux d'information.<br />\r\n<br />\r\n<strong><span style=\"color: rgb(255, 81, 34);\">A noter</span> :</strong> Si d'autres personnes apparaissent sur ces images, leur visage doit être flouté ou masqué.","format":"text/html"}]}