{"id":"243","uri":"/selfcnil/api/configuration/site/document/243","names":[{"name":"SIS (Système d'information Schengen ou Fichier Schengen) : puis-je refuser d'y être inscrit ?","locale":"fr_FR"}],"metadata":[{"locale":"fr_FR","name":"description","property":null,"content":"SIS, Schengen, frontière, territoire, visa, opposition"}],"content":{"uri":"/selfcnil/api/configuration/site/document/243/content"},"creator":{"uri":"/selfcnil/api/configuration/site/document/243/creator"},"creationDate":1426764260000,"lastModifier":{"uri":"/selfcnil/api/configuration/site/document/243/lastModifier"},"lastModificationDate":1434466779000,"fields":[{"name":"Description","value":null,"fieldType":"TEXT","fieldOrder":null,"fieldLength":null,"listOfValueId":null,"visibleByAgent":null,"visibleBySupervisor":null,"visibleByExternalSpecialist":null,"mandatoryForAgent":null,"mandatoryForSupervisor":null,"readonlyForAgent":null,"readonlyForSupervisor":null,"localisation":[{"label":"Description","value":"SIS, Schengen, frontière, territoire, visa, opposition","locale":"fr_FR"}]},{"name":"OrderTemplate","value":"","fieldType":"STRING","fieldOrder":null,"fieldLength":null,"listOfValueId":null,"visibleByAgent":null,"visibleBySupervisor":null,"visibleByExternalSpecialist":null,"mandatoryForAgent":null,"mandatoryForSupervisor":null,"readonlyForAgent":null,"readonlyForSupervisor":null,"localisation":[{"label":"Ordre d'affichage","value":"","locale":"fr_FR"}]}],"hits":[{"locale":"fr_FR","hits":91}],"ranks":[{"locale":"fr_FR","rank":1.4625,"count":80}],"contacts":{"uri":"/selfcnil/api/configuration/site/document/243/contacts"},"relatedDocuments":{"uri":"/selfcnil/api/configuration/site/document/243/relatedDocuments"},"attachments":{"uri":"/selfcnil/api/configuration/site/document/243/attachments"},"path":[{"id":"12","uri":"/selfcnil/api/configuration/site/documentGroup/12"},{"id":"65","uri":"/selfcnil/api/configuration/site/documentGroup/65"},{"id":"66","uri":"/selfcnil/api/configuration/site/documentGroup/66"}],"parentGroup":{"id":"66","uri":"/selfcnil/api/configuration/site/documentGroup/66"},"publicationStatus":"None"}