{"id":"244","uri":"/selfcnil/api/configuration/site/document/244","names":[{"name":"SIS (Système d'information Schengen ou Fichier Schengen) : suis-je informé de mon inscription ?","locale":"fr_FR"}],"metadata":[{"locale":"fr_FR","name":"description","property":null,"content":"SIS, Schengen, frontière, territoire, visa, information"}],"content":{"uri":"/selfcnil/api/configuration/site/document/244/content"},"creator":{"uri":"/selfcnil/api/configuration/site/document/244/creator"},"creationDate":1426764338000,"lastModifier":{"uri":"/selfcnil/api/configuration/site/document/244/lastModifier"},"lastModificationDate":1434466883000,"fields":[{"name":"Description","value":null,"fieldType":"TEXT","fieldOrder":null,"fieldLength":null,"listOfValueId":null,"visibleByAgent":null,"visibleBySupervisor":null,"visibleByExternalSpecialist":null,"mandatoryForAgent":null,"mandatoryForSupervisor":null,"readonlyForAgent":null,"readonlyForSupervisor":null,"localisation":[{"label":"Description","value":"SIS, Schengen, frontière, territoire, visa, information","locale":"fr_FR"}]},{"name":"OrderTemplate","value":"","fieldType":"STRING","fieldOrder":null,"fieldLength":null,"listOfValueId":null,"visibleByAgent":null,"visibleBySupervisor":null,"visibleByExternalSpecialist":null,"mandatoryForAgent":null,"mandatoryForSupervisor":null,"readonlyForAgent":null,"readonlyForSupervisor":null,"localisation":[{"label":"Ordre d'affichage","value":"","locale":"fr_FR"}]}],"hits":[{"locale":"fr_FR","hits":96}],"ranks":[{"locale":"fr_FR","rank":1.4901960784313726,"count":102}],"contacts":{"uri":"/selfcnil/api/configuration/site/document/244/contacts"},"relatedDocuments":{"uri":"/selfcnil/api/configuration/site/document/244/relatedDocuments"},"attachments":{"uri":"/selfcnil/api/configuration/site/document/244/attachments"},"path":[{"id":"12","uri":"/selfcnil/api/configuration/site/documentGroup/12"},{"id":"65","uri":"/selfcnil/api/configuration/site/documentGroup/65"},{"id":"66","uri":"/selfcnil/api/configuration/site/documentGroup/66"}],"parentGroup":{"id":"66","uri":"/selfcnil/api/configuration/site/documentGroup/66"},"publicationStatus":"None"}