{"id":"246","uri":"/selfcnil/api/configuration/site/document/246/content","contents":[{"locale":"fr_FR","content":"Le Fichier des personnes recherchées (FPR), mis en oeuvre par le ministère de l'Intérieur, recense les personnes faisant l'objet d'une <span style=\"color:#2179c4;\"><strong>mesure de recherche ou de vérification</strong></span> de leur situation juridique:\r\n\r\n<ul>\r\n\t<li>Les personnes faisant l'objet de <span style=\"color:#2179c4;\"><strong>décisions judiciaires</strong></span> : mandat de recherche, contrôle judiciaire, interdiction de conduire certains véhicules, suivi socio-judiciaire, interdiction de se rendre dans certains lieux, etc. ;</li>\r\n\t<li>Les personnes recherchées dans le cadre d'une <span style=\"color:#2179c4;\"><strong>enquête de police judiciaire</strong></span> : enquête préliminaire, enquête de flagrance, personnes disparues, personnes décédées ou vivantes non identifiées ;</li>\r\n\t<li>Les personnes dont la présence constitue une <span style=\"color:#2179c4;\"><strong>menace pour l'ordre public ou la sûreté de l'Etat</strong></span> ;</li>\r\n\t<li>Les étrangers concernés par une <span style=\"color:#2179c4;\"><strong>mesure restrictive de voyage</strong></span>, obligation de quitter le territoire, interdiction de retour, reconduite à la frontière, expulsion, assignation à étranger ;</li>\r\n\t<li>Les personnes concernées par <span style=\"color:#2179c4;\"><strong>certaines mesures administratives</strong></span> : personnes devant de l'argent au Trésor, personnes devant être hospitalisées pour raisons psychiatriques, personnes interdites de stade, retrait de la carte nationale d'identité ou d'un passeport obtenus indûment.&nbsp;</li>\r\n</ul>\r\n<br />\r\nIl vise à faciliter les recherches et les contrôles effectués par les services de police et de gendarmerie dans le cadre de leurs missions de police judiciaire ou administrative.&nbsp;<br />\r\n<br />\r\nLe FPR est géré par la <span style=\"color:#2179c4;\"><strong>Direction générale de la police nationale et la Direction générale de la gendarmerie nationale</strong></span>.&nbsp;<br />\r\n<br />\r\n<span style=\"color: rgb(255, 81, 34);\"><strong>Pour en savoir plus</strong></span> : <a href=\"https://www.cnil.fr/fr/fpr-fichier-des-personnes-recherchees\" target=\"_blank\">Le FPR Fichier en fiche</a>","format":"text/html"}]}