{"id":"248","uri":"/selfcnil/api/configuration/site/document/248","names":[{"name":"FPR (Fichier des personnes recherchées) : puis-je refuser d'y être inscrit ?","locale":"fr_FR"}],"metadata":[{"locale":"fr_FR","name":"description","property":null,"content":"FPR, recherche, disparition, opposition"}],"content":{"uri":"/selfcnil/api/configuration/site/document/248/content"},"creator":{"uri":"/selfcnil/api/configuration/site/document/248/creator"},"creationDate":1426771331000,"lastModifier":{"uri":"/selfcnil/api/configuration/site/document/248/lastModifier"},"lastModificationDate":1434466276000,"fields":[{"name":"Description","value":null,"fieldType":"TEXT","fieldOrder":null,"fieldLength":null,"listOfValueId":null,"visibleByAgent":null,"visibleBySupervisor":null,"visibleByExternalSpecialist":null,"mandatoryForAgent":null,"mandatoryForSupervisor":null,"readonlyForAgent":null,"readonlyForSupervisor":null,"localisation":[{"label":"Description","value":"FPR, recherche, disparition, opposition","locale":"fr_FR"}]},{"name":"OrderTemplate","value":"","fieldType":"STRING","fieldOrder":null,"fieldLength":null,"listOfValueId":null,"visibleByAgent":null,"visibleBySupervisor":null,"visibleByExternalSpecialist":null,"mandatoryForAgent":null,"mandatoryForSupervisor":null,"readonlyForAgent":null,"readonlyForSupervisor":null,"localisation":[{"label":"Ordre d'affichage","value":"","locale":"fr_FR"}]}],"hits":[{"locale":"fr_FR","hits":159}],"ranks":[{"locale":"fr_FR","rank":1.4923076923076923,"count":65}],"contacts":{"uri":"/selfcnil/api/configuration/site/document/248/contacts"},"relatedDocuments":{"uri":"/selfcnil/api/configuration/site/document/248/relatedDocuments"},"attachments":{"uri":"/selfcnil/api/configuration/site/document/248/attachments"},"path":[{"id":"12","uri":"/selfcnil/api/configuration/site/documentGroup/12"},{"id":"65","uri":"/selfcnil/api/configuration/site/documentGroup/65"},{"id":"66","uri":"/selfcnil/api/configuration/site/documentGroup/66"}],"parentGroup":{"id":"66","uri":"/selfcnil/api/configuration/site/documentGroup/66"},"publicationStatus":"None"}