{"id":"250","uri":"/selfcnil/api/configuration/site/document/250","names":[{"name":"Permis de conduire : comment savoir combien de points il me reste ?","locale":"fr_FR"}],"metadata":[{"locale":"fr_FR","name":"description","property":null,"content":"Télépoints, permis conduire, points, amende, retrait points"}],"content":{"uri":"/selfcnil/api/configuration/site/document/250/content"},"creator":{"uri":"/selfcnil/api/configuration/site/document/250/creator"},"creationDate":1426772465000,"lastModifier":{"uri":"/selfcnil/api/configuration/site/document/250/lastModifier"},"lastModificationDate":1518622947000,"fields":[{"name":"Description","value":null,"fieldType":"TEXT","fieldOrder":null,"fieldLength":null,"listOfValueId":null,"visibleByAgent":null,"visibleBySupervisor":null,"visibleByExternalSpecialist":null,"mandatoryForAgent":null,"mandatoryForSupervisor":null,"readonlyForAgent":null,"readonlyForSupervisor":null,"localisation":[{"label":"Description","value":"Télépoints, permis conduire, points, amende, retrait points","locale":"fr_FR"}]},{"name":"OrderTemplate","value":"","fieldType":"STRING","fieldOrder":null,"fieldLength":null,"listOfValueId":null,"visibleByAgent":null,"visibleBySupervisor":null,"visibleByExternalSpecialist":null,"mandatoryForAgent":null,"mandatoryForSupervisor":null,"readonlyForAgent":null,"readonlyForSupervisor":null,"localisation":[{"label":"Ordre d'affichage","value":"","locale":"fr_FR"}]}],"hits":[{"locale":"fr_FR","hits":79}],"ranks":[{"locale":"fr_FR","rank":1.5,"count":124}],"contacts":{"uri":"/selfcnil/api/configuration/site/document/250/contacts"},"relatedDocuments":{"uri":"/selfcnil/api/configuration/site/document/250/relatedDocuments"},"attachments":{"uri":"/selfcnil/api/configuration/site/document/250/attachments"},"path":[{"id":"12","uri":"/selfcnil/api/configuration/site/documentGroup/12"},{"id":"65","uri":"/selfcnil/api/configuration/site/documentGroup/65"},{"id":"82","uri":"/selfcnil/api/configuration/site/documentGroup/82"}],"parentGroup":{"id":"82","uri":"/selfcnil/api/configuration/site/documentGroup/82"},"publicationStatus":"None"}