{"id":"250","uri":"/selfcnil/api/configuration/site/document/250/content","contents":[{"locale":"fr_FR","content":"<a href=\"https://tele7.interieur.gouv.fr/telepoints/identification.do\" target=\"_blank\">Télépoints</a> est un téléservice par internet du ministère de l'Intérieur qui vous permet de <span style=\"color:#2179c4;\"><strong>connaître directement le nombre de points disponibles</strong></span> sur votre permis de conduire. De cette manière, vous n'êtes plus obligé de faire une demande auprès de la préfecture.<br />\r\n<br />\r\nPour vous connecter, vous avez besoin d'un<span style=\"color:#2179c4;\"><strong> identifiant</strong></span> (votre numéro de permis de conduire) et d'un <span style=\"color:#2179c4;\"><strong>code confidentiel sécurisé</strong></span>.<br />\r\n<br />\r\nCes deux informations figurent sur le relevé intégral de votre dossier de permis de conduire, remis par la préfecture.<br />\r\n<br />\r\nElles figurent également sur les courriers du ministère de l'Intérieur adressés aux conducteurs ayant perdu des points à la suite d'infractions.<br />\r\n<br />\r\nSi vous ne retrouvez pas ces codes, vous pouvez les demander par courrier à la préfecture, en joignant une copie de votre permis de conduire et d'une pièce d'identité.","format":"text/html"}]}