{"id":"253","uri":"/selfcnil/api/configuration/site/document/253/content","contents":[{"locale":"fr_FR","content":"<span style=\"color:#2179c4;\"><strong>Non.</strong></span><br />\r\n<br />\r\nIl n'est pas possible de modifier après signature le contenu d'un procès-verbal (par exemple,&nbsp;à la suite d'un cambriolage dont vous avez été victime).&nbsp;<br />\r\n<br />\r\nEn revanche, si vous pensez avoir oublié de signaler des éléments ou que vous estimez que le document que vous avez signé est erroné, vous pouvez <strong><span style=\"color:#2179c4;\">demander à être de nouveau entendu</span></strong>. Un nouveau procès-verbal pourra alors être rédigé venant compléter ou corriger le premier.<br />\r\n<br />\r\nVous pouvez aussi transmettre toutes les précisions que vous jugez utiles au procureur de la République.<br />\r\n<br />\r\n<span style=\"color:#ff5122;\"><strong>A noter</strong></span> :&nbsp; cette procédure relève du code de procédure pénale et la CNIL n'est pas compétente pour vous aider dans cette démarche.","format":"text/html"}]}