{"id":"254","uri":"/selfcnil/api/configuration/site/document/254/content","contents":[{"locale":"fr_FR","content":"Le Fichier national des empreintes génétiques (FNAEG) est un <span style=\"color:#2179c4;\"><strong>fichier de police judiciaire</strong></span> (ministère de l'Intérieur)&nbsp;qui contient les <span style=\"color:#2179c4;\"><strong>empreintes génétiques (ADN)</strong></span> :\r\n\r\n<ul>\r\n\t<li>Des <span style=\"color:#2179c4;\"><strong>personnes condamnées ou suspectées de crimes ou délits graves</strong></span>, dans le cadre d'une enquête préliminaire, d'une enquête pour crime / délit ou d'une instruction ;</li>\r\n\t<li>Des <span style=\"color:#2179c4;\"><strong>personnes inconnues</strong></span> recueillies dans le cadre d'une enquête et prélevées sur les lieux de l'infraction ;</li>\r\n\t<li>Des <span style=\"color:#2179c4;\"><strong>personnes disparues</strong></span> et des parents de personnes disparues, dans le cadre d'une enquête pour disparition inquiétante.</li>\r\n</ul>\r\n&nbsp; &nbsp; &nbsp; &nbsp; &nbsp; &nbsp; &nbsp; &nbsp; &nbsp; &nbsp; &nbsp; &nbsp; &nbsp; &nbsp; &nbsp; &nbsp; &nbsp; &nbsp; &nbsp; &nbsp; &nbsp; &nbsp; &nbsp; &nbsp; &nbsp; &nbsp; &nbsp; &nbsp; &nbsp; &nbsp; &nbsp; &nbsp; &nbsp; &nbsp; &nbsp; &nbsp; &nbsp; &nbsp; &nbsp; &nbsp; &nbsp; &nbsp; &nbsp; &nbsp; &nbsp; &nbsp; &nbsp; &nbsp; &nbsp; &nbsp; &nbsp; &nbsp; &nbsp; &nbsp; &nbsp; &nbsp; &nbsp; &nbsp; &nbsp; &nbsp; &nbsp; &nbsp; &nbsp;&nbsp;<br />\r\nLes empreintes génétiques sont complétées par les informations suivantes :&nbsp;\r\n<ul>\r\n\t<li>Nom, prénoms, date et lieu de naissance, filiation et sexe ;&nbsp;</li>\r\n\t<li>Service ayant procédé à la signalisation ;&nbsp;</li>\r\n\t<li>Date et lieu d'établissement de la fiche signalétique ;&nbsp;</li>\r\n\t<li>Nature de l'affaire et référence de la procédure.</li>\r\n</ul>\r\n<br />\r\n<span style=\"color:#ff5122;\"><strong>Pour en savoir plus</strong></span> : <a href=\"https://www.cnil.fr/fr/fnaeg-fichier-national-des-empreintes-genetiques\" target=\"_blank\">Le FNAEG fichier en fiche</a>","format":"text/html"}]}