{"id":"255","uri":"/selfcnil/api/configuration/site/document/255/content","contents":[{"locale":"fr_FR","content":"<span style=\"color:#2179c4;\"><strong>Non.</strong></span><br />\r\n<br />\r\nLe droit d'opposition prévu par la loi Informatique et Libertés ne s'applique pas au&nbsp;FNAEG.&nbsp;<br />\r\n<br />\r\n<strong><span style=\"color: rgb(255, 81, 34);\">A noter</span></strong> : le refus de se soumettre à un prélèvement destiné à obtenir une empreinte génétique constitue une infraction pénale.<br />\r\n<br />\r\n<span style=\"color: rgb(255, 81, 34);\"><strong>A savoir</strong></span> :&nbsp;le FNAEG étant un fichier utilisé pour le traitement d'infractions pénales, il n'y a pas, sauf exception, d'obligation d'informer la personne&nbsp;au moment de son inscription&nbsp;dans le&nbsp;fichier.","format":"text/html"}]}