{"id":"256","uri":"/selfcnil/api/configuration/site/document/256","names":[{"name":"FNAEG (Fichier national des empreintes génétiques) : comment savoir si je suis fiché ?","locale":"fr_FR"}],"metadata":[{"locale":"fr_FR","name":"description","property":null,"content":"FNAEG, empreinte génétique, police, crime, délit, accès"}],"content":{"uri":"/selfcnil/api/configuration/site/document/256/content"},"creator":{"uri":"/selfcnil/api/configuration/site/document/256/creator"},"creationDate":1426774801000,"lastModifier":{"uri":"/selfcnil/api/configuration/site/document/256/lastModifier"},"lastModificationDate":1540557883000,"fields":[{"name":"Description","value":null,"fieldType":"TEXT","fieldOrder":null,"fieldLength":null,"listOfValueId":null,"visibleByAgent":null,"visibleBySupervisor":null,"visibleByExternalSpecialist":null,"mandatoryForAgent":null,"mandatoryForSupervisor":null,"readonlyForAgent":null,"readonlyForSupervisor":null,"localisation":[{"label":"Description","value":"FNAEG, empreinte génétique, police, crime, délit, accès","locale":"fr_FR"}]},{"name":"OrderTemplate","value":"","fieldType":"STRING","fieldOrder":null,"fieldLength":null,"listOfValueId":null,"visibleByAgent":null,"visibleBySupervisor":null,"visibleByExternalSpecialist":null,"mandatoryForAgent":null,"mandatoryForSupervisor":null,"readonlyForAgent":null,"readonlyForSupervisor":null,"localisation":[{"label":"Ordre d'affichage","value":"","locale":"fr_FR"}]}],"hits":[{"locale":"fr_FR","hits":174}],"ranks":[{"locale":"fr_FR","rank":1.4776119402985075,"count":67}],"contacts":{"uri":"/selfcnil/api/configuration/site/document/256/contacts"},"relatedDocuments":{"uri":"/selfcnil/api/configuration/site/document/256/relatedDocuments"},"attachments":{"uri":"/selfcnil/api/configuration/site/document/256/attachments"},"path":[{"id":"12","uri":"/selfcnil/api/configuration/site/documentGroup/12"},{"id":"65","uri":"/selfcnil/api/configuration/site/documentGroup/65"},{"id":"66","uri":"/selfcnil/api/configuration/site/documentGroup/66"}],"parentGroup":{"id":"66","uri":"/selfcnil/api/configuration/site/documentGroup/66"},"publicationStatus":"None"}