{"id":"256","uri":"/selfcnil/api/configuration/site/document/256/content","contents":[{"locale":"fr_FR","content":"Pour avoir ces informations, vous devez écrire (en joignant une copie d'une pièce d'identité) à l'adresse suivante :&nbsp;\r\n<div>&nbsp;</div>\r\n\r\n<div style=\"text-align: center;\">\r\n<p>Service Central de la Police Technique et Scientifique<br />\r\n31 avenue Franklin Roosevelt<br />\r\n&nbsp;69134 Ecully cedex</p>\r\n\r\n<p style=\"text-align: justify;\"><br />\r\nSi vous n'avez pas de réponse&nbsp;dans un délai de 2 mois ou si votre demande est refusée, vous pouvez <a href=\"https://www.cnil.fr/webform/adresser-une-plainte\" target=\"_blank\">adresser une plainte à la CNIL</a> ou porter plainte auprès des services de police, de gendarmerie ou du procureur de la République.&nbsp;<br />\r\n&nbsp;</p>\r\n</div>\r\nL'effacement de votre inscription est possible dans certains cas, en vous adressant au <a href=\"https://www.formulaires.modernisation.gouv.fr/gf/cerfa_12411.do\" target=\"_blank\">procureur de la République du Tribunal de grande instance compétent</a>.","format":"text/html"}]}