{"id":"258","uri":"/selfcnil/api/configuration/site/document/258/content","contents":[{"locale":"fr_FR","content":"Le&nbsp;Fichier automatisé des empreintes digitales (FAED) est un fichier de police judiciaire&nbsp;géré par le ministère de l'Intérieur, contient les <span style=\"color:#2179c4;\"><strong>empreintes digitales</strong></span> :&nbsp;\r\n\r\n<ul>\r\n\t<li>Des personnes <span style=\"color:#2179c4;\"><strong>mises en cause dans une procédure pénale</strong></span> (enquête pour crime ou délit flagrant, enquête préliminaire, enquête à la suite d'une disparition, commission rogatoire, etc.)</li>\r\n\t<li>Des personnes <span style=\"color:#2179c4;\"><strong>condamnées à des peines de détention</strong></span>.</li>\r\n</ul>\r\n<br />\r\nLe fichier contient également les informations suivantes :&nbsp;\r\n<ul>\r\n\t<li>Traces relevées sur les lieux d'une infraction au cours de l'enquête.</li>\r\n\t<li>Identité, date et lieu de naissance, filiation de la personne</li>\r\n\t<li>Service ayant réalisé l'enregistrement&nbsp;</li>\r\n\t<li>Nature de l'affaire</li>\r\n\t<li>Pour les empreintes prélevées sur les lieux d'une infraction : lieu et date du relevé.&nbsp;</li>\r\n\t<li>Les clichés anthropométriques dans le cas d'empreintes digitales et palmaires.</li>\r\n</ul>\r\n<br />\r\n<span style=\"color:#ff5122;\"><strong>Pour en savoir plus</strong></span> : <a href=\"https://www.cnil.fr/fr/faed-fichier-automatise-des-empreintes-digitales\" target=\"_blank\">Le FAED Fichier en fiche</a>","format":"text/html"},{"locale":"fr_FR","content":"Le Fichier automatisé des empreintes digitales (FAED) contient les empreintes digitales : \r\n\r\n- des personnes mises en cause dans une procédure pénale : enquête pour crime ou délit flagrant, enquête préliminaire, enquête à la suite d’une disparition, commission rogatoire, etc.\r\n\r\n- des personnes condamnées à des peines de détention\r\n\r\nLe fichier contient également les informations suivantes : \r\n- traces relevées sur les lieux d’une infraction au cours de l’enquête.\r\n- identité, date et lieu de naissance, filiation de la personne\r\n- service ayant réalisé l'enregistrement \r\n- nature de l’affaire\r\n- pour les empreintes prélevées sur les lieux d’une infraction : lieu et date du relevé. ","format":"text/plain"}]}