{"id":"259","uri":"/selfcnil/api/configuration/site/document/259","names":[{"name":"FAED (Fichier automatisé des empreintes digitales) : puis-je refuser que mes empreintes y soient inscrites ?","locale":"fr_FR"}],"metadata":[{"locale":"fr_FR","name":"description","property":null,"content":"FAED, empreinte digitale, opposition, police"}],"content":{"uri":"/selfcnil/api/configuration/site/document/259/content"},"creator":{"uri":"/selfcnil/api/configuration/site/document/259/creator"},"creationDate":1426781331000,"lastModifier":{"uri":"/selfcnil/api/configuration/site/document/259/lastModifier"},"lastModificationDate":1473670119000,"fields":[{"name":"Description","value":null,"fieldType":"TEXT","fieldOrder":null,"fieldLength":null,"listOfValueId":null,"visibleByAgent":null,"visibleBySupervisor":null,"visibleByExternalSpecialist":null,"mandatoryForAgent":null,"mandatoryForSupervisor":null,"readonlyForAgent":null,"readonlyForSupervisor":null,"localisation":[{"label":"Description","value":"FAED, empreinte digitale, opposition, police","locale":"fr_FR"}]},{"name":"OrderTemplate","value":"","fieldType":"STRING","fieldOrder":null,"fieldLength":null,"listOfValueId":null,"visibleByAgent":null,"visibleBySupervisor":null,"visibleByExternalSpecialist":null,"mandatoryForAgent":null,"mandatoryForSupervisor":null,"readonlyForAgent":null,"readonlyForSupervisor":null,"localisation":[{"label":"Ordre d'affichage","value":"","locale":"fr_FR"}]}],"hits":[{"locale":"fr_FR","hits":169}],"ranks":[{"locale":"fr_FR","rank":1.4415584415584415,"count":77}],"contacts":{"uri":"/selfcnil/api/configuration/site/document/259/contacts"},"relatedDocuments":{"uri":"/selfcnil/api/configuration/site/document/259/relatedDocuments"},"attachments":{"uri":"/selfcnil/api/configuration/site/document/259/attachments"},"path":[{"id":"12","uri":"/selfcnil/api/configuration/site/documentGroup/12"},{"id":"65","uri":"/selfcnil/api/configuration/site/documentGroup/65"},{"id":"66","uri":"/selfcnil/api/configuration/site/documentGroup/66"}],"parentGroup":{"id":"66","uri":"/selfcnil/api/configuration/site/documentGroup/66"},"publicationStatus":"None"}