{"id":"260","uri":"/selfcnil/api/configuration/site/document/260","names":[{"name":"FAED (Fichier automatisé des empreintes digitales) : comment savoir si je suis fiché ?","locale":"fr_FR"}],"metadata":[{"locale":"fr_FR","name":"description","property":null,"content":"FAED, empreinte digitale, police, accès"}],"content":{"uri":"/selfcnil/api/configuration/site/document/260/content"},"creator":{"uri":"/selfcnil/api/configuration/site/document/260/creator"},"creationDate":1426781876000,"lastModifier":{"uri":"/selfcnil/api/configuration/site/document/260/lastModifier"},"lastModificationDate":1533301430000,"fields":[{"name":"Description","value":null,"fieldType":"TEXT","fieldOrder":null,"fieldLength":null,"listOfValueId":null,"visibleByAgent":null,"visibleBySupervisor":null,"visibleByExternalSpecialist":null,"mandatoryForAgent":null,"mandatoryForSupervisor":null,"readonlyForAgent":null,"readonlyForSupervisor":null,"localisation":[{"label":"Description","value":"FAED, empreinte digitale, police, accès","locale":"fr_FR"}]},{"name":"OrderTemplate","value":"","fieldType":"STRING","fieldOrder":null,"fieldLength":null,"listOfValueId":null,"visibleByAgent":null,"visibleBySupervisor":null,"visibleByExternalSpecialist":null,"mandatoryForAgent":null,"mandatoryForSupervisor":null,"readonlyForAgent":null,"readonlyForSupervisor":null,"localisation":[{"label":"Ordre d'affichage","value":"","locale":"fr_FR"}]}],"hits":[{"locale":"fr_FR","hits":159}],"ranks":[{"locale":"fr_FR","rank":1.5277777777777777,"count":72}],"contacts":{"uri":"/selfcnil/api/configuration/site/document/260/contacts"},"relatedDocuments":{"uri":"/selfcnil/api/configuration/site/document/260/relatedDocuments"},"attachments":{"uri":"/selfcnil/api/configuration/site/document/260/attachments"},"path":[{"id":"12","uri":"/selfcnil/api/configuration/site/documentGroup/12"},{"id":"65","uri":"/selfcnil/api/configuration/site/documentGroup/65"},{"id":"66","uri":"/selfcnil/api/configuration/site/documentGroup/66"}],"parentGroup":{"id":"66","uri":"/selfcnil/api/configuration/site/documentGroup/66"},"publicationStatus":"None"}