{"id":"262","uri":"/selfcnil/api/configuration/site/document/262","names":[{"name":"FIJAISV (Fichier judiciaire automatisé des auteurs d'infractions sexuelles ou violentes) : comment savoir si je suis fiché  ?","locale":"fr_FR"}],"metadata":[{"locale":"fr_FR","name":"description","property":null,"content":"FIJAISV, agression sexuelle, police, justice, accès, effacement"}],"content":{"uri":"/selfcnil/api/configuration/site/document/262/content"},"creator":{"uri":"/selfcnil/api/configuration/site/document/262/creator"},"creationDate":1427447206000,"lastModifier":{"uri":"/selfcnil/api/configuration/site/document/262/lastModifier"},"lastModificationDate":1476458507000,"fields":[{"name":"Description","value":null,"fieldType":"TEXT","fieldOrder":null,"fieldLength":null,"listOfValueId":null,"visibleByAgent":null,"visibleBySupervisor":null,"visibleByExternalSpecialist":null,"mandatoryForAgent":null,"mandatoryForSupervisor":null,"readonlyForAgent":null,"readonlyForSupervisor":null,"localisation":[{"label":"Description","value":"FIJAISV, agression sexuelle, police, justice, accès, effacement","locale":"fr_FR"}]},{"name":"OrderTemplate","value":"","fieldType":"STRING","fieldOrder":null,"fieldLength":null,"listOfValueId":null,"visibleByAgent":null,"visibleBySupervisor":null,"visibleByExternalSpecialist":null,"mandatoryForAgent":null,"mandatoryForSupervisor":null,"readonlyForAgent":null,"readonlyForSupervisor":null,"localisation":[{"label":"Ordre d'affichage","value":"","locale":"fr_FR"}]}],"hits":[{"locale":"fr_FR","hits":114}],"ranks":[{"locale":"fr_FR","rank":1.4390243902439024,"count":82}],"contacts":{"uri":"/selfcnil/api/configuration/site/document/262/contacts"},"relatedDocuments":{"uri":"/selfcnil/api/configuration/site/document/262/relatedDocuments"},"attachments":{"uri":"/selfcnil/api/configuration/site/document/262/attachments"},"path":[{"id":"12","uri":"/selfcnil/api/configuration/site/documentGroup/12"},{"id":"65","uri":"/selfcnil/api/configuration/site/documentGroup/65"},{"id":"66","uri":"/selfcnil/api/configuration/site/documentGroup/66"}],"parentGroup":{"id":"66","uri":"/selfcnil/api/configuration/site/documentGroup/66"},"publicationStatus":"None"}