{"id":"262","uri":"/selfcnil/api/configuration/site/document/262/content","contents":[{"locale":"fr_FR","content":"Pour savoir si vous faites l'objet d'une inscription au FIJAISV, vous devez écrire&nbsp;au <span style=\"color:#2179c4;\"><strong>procureur de la République</strong></span> du Tribunal de grande instance de votre lieu de&nbsp;résidence.&nbsp;&nbsp;<br />\r\n<br />\r\n<strong><span style=\"color:#ff5122;\">A savoir</span><span style=\"color: rgb(255, 0, 0);\"> </span></strong>: cette communication s'effectue oralement, par un magistrat. Vous n'en n'obtiendrez donc pas de copie.<br />\r\n<br />\r\nVous pouvez&nbsp;également demander au procureur de la République la rectification ou l'effacement des informations vous concernant.&nbsp; Si sa décision est défavorable, vous pourrez la contester auprès du juge des libertés et de la détention.","format":"text/html"}]}