{"id":"266","uri":"/selfcnil/api/configuration/site/document/266","names":[{"name":"Comment obtenir des informations sur sa mère qui a accouché sous X ?","locale":"fr_FR"}],"metadata":[{"locale":"fr_FR","name":"description","property":null,"content":"origine, X, anonymat, naissance"}],"content":{"uri":"/selfcnil/api/configuration/site/document/266/content"},"creator":{"uri":"/selfcnil/api/configuration/site/document/266/creator"},"creationDate":1427450398000,"lastModifier":{"uri":"/selfcnil/api/configuration/site/document/266/lastModifier"},"lastModificationDate":1434534670000,"fields":[{"name":"Description","value":null,"fieldType":"TEXT","fieldOrder":null,"fieldLength":null,"listOfValueId":null,"visibleByAgent":null,"visibleBySupervisor":null,"visibleByExternalSpecialist":null,"mandatoryForAgent":null,"mandatoryForSupervisor":null,"readonlyForAgent":null,"readonlyForSupervisor":null,"localisation":[{"label":"Description","value":"origine, X, anonymat, naissance","locale":"fr_FR"}]},{"name":"OrderTemplate","value":"","fieldType":"STRING","fieldOrder":null,"fieldLength":null,"listOfValueId":null,"visibleByAgent":null,"visibleBySupervisor":null,"visibleByExternalSpecialist":null,"mandatoryForAgent":null,"mandatoryForSupervisor":null,"readonlyForAgent":null,"readonlyForSupervisor":null,"localisation":[{"label":"Ordre d'affichage","value":"","locale":"fr_FR"}]}],"hits":[{"locale":"fr_FR","hits":73}],"ranks":[{"locale":"fr_FR","rank":1.5671641791044777,"count":67}],"contacts":{"uri":"/selfcnil/api/configuration/site/document/266/contacts"},"relatedDocuments":{"uri":"/selfcnil/api/configuration/site/document/266/relatedDocuments"},"attachments":{"uri":"/selfcnil/api/configuration/site/document/266/attachments"},"path":[{"id":"12","uri":"/selfcnil/api/configuration/site/documentGroup/12"},{"id":"65","uri":"/selfcnil/api/configuration/site/documentGroup/65"},{"id":"72","uri":"/selfcnil/api/configuration/site/documentGroup/72"}],"parentGroup":{"id":"72","uri":"/selfcnil/api/configuration/site/documentGroup/72"},"publicationStatus":"None"}