{"id":"268","uri":"/selfcnil/api/configuration/site/document/268","names":[{"name":"Commande sur Internet non livrée : la CNIL peut-elle agir ?","locale":"fr_FR"}],"metadata":[{"locale":"fr_FR","name":"description","property":null,"content":"ecommerce, commande, achat, commerçant, livraison, achat en ligne, vente à distance, CGU, CGV, colis"}],"content":{"uri":"/selfcnil/api/configuration/site/document/268/content"},"creator":{"uri":"/selfcnil/api/configuration/site/document/268/creator"},"creationDate":1427730929000,"lastModifier":{"uri":"/selfcnil/api/configuration/site/document/268/lastModifier"},"lastModificationDate":1526634438000,"fields":[{"name":"Description","value":null,"fieldType":"TEXT","fieldOrder":null,"fieldLength":null,"listOfValueId":null,"visibleByAgent":null,"visibleBySupervisor":null,"visibleByExternalSpecialist":null,"mandatoryForAgent":null,"mandatoryForSupervisor":null,"readonlyForAgent":null,"readonlyForSupervisor":null,"localisation":[{"label":"Description","value":"ecommerce, commande, achat, commerçant, livraison, achat en ligne, vente à distance, CGU, CGV, colis","locale":"fr_FR"}]},{"name":"OrderTemplate","value":"","fieldType":"STRING","fieldOrder":null,"fieldLength":null,"listOfValueId":null,"visibleByAgent":null,"visibleBySupervisor":null,"visibleByExternalSpecialist":null,"mandatoryForAgent":null,"mandatoryForSupervisor":null,"readonlyForAgent":null,"readonlyForSupervisor":null,"localisation":[{"label":"Ordre d'affichage","value":"","locale":"fr_FR"}]}],"hits":[{"locale":"fr_FR","hits":54}],"ranks":[{"locale":"fr_FR","rank":1.404494382022472,"count":89}],"contacts":{"uri":"/selfcnil/api/configuration/site/document/268/contacts"},"relatedDocuments":{"uri":"/selfcnil/api/configuration/site/document/268/relatedDocuments"},"attachments":{"uri":"/selfcnil/api/configuration/site/document/268/attachments"},"path":[{"id":"12","uri":"/selfcnil/api/configuration/site/documentGroup/12"},{"id":"65","uri":"/selfcnil/api/configuration/site/documentGroup/65"},{"id":"70","uri":"/selfcnil/api/configuration/site/documentGroup/70"}],"parentGroup":{"id":"70","uri":"/selfcnil/api/configuration/site/documentGroup/70"},"publicationStatus":"None"}