{"id":"269","uri":"/selfcnil/api/configuration/site/document/269","names":[{"name":"Mon employeur peut-il enregistrer ou écouter mes conversations téléphoniques professionnelles ?","locale":"fr_FR"}],"metadata":[{"locale":"fr_FR","name":"description","property":null,"content":"centre d'appels, call center, écoute, enregistrement, employeur, employé, salarié, flicage, contrôle, appels"}],"content":{"uri":"/selfcnil/api/configuration/site/document/269/content"},"creator":{"uri":"/selfcnil/api/configuration/site/document/269/creator"},"creationDate":1427732448000,"lastModifier":{"uri":"/selfcnil/api/configuration/site/document/269/lastModifier"},"lastModificationDate":1527774446000,"fields":[{"name":"Description","value":null,"fieldType":"TEXT","fieldOrder":null,"fieldLength":null,"listOfValueId":null,"visibleByAgent":null,"visibleBySupervisor":null,"visibleByExternalSpecialist":null,"mandatoryForAgent":null,"mandatoryForSupervisor":null,"readonlyForAgent":null,"readonlyForSupervisor":null,"localisation":[{"label":"Description","value":"centre d'appels, call center, écoute, enregistrement, employeur, employé, salarié, flicage, contrôle, appels","locale":"fr_FR"}]},{"name":"OrderTemplate","value":"8","fieldType":"STRING","fieldOrder":null,"fieldLength":null,"listOfValueId":null,"visibleByAgent":null,"visibleBySupervisor":null,"visibleByExternalSpecialist":null,"mandatoryForAgent":null,"mandatoryForSupervisor":null,"readonlyForAgent":null,"readonlyForSupervisor":null,"localisation":[{"label":"Ordre d'affichage","value":"8","locale":"fr_FR"}]}],"hits":[{"locale":"fr_FR","hits":106}],"ranks":[{"locale":"fr_FR","rank":1.4130434782608696,"count":92}],"contacts":{"uri":"/selfcnil/api/configuration/site/document/269/contacts"},"relatedDocuments":{"uri":"/selfcnil/api/configuration/site/document/269/relatedDocuments"},"attachments":{"uri":"/selfcnil/api/configuration/site/document/269/attachments"},"path":[{"id":"12","uri":"/selfcnil/api/configuration/site/documentGroup/12"},{"id":"65","uri":"/selfcnil/api/configuration/site/documentGroup/65"},{"id":"71","uri":"/selfcnil/api/configuration/site/documentGroup/71"}],"parentGroup":{"id":"71","uri":"/selfcnil/api/configuration/site/documentGroup/71"},"publicationStatus":"None"}