{"id":"270","uri":"/selfcnil/api/configuration/site/document/270","names":[{"name":"\"Pay as you drive\" : le système peut-il être installé à l'insu des assurés ?","locale":"fr_FR"}],"metadata":[{"locale":"fr_FR","name":"description","property":null,"content":"géolocalisation, assuré, véhicule, voiture, prime"}],"content":{"uri":"/selfcnil/api/configuration/site/document/270/content"},"creator":{"uri":"/selfcnil/api/configuration/site/document/270/creator"},"creationDate":1428678052000,"lastModifier":{"uri":"/selfcnil/api/configuration/site/document/270/lastModifier"},"lastModificationDate":1434705350000,"fields":[{"name":"Description","value":null,"fieldType":"TEXT","fieldOrder":null,"fieldLength":null,"listOfValueId":null,"visibleByAgent":null,"visibleBySupervisor":null,"visibleByExternalSpecialist":null,"mandatoryForAgent":null,"mandatoryForSupervisor":null,"readonlyForAgent":null,"readonlyForSupervisor":null,"localisation":[{"label":"Description","value":"géolocalisation, assuré, véhicule, voiture, prime","locale":"fr_FR"}]},{"name":"OrderTemplate","value":"","fieldType":"STRING","fieldOrder":null,"fieldLength":null,"listOfValueId":null,"visibleByAgent":null,"visibleBySupervisor":null,"visibleByExternalSpecialist":null,"mandatoryForAgent":null,"mandatoryForSupervisor":null,"readonlyForAgent":null,"readonlyForSupervisor":null,"localisation":[{"label":"Ordre d'affichage","value":"","locale":"fr_FR"}]}],"hits":[{"locale":"fr_FR","hits":68}],"ranks":[{"locale":"fr_FR","rank":1.2941176470588236,"count":68}],"contacts":{"uri":"/selfcnil/api/configuration/site/document/270/contacts"},"relatedDocuments":{"uri":"/selfcnil/api/configuration/site/document/270/relatedDocuments"},"attachments":{"uri":"/selfcnil/api/configuration/site/document/270/attachments"},"path":[{"id":"12","uri":"/selfcnil/api/configuration/site/documentGroup/12"},{"id":"49","uri":"/selfcnil/api/configuration/site/documentGroup/49"},{"id":"16","uri":"/selfcnil/api/configuration/site/documentGroup/16"}],"parentGroup":{"id":"16","uri":"/selfcnil/api/configuration/site/documentGroup/16"},"publicationStatus":"None"}