{"id":"270","uri":"/selfcnil/api/configuration/site/document/270/content","contents":[{"locale":"fr_FR","content":"<span style=\"color:#2179c4;\"><strong>Non.</strong></span><br />\r\n<br />\r\nAucun système de géolocalisation ne peut être installé dans un véhicule sans le consentement préalable du conducteur.&nbsp;<br />\r\nSi un assureur souhaite utiliser cette forme d'assurance automobile, la CNIL lui recommande d'insérer un document spécifique ou une clause type dans le contrat, indiquant que la signature vaut consentement à l'utilisation du système \"Pay as you drive\".<br />\r\n<br />\r\nPar ailleurs, avant de donner son consentement, l'assuré doit recevoir une information claire sur le type d'informations enregistrées et leurs destinataires.","format":"text/html"}]}