{"id":"271","uri":"/selfcnil/api/configuration/site/document/271","names":[{"name":"Quelles sont les règles à suivre en matière de parrainage ?","locale":"fr_FR"}],"metadata":[{"locale":"fr_FR","name":"description","property":null,"content":"parrain, parrainé, parrainage, pub, filleul"}],"content":{"uri":"/selfcnil/api/configuration/site/document/271/content"},"creator":{"uri":"/selfcnil/api/configuration/site/document/271/creator"},"creationDate":1428678148000,"lastModifier":{"uri":"/selfcnil/api/configuration/site/document/271/lastModifier"},"lastModificationDate":1567777368000,"fields":[{"name":"Description","value":null,"fieldType":"TEXT","fieldOrder":null,"fieldLength":null,"listOfValueId":null,"visibleByAgent":null,"visibleBySupervisor":null,"visibleByExternalSpecialist":null,"mandatoryForAgent":null,"mandatoryForSupervisor":null,"readonlyForAgent":null,"readonlyForSupervisor":null,"localisation":[{"label":"Description","value":"parrain, parrainé, parrainage, pub, filleul","locale":"fr_FR"}]},{"name":"OrderTemplate","value":"","fieldType":"STRING","fieldOrder":null,"fieldLength":null,"listOfValueId":null,"visibleByAgent":null,"visibleBySupervisor":null,"visibleByExternalSpecialist":null,"mandatoryForAgent":null,"mandatoryForSupervisor":null,"readonlyForAgent":null,"readonlyForSupervisor":null,"localisation":[{"label":"Ordre d'affichage","value":"","locale":"fr_FR"}]}],"hits":[{"locale":"fr_FR","hits":140}],"ranks":[{"locale":"fr_FR","rank":1.6305418719211822,"count":203}],"contacts":{"uri":"/selfcnil/api/configuration/site/document/271/contacts"},"relatedDocuments":{"uri":"/selfcnil/api/configuration/site/document/271/relatedDocuments"},"attachments":{"uri":"/selfcnil/api/configuration/site/document/271/attachments"},"path":[{"id":"12","uri":"/selfcnil/api/configuration/site/documentGroup/12"},{"id":"49","uri":"/selfcnil/api/configuration/site/documentGroup/49"},{"id":"38","uri":"/selfcnil/api/configuration/site/documentGroup/38"}],"parentGroup":{"id":"38","uri":"/selfcnil/api/configuration/site/documentGroup/38"},"publicationStatus":"None"}