{"id":"271","uri":"/selfcnil/api/configuration/site/document/271/content","contents":[{"locale":"fr_FR","content":"Si vous organisez une opération de parrainage afin d'élargir votre clientèle, il est nécessaire de respecter certaines règles concernant aussi bien les données des parrains que des parrainés:\r\n<ul>\r\n\t<li>Le destinataire du message doit être <span style=\"color:#2179c4;\"><strong>informé de l'identité de son parrain</strong></span> lorsque vous le contactez ;</li>\r\n\t<li>Les données du parrainé ne peuvent être utilisées qu'<span style=\"color:#2179c4;\"><strong>une seule fois</strong></span> : pour lui adresser l'offre commerciale, l'article de presse ou l'annonce suggéré par le parrain ;</li>\r\n\t<li>Vous ne pourrez conserver les données du parrainé pour lui adresser d'autres messages que si vous avez obtenu son <span style=\"color:#2179c4;\"><strong>consentement exprès</strong></span>.</li>\r\n</ul>\r\n<br />\r\n<span style=\"color:#ff5122;\"><strong>En savoir plus</strong></span>&nbsp;:&nbsp;<a href=\"https://www.cnil.fr/sites/default/files/typo/document/Parrainage_Fiches_Commerce.pdf\" target=\"_blank\">Fiche pratique Parrainage et&nbsp;Jeux Concours</a>","format":"text/html"}]}