{"id":"272","uri":"/selfcnil/api/configuration/site/document/272/content","contents":[{"locale":"fr_FR","content":"<span style=\"color:#2179c4;\"><strong>Oui.</strong></span><br />\r\n&nbsp;<br />\r\nToute personne dispose sur son image et sur l'utilisation qui en est faite d'un droit exclusif et peut s'opposer à sa reproduction et à sa diffusion.<br />\r\n<br />\r\nSi un établissement scolaire veut utiliser les photographies de ses élèves dans le journal de l'école, sur un trombinoscope ou sur son site, il doit donc obligatoirement&nbsp;<span style=\"color:#2179c4;\"><strong>obtenir le consentement</strong></span> des parents ou représentants légaux des&nbsp;mineurs.&nbsp;Cet accord doit être écrit.","format":"text/html"}]}