{"id":"274","uri":"/selfcnil/api/configuration/site/document/274","names":[{"name":"Un établissement culturel peut-il demander à ses visiteurs des informations liées à leur handicap ?","locale":"fr_FR"}],"metadata":[{"locale":"fr_FR","name":"description","property":null,"content":"handicap, mobilité réduite, musée, théâtre, cinéma, culture"}],"content":{"uri":"/selfcnil/api/configuration/site/document/274/content"},"creator":{"uri":"/selfcnil/api/configuration/site/document/274/creator"},"creationDate":1428678507000,"lastModifier":{"uri":"/selfcnil/api/configuration/site/document/274/lastModifier"},"lastModificationDate":1434726126000,"fields":[{"name":"Description","value":null,"fieldType":"TEXT","fieldOrder":null,"fieldLength":null,"listOfValueId":null,"visibleByAgent":null,"visibleBySupervisor":null,"visibleByExternalSpecialist":null,"mandatoryForAgent":null,"mandatoryForSupervisor":null,"readonlyForAgent":null,"readonlyForSupervisor":null,"localisation":[{"label":"Description","value":"handicap, mobilité réduite, musée, théâtre, cinéma, culture","locale":"fr_FR"}]},{"name":"OrderTemplate","value":"","fieldType":"STRING","fieldOrder":null,"fieldLength":null,"listOfValueId":null,"visibleByAgent":null,"visibleBySupervisor":null,"visibleByExternalSpecialist":null,"mandatoryForAgent":null,"mandatoryForSupervisor":null,"readonlyForAgent":null,"readonlyForSupervisor":null,"localisation":[{"label":"Ordre d'affichage","value":"","locale":"fr_FR"}]}],"hits":[{"locale":"fr_FR","hits":81}],"ranks":[{"locale":"fr_FR","rank":1.6704545454545454,"count":88}],"contacts":{"uri":"/selfcnil/api/configuration/site/document/274/contacts"},"relatedDocuments":{"uri":"/selfcnil/api/configuration/site/document/274/relatedDocuments"},"attachments":{"uri":"/selfcnil/api/configuration/site/document/274/attachments"},"path":[{"id":"12","uri":"/selfcnil/api/configuration/site/documentGroup/12"},{"id":"49","uri":"/selfcnil/api/configuration/site/documentGroup/49"},{"id":"48","uri":"/selfcnil/api/configuration/site/documentGroup/48"}],"parentGroup":{"id":"48","uri":"/selfcnil/api/configuration/site/documentGroup/48"},"publicationStatus":"None"}