{"id":"274","uri":"/selfcnil/api/configuration/site/document/274/content","contents":[{"locale":"fr_FR","content":"<span style=\"color:#2179c4;\"><strong>Oui.</strong></span><br />\r\n<br />\r\nLa CNIL recommande toutefois&nbsp;que le système informatique de billetterie ou de gestion de clients enregistre simplement : &nbsp;\r\n<ul>\r\n\t<li>la présence d'un handicap, sous forme &nbsp;\"oui / non\" ;&nbsp;&nbsp;</li>\r\n\t<li>le type d'équipement nécessaire (accessoire médical ou paramédical, aide technique) pour rendre les lieux et les activités accessibles.</li>\r\n</ul>\r\n","format":"text/html"}]}