{"id":"275","uri":"/selfcnil/api/configuration/site/document/275","names":[{"name":"Une société d'autoroute peut-elle consulter le fichier d'immatriculation des véhicules ?","locale":"fr_FR"}],"metadata":[{"locale":"fr_FR","name":"description","property":null,"content":"péage, autoroute, voiture, plaque minéralogique, route, SIV"}],"content":{"uri":"/selfcnil/api/configuration/site/document/275/content"},"creator":{"uri":"/selfcnil/api/configuration/site/document/275/creator"},"creationDate":1428679026000,"lastModifier":{"uri":"/selfcnil/api/configuration/site/document/275/lastModifier"},"lastModificationDate":1434975714000,"fields":[{"name":"Description","value":null,"fieldType":"TEXT","fieldOrder":null,"fieldLength":null,"listOfValueId":null,"visibleByAgent":null,"visibleBySupervisor":null,"visibleByExternalSpecialist":null,"mandatoryForAgent":null,"mandatoryForSupervisor":null,"readonlyForAgent":null,"readonlyForSupervisor":null,"localisation":[{"label":"Description","value":"péage, autoroute, voiture, plaque minéralogique, route, SIV","locale":"fr_FR"}]},{"name":"OrderTemplate","value":"","fieldType":"STRING","fieldOrder":null,"fieldLength":null,"listOfValueId":null,"visibleByAgent":null,"visibleBySupervisor":null,"visibleByExternalSpecialist":null,"mandatoryForAgent":null,"mandatoryForSupervisor":null,"readonlyForAgent":null,"readonlyForSupervisor":null,"localisation":[{"label":"Ordre d'affichage","value":"","locale":"fr_FR"}]}],"hits":[{"locale":"fr_FR","hits":82}],"ranks":[{"locale":"fr_FR","rank":1.4423076923076923,"count":52}],"contacts":{"uri":"/selfcnil/api/configuration/site/document/275/contacts"},"relatedDocuments":{"uri":"/selfcnil/api/configuration/site/document/275/relatedDocuments"},"attachments":{"uri":"/selfcnil/api/configuration/site/document/275/attachments"},"path":[{"id":"12","uri":"/selfcnil/api/configuration/site/documentGroup/12"},{"id":"49","uri":"/selfcnil/api/configuration/site/documentGroup/49"},{"id":"81","uri":"/selfcnil/api/configuration/site/documentGroup/81"}],"parentGroup":{"id":"81","uri":"/selfcnil/api/configuration/site/documentGroup/81"},"publicationStatus":"None"}