{"id":"277","uri":"/selfcnil/api/configuration/site/document/277","names":[{"name":"Un maire peut-il exiger la liste des membres ou bénéficiaires d'une association qu'il subventionne ?","locale":"fr_FR"}],"metadata":[{"locale":"fr_FR","name":"description","property":null,"content":"mairie, maire, association, ONG, adhérents, membres, liste nominative, subvention"}],"content":{"uri":"/selfcnil/api/configuration/site/document/277/content"},"creator":{"uri":"/selfcnil/api/configuration/site/document/277/creator"},"creationDate":1428931093000,"lastModifier":{"uri":"/selfcnil/api/configuration/site/document/277/lastModifier"},"lastModificationDate":1504537050000,"fields":[{"name":"Description","value":null,"fieldType":"TEXT","fieldOrder":null,"fieldLength":null,"listOfValueId":null,"visibleByAgent":null,"visibleBySupervisor":null,"visibleByExternalSpecialist":null,"mandatoryForAgent":null,"mandatoryForSupervisor":null,"readonlyForAgent":null,"readonlyForSupervisor":null,"localisation":[{"label":"Description","value":"mairie, maire, association, ONG, adhérents, membres, liste nominative, subvention","locale":"fr_FR"}]},{"name":"OrderTemplate","value":"","fieldType":"STRING","fieldOrder":null,"fieldLength":null,"listOfValueId":null,"visibleByAgent":null,"visibleBySupervisor":null,"visibleByExternalSpecialist":null,"mandatoryForAgent":null,"mandatoryForSupervisor":null,"readonlyForAgent":null,"readonlyForSupervisor":null,"localisation":[{"label":"Ordre d'affichage","value":"","locale":"fr_FR"}]}],"hits":[{"locale":"fr_FR","hits":85}],"ranks":[{"locale":"fr_FR","rank":1.6875,"count":144}],"contacts":{"uri":"/selfcnil/api/configuration/site/document/277/contacts"},"relatedDocuments":{"uri":"/selfcnil/api/configuration/site/document/277/relatedDocuments"},"attachments":{"uri":"/selfcnil/api/configuration/site/document/277/attachments"},"path":[{"id":"12","uri":"/selfcnil/api/configuration/site/documentGroup/12"},{"id":"49","uri":"/selfcnil/api/configuration/site/documentGroup/49"},{"id":"15","uri":"/selfcnil/api/configuration/site/documentGroup/15"}],"parentGroup":{"id":"15","uri":"/selfcnil/api/configuration/site/documentGroup/15"},"publicationStatus":"None"}