{"id":"277","uri":"/selfcnil/api/configuration/site/document/277/content","contents":[{"locale":"fr_FR","content":"<span style=\"color:#2179c4;\"><strong>Non.</strong></span><br />\r\n<br />\r\nEn vertu du principe de liberté d'association, une collectivité (mairie, conseil départemental, etc.) ne peut pas demander à une association la liste nominative de ses adhérents. Seule la transmission de données statistiques anonymes est admise.<br />\r\n<br />\r\nPour contrôler les subventions versées à une association, les collectivités peuvent lui demander la copie certifiée de son budget et de ses comptes annuels, son rapport annuel et tous les documents concernant son activité.","format":"text/html"}]}