{"id":"279","uri":"/selfcnil/api/configuration/site/document/279","names":[{"name":"Fichiers des élèves du second degré : qui peut les consulter ?","locale":"fr_FR"}],"metadata":[{"locale":"fr_FR","name":"description","property":null,"content":"Etablissement, scolaire, Education, Nationale, 1/3 autorisés, fichier, élève, accès, consultation, autorisation, école, collège"}],"content":{"uri":"/selfcnil/api/configuration/site/document/279/content"},"creator":{"uri":"/selfcnil/api/configuration/site/document/279/creator"},"creationDate":1431435415000,"lastModifier":{"uri":"/selfcnil/api/configuration/site/document/279/lastModifier"},"lastModificationDate":1434718514000,"fields":[{"name":"Description","value":null,"fieldType":"TEXT","fieldOrder":null,"fieldLength":null,"listOfValueId":null,"visibleByAgent":null,"visibleBySupervisor":null,"visibleByExternalSpecialist":null,"mandatoryForAgent":null,"mandatoryForSupervisor":null,"readonlyForAgent":null,"readonlyForSupervisor":null,"localisation":[{"label":"Description","value":"Etablissement, scolaire, Education, Nationale, 1/3 autorisés, fichier, élève, accès, consultation, autorisation, école, collège","locale":"fr_FR"}]},{"name":"OrderTemplate","value":"","fieldType":"STRING","fieldOrder":null,"fieldLength":null,"listOfValueId":null,"visibleByAgent":null,"visibleBySupervisor":null,"visibleByExternalSpecialist":null,"mandatoryForAgent":null,"mandatoryForSupervisor":null,"readonlyForAgent":null,"readonlyForSupervisor":null,"localisation":[{"label":"Ordre d'affichage","value":"","locale":"fr_FR"}]}],"hits":[{"locale":"fr_FR","hits":88}],"ranks":[{"locale":"fr_FR","rank":1.44,"count":50}],"contacts":{"uri":"/selfcnil/api/configuration/site/document/279/contacts"},"relatedDocuments":{"uri":"/selfcnil/api/configuration/site/document/279/relatedDocuments"},"attachments":{"uri":"/selfcnil/api/configuration/site/document/279/attachments"},"path":[{"id":"12","uri":"/selfcnil/api/configuration/site/documentGroup/12"},{"id":"49","uri":"/selfcnil/api/configuration/site/documentGroup/49"},{"id":"80","uri":"/selfcnil/api/configuration/site/documentGroup/80"}],"parentGroup":{"id":"80","uri":"/selfcnil/api/configuration/site/documentGroup/80"},"publicationStatus":"None"}