{"id":"279","uri":"/selfcnil/api/configuration/site/document/279/content","contents":[{"locale":"fr_FR","content":"L'accès aux fichiers des élèves est normalement <span style=\"color:#2179c4;\"><strong>réservé aux personnels de l'établissement </strong></span>et aux services de l'éducation nationale.<br />\r\n<br />\r\nCependant, la loi permet à certaines administrations ou organismes d'obtenir des informations contenues dans ces fichiers.<br />\r\n<br />\r\nCe sont les tiers autorisés :\r\n<ul>\r\n\t<li>Le Trésor public, la direction générale des impôts et celle des douanes pour le recouvrement des impôts et des créances ;</li>\r\n\t<li>Les organismes de prestations familiales (CAF, Mutualité sociale agricole, etc.) et en charge du RSA ;&nbsp; &nbsp; &nbsp; &nbsp; &nbsp; &nbsp; &nbsp; &nbsp; &nbsp; &nbsp; &nbsp; &nbsp; &nbsp; &nbsp; &nbsp; &nbsp; &nbsp; &nbsp; &nbsp; &nbsp; &nbsp; &nbsp; &nbsp; &nbsp; &nbsp; &nbsp; &nbsp; &nbsp; &nbsp;</li>\r\n\t<li>Les services en charge de certaines prestations sociales : allocation de solidarité aux personnes âgées, fonds supplémentaire invalidité, etc. ;</li>\r\n\t<li>Les magistrats, le procureur de la République, les juges d'instruction, les bureaux d'aide juridictionnelle et les huissiers de justice ;</li>\r\n\t<li>Les services de police judiciaire de la police et de la gendarmerie nationales.</li>\r\n</ul>\r\n<br />\r\nCes demandes ne peuvent être effectuées que de manière ponctuelle et doivent concerner des personnes précises et identifiées. Elles ne peuvent pas porter sur l'intégralité d'un fichier.","format":"text/html"}]}