{"id":"280","uri":"/selfcnil/api/configuration/site/document/280/content","contents":[{"locale":"fr_FR","content":"Les règles&nbsp;varient en fonction de l'implantation des caméras et des lieux qui sont filmés :<br />\r\n<br />\r\n<strong>Si les caméras filment <span style=\"color:#2179c4;\">l'intérieur de l'établissement</span> et permettent l'enregistrement des images, les règles protectrices des données personnelles s'appliquent.</strong>\r\n<p>Les&nbsp;dispositifs de vidéosurveillance dans un établissement scolaire&nbsp;n'ont toutefois plus à être déclarés à la CNIL depuis le 25 mai 2018, date d'entrée en application du <a href=\"https://www.cnil.fr/fr/reglement-europeen-protection-donnees\" target=\"_blank\">RGPD</a>.</p>\r\n\r\n<p>Pour vous conformer aux règles de protection des données personnelles, vous devez :</p>\r\n\r\n<ul>\r\n\t<li>Demander conseil et assistance à votre <a href=\"https://www.cnil.fr/fr/devenir-delegue-la-protection-des-donnees\" target=\"_blank\">Délégué à la protection des données</a> (DPO) si vous en avez un.</li>\r\n\t<li>Inscrire votre fichier dans le <a href=\"https://www.cnil.fr/fr/rgpd-et-tpepme-un-nouveau-modele-de-registre-plus-simple-et-plus-didactique\" target=\"_blank\">Registre</a> des activités de traitement tenu par votre société.</li>\r\n\t<li><a href=\"https://www.cnil.fr/fr/rgpd-exemples-de-mentions-dinformation\" target=\"_blank\">Informer</a> les personnes&nbsp;des conditions dans lesquelles vous traitez leurs données.</li>\r\n\t<li>Prévoir des mesures de sécurité adaptées au regard des risques.</li>\r\n</ul>\r\n\r\n<p><strong><span style=\"color:#ff5122;\">A noter !</span></strong> La CNIL vous propose des outils pour vous aider dans ces démarches :</p>\r\n\r\n<ul>\r\n\t<li>Un <a href=\"https://www.cnil.fr/sites/default/files/atoms/files/registre_rgpd_basique.pdf\" target=\"_blank\">modèle</a> de Registre.</li>\r\n\t<li>Un <a href=\"https://www.cnil.fr/fr/principes-cles/guide-de-la-securite-des-donnees-personnelles\" target=\"_blank\">Guide sur la sécurité des données personnelles</a>.</li>\r\n</ul>\r\n\r\n<p><strong><span style=\"color:#ff5122;\">En savoir plus :</span></strong></p>\r\n\r\n<ul>\r\n\t<li><a href=\"https://www.cnil.fr/fr/principes-cles/rgpd-se-preparer-en-6-etapes\" target=\"_blank\">RGPD : se préparer en 6 étapes</a></li>\r\n\t<li><a href=\"https://www.cnil.fr/fr/transferer-des-donnees-hors-de-lue\" target=\"_blank\">Les transferts de données hors de l'Union européenne</a></li>\r\n</ul>\r\n<br />\r\n<strong><font color=\"#ff5122\">Attention !&nbsp;</font>Si les caméras filment <span style=\"color:#2179c4;\">l'extérieur de l'établissement </span>(abords, entrée) c'est-à-dire la voie publique ou un espace ouvert au public, l'établissement doit faire une <a href=\"https://www.televideoprotection.interieur.gouv.fr/gup/PhpVideo/TeleDeclaration/vpConnexion.php\" target=\"_blank\">demande d'autorisation à la préfecture du département</a>.</strong>\r\n\r\n<p>&nbsp;</p>\r\n","format":"text/html"}]}