{"id":"281","uri":"/selfcnil/api/configuration/site/document/281","names":[{"name":"Dispositif biométrique d'accès à la cantine scolaire : que faire ?","locale":"fr_FR"}],"metadata":[{"locale":"fr_FR","name":"description","property":null,"content":"Etablissement scolaire, Education Nationale, élève, cantine, biométrie, contour de la main, collège, lycée, restauration"}],"content":{"uri":"/selfcnil/api/configuration/site/document/281/content"},"creator":{"uri":"/selfcnil/api/configuration/site/document/281/creator"},"creationDate":1431443623000,"lastModifier":{"uri":"/selfcnil/api/configuration/site/document/281/lastModifier"},"lastModificationDate":1555430250000,"fields":[{"name":"Description","value":null,"fieldType":"TEXT","fieldOrder":null,"fieldLength":null,"listOfValueId":null,"visibleByAgent":null,"visibleBySupervisor":null,"visibleByExternalSpecialist":null,"mandatoryForAgent":null,"mandatoryForSupervisor":null,"readonlyForAgent":null,"readonlyForSupervisor":null,"localisation":[{"label":"Description","value":"Etablissement scolaire, Education Nationale, élève, cantine, biométrie, collège, lycée, restauration,rgpd, gdpr, règlement européen","locale":"fr_FR"}]},{"name":"OrderTemplate","value":"","fieldType":"STRING","fieldOrder":null,"fieldLength":null,"listOfValueId":null,"visibleByAgent":null,"visibleBySupervisor":null,"visibleByExternalSpecialist":null,"mandatoryForAgent":null,"mandatoryForSupervisor":null,"readonlyForAgent":null,"readonlyForSupervisor":null,"localisation":[{"label":"Ordre d'affichage","value":"","locale":"fr_FR"}]}],"hits":[{"locale":"fr_FR","hits":142}],"ranks":[{"locale":"fr_FR","rank":1.453125,"count":64}],"contacts":{"uri":"/selfcnil/api/configuration/site/document/281/contacts"},"relatedDocuments":{"uri":"/selfcnil/api/configuration/site/document/281/relatedDocuments"},"attachments":{"uri":"/selfcnil/api/configuration/site/document/281/attachments"},"path":[{"id":"12","uri":"/selfcnil/api/configuration/site/documentGroup/12"},{"id":"49","uri":"/selfcnil/api/configuration/site/documentGroup/49"},{"id":"80","uri":"/selfcnil/api/configuration/site/documentGroup/80"}],"parentGroup":{"id":"80","uri":"/selfcnil/api/configuration/site/documentGroup/80"},"publicationStatus":"None"}