{"id":"285","uri":"/selfcnil/api/configuration/site/document/285/content","contents":[{"locale":"fr_FR","content":"<span style=\"color:#2179c4;\"><strong>Non.</strong></span><br />\r\n<br />\r\nPour les inscriptions scolaires, les communes peuvent demander les informations suivantes :\r\n<ul>\r\n\t<li>identité de l'enfant en âge scolaire : nom, prénoms, sexe, date et lieu de naissance, adresse ;</li>\r\n\t<li>identité et adresse du responsable légal ;</li>\r\n\t<li>profession du responsable légal ;</li>\r\n\t<li>classe de l'élève ;</li>\r\n\t<li>école fréquentée, s'il s'agit d'un établissement public, et date d'entrée dans cette école.&nbsp;</li>\r\n</ul>\r\n<br />\r\nLes communes ne doivent pas enregistrer le numéro de sécurité sociale ni l'utiliser comme identifiant de l'élève. &nbsp;Elles ne sont pas autorisées non plus à demander la copie de l'attestation de sécurité sociale.<br />\r\n<br />\r\nCette donnée ne peut pas non plus être collectée par l'école ou les instituteurs.","format":"text/html"}]}