{"id":"286","uri":"/selfcnil/api/configuration/site/document/286/content","contents":[{"locale":"fr_FR","content":"<span style=\"color:#2179c4;\"><strong>Oui.</strong></span><br />\r\n<br />\r\nLes parents ont un droit d'accès à base Élèves. Ils doivent adresser leur demande au directeur de l'école.<br />\r\n<br />\r\n<strong><span style=\"color: rgb(255, 81, 34);\">A noter</span><span style=\"color: rgb(255, 81, 34);\"> </span></strong>: la fiche de renseignements que les parents doivent remplir lors de l'inscription de l'enfant doit comporter les mentions prévues par la Loi Informatique et Libertés : objet du fichier, caractère obligatoire ou facultatif des réponses, destinataires des informations, droit d'accès et de rectification des parents.","format":"text/html"}]}