{"id":"287","uri":"/selfcnil/api/configuration/site/document/287","names":[{"name":"Fichier des écoles : puis-je avoir connaissance des informations inscrites sur mon enfant ?","locale":"fr_FR"}],"metadata":[{"locale":"fr_FR","name":"description","property":null,"content":"Base élèves, école, élèves, enfant, scolaire, éducation nationale, ONDE, Outil numérique pour la direction d'école"}],"content":{"uri":"/selfcnil/api/configuration/site/document/287/content"},"creator":{"uri":"/selfcnil/api/configuration/site/document/287/creator"},"creationDate":1431955385000,"lastModifier":{"uri":"/selfcnil/api/configuration/site/document/287/lastModifier"},"lastModificationDate":1531470506000,"fields":[{"name":"Description","value":null,"fieldType":"TEXT","fieldOrder":null,"fieldLength":null,"listOfValueId":null,"visibleByAgent":null,"visibleBySupervisor":null,"visibleByExternalSpecialist":null,"mandatoryForAgent":null,"mandatoryForSupervisor":null,"readonlyForAgent":null,"readonlyForSupervisor":null,"localisation":[{"label":"Description","value":"Base élèves, école, élèves, enfant, scolaire, éducation nationale, ONDE, Outil numérique pour la direction d'école","locale":"fr_FR"}]},{"name":"OrderTemplate","value":"","fieldType":"STRING","fieldOrder":null,"fieldLength":null,"listOfValueId":null,"visibleByAgent":null,"visibleBySupervisor":null,"visibleByExternalSpecialist":null,"mandatoryForAgent":null,"mandatoryForSupervisor":null,"readonlyForAgent":null,"readonlyForSupervisor":null,"localisation":[{"label":"Ordre d'affichage","value":"","locale":"fr_FR"}]}],"hits":[{"locale":"fr_FR","hits":60}],"ranks":[{"locale":"fr_FR","rank":1.5555555555555556,"count":81}],"contacts":{"uri":"/selfcnil/api/configuration/site/document/287/contacts"},"relatedDocuments":{"uri":"/selfcnil/api/configuration/site/document/287/relatedDocuments"},"attachments":{"uri":"/selfcnil/api/configuration/site/document/287/attachments"},"path":[{"id":"12","uri":"/selfcnil/api/configuration/site/documentGroup/12"},{"id":"65","uri":"/selfcnil/api/configuration/site/documentGroup/65"},{"id":"82","uri":"/selfcnil/api/configuration/site/documentGroup/82"}],"parentGroup":{"id":"82","uri":"/selfcnil/api/configuration/site/documentGroup/82"},"publicationStatus":"None"}