{"id":"291","uri":"/selfcnil/api/configuration/site/document/291/content","contents":[{"locale":"fr_FR","content":"<span style=\"color:#2179c4;\"><strong>Oui.</strong></span><br />\r\n<br />\r\nLes organismes d'assurance maladie ou de prestations familiales&nbsp;peuvent effectuer des contrôles et <span style=\"color:#2179c4;\"><strong>vérifier la validité de certaines informations</strong></span>, par exemple celles qui concernent les ressources du foyer.&nbsp;<br />\r\nIls sont donc autorisés à demander tous les documents nécessaires pour contrôler l'exactitude des déclarations des assurés ou des allocataires.&nbsp;<br />\r\n<br />\r\nPour une demande de CMU complémentaire (CMU-C), une caisse primaire d'assurance maladie peut par exemple demander copie des relevés bancaires du demandeur ou d'une pièce d'identité&nbsp;d'un parent chez lequel il est hébergé.<br />\r\n<br />\r\nDe même, une caisse d'allocations familiales est autorisée à demander à un allocataire la communication de tous ses revenus, y compris les placements&nbsp;ou capitaux, et à exiger tous les justificatifs nécessaires.","format":"text/html"}]}