{"id":"296","uri":"/selfcnil/api/configuration/site/document/296","names":[{"name":"Cerise pro : quelles formalités à la CNIL ?","locale":"fr_FR"}],"metadata":[{"locale":"fr_FR","name":"description","property":null,"content":"Cerise, RU-003, RU3, ENT, dispense"}],"content":{"uri":"/selfcnil/api/configuration/site/document/296/content"},"creator":{"uri":"/selfcnil/api/configuration/site/document/296/creator"},"creationDate":1431964699000,"lastModifier":null,"lastModificationDate":1506696455000,"fields":[{"name":"Description","value":null,"fieldType":"TEXT","fieldOrder":null,"fieldLength":null,"listOfValueId":null,"visibleByAgent":null,"visibleBySupervisor":null,"visibleByExternalSpecialist":null,"mandatoryForAgent":null,"mandatoryForSupervisor":null,"readonlyForAgent":null,"readonlyForSupervisor":null,"localisation":[{"label":"Description","value":"Cerise, RU-003, RU3, ENT, dispense","locale":"fr_FR"}]},{"name":"OrderTemplate","value":"","fieldType":"STRING","fieldOrder":null,"fieldLength":null,"listOfValueId":null,"visibleByAgent":null,"visibleBySupervisor":null,"visibleByExternalSpecialist":null,"mandatoryForAgent":null,"mandatoryForSupervisor":null,"readonlyForAgent":null,"readonlyForSupervisor":null,"localisation":[{"label":"Ordre d'affichage","value":"","locale":"fr_FR"}]}],"hits":[{"locale":"fr_FR","hits":116}],"ranks":[{"locale":"fr_FR","rank":1.4259259259259258,"count":54}],"contacts":{"uri":"/selfcnil/api/configuration/site/document/296/contacts"},"relatedDocuments":{"uri":"/selfcnil/api/configuration/site/document/296/relatedDocuments"},"attachments":{"uri":"/selfcnil/api/configuration/site/document/296/attachments"},"path":[{"id":"12","uri":"/selfcnil/api/configuration/site/documentGroup/12"},{"id":"49","uri":"/selfcnil/api/configuration/site/documentGroup/49"},{"id":"80","uri":"/selfcnil/api/configuration/site/documentGroup/80"}],"parentGroup":{"id":"80","uri":"/selfcnil/api/configuration/site/documentGroup/80"},"publicationStatus":"None"}