{"id":"299","uri":"/selfcnil/api/configuration/site/document/299/content","contents":[{"locale":"fr_FR","content":"Les particuliers, les établissements hospitaliers ou médico-sociaux peuvent aujourd'hui utiliser des appareils de suivi électroniques (bracelets, boîtiers, etc. )&nbsp;pour assurer la sécurité de personnes âgées, malades, ou de jeunes enfants.<br />\r\n<br />\r\nAfin de respecter les droits de ces&nbsp;personnes, la CNIL a&nbsp;fait les recommandations suivantes :\r\n<ul>\r\n\t<li>Recueillir si possible <span style=\"color: rgb(33, 121, 196);\"><strong>l'accord de la personne</strong></span> concernée ou celui de ses représentants légaux ou de ses proches. La personne doit au minimum être informée ;</li>\r\n\t<li>Les appareils doivent pouvoir être désactivés et réactivés par les personnes concernées, lorsque celles-ci sont en possession de leurs moyens ;</li>\r\n\t<li>La procédure de gestion des alertes doit être précisée dans un protocole ;</li>\r\n\t<li>Privilégier les systèmes qui laissent à la personne concernée l'initiative de la demande d'assistance, plutôt qu'une surveillance permanente ;</li>\r\n\t<li>S'appuyer sur une évaluation personnalisée des risques et non sur une logique de prévention collective. La géolocalisation ne doit pas être utilisée systématiquement pour toutes les personnes âgées ou tous les enfants accueillis dans un établissement.</li>\r\n</ul>\r\n<br />\r\nAvant de faire le choix d'utiliser ce type d'appareil, une évaluation collégiale et pluridisciplinaire doit donc être menée par l'équipe qui prend en charge la personne vulnérable.","format":"text/html"}]}