{"id":"300","uri":"/selfcnil/api/configuration/site/document/300","names":[{"name":"Transports en commun : puis-je circuler de façon anonyme ?","locale":"fr_FR"}],"metadata":[{"locale":"fr_FR","name":"description","property":null,"content":"transport, bus, train, métro, tram, billettique, traçabilité, anonymat, trajet, RATP, Navigo"}],"content":{"uri":"/selfcnil/api/configuration/site/document/300/content"},"creator":{"uri":"/selfcnil/api/configuration/site/document/300/creator"},"creationDate":1432024538000,"lastModifier":{"uri":"/selfcnil/api/configuration/site/document/300/lastModifier"},"lastModificationDate":1435136885000,"fields":[{"name":"Description","value":null,"fieldType":"TEXT","fieldOrder":null,"fieldLength":null,"listOfValueId":null,"visibleByAgent":null,"visibleBySupervisor":null,"visibleByExternalSpecialist":null,"mandatoryForAgent":null,"mandatoryForSupervisor":null,"readonlyForAgent":null,"readonlyForSupervisor":null,"localisation":[{"label":"Description","value":"transport, bus, train, métro, tram, billettique, traçabilité, anonymat, trajet, RATP, Navigo","locale":"fr_FR"}]},{"name":"OrderTemplate","value":"40","fieldType":"STRING","fieldOrder":null,"fieldLength":null,"listOfValueId":null,"visibleByAgent":null,"visibleBySupervisor":null,"visibleByExternalSpecialist":null,"mandatoryForAgent":null,"mandatoryForSupervisor":null,"readonlyForAgent":null,"readonlyForSupervisor":null,"localisation":[{"label":"Ordre d'affichage","value":"40","locale":"fr_FR"}]}],"hits":[{"locale":"fr_FR","hits":121}],"ranks":[{"locale":"fr_FR","rank":1.5212121212121212,"count":165}],"contacts":{"uri":"/selfcnil/api/configuration/site/document/300/contacts"},"relatedDocuments":{"uri":"/selfcnil/api/configuration/site/document/300/relatedDocuments"},"attachments":{"uri":"/selfcnil/api/configuration/site/document/300/attachments"},"path":[{"id":"12","uri":"/selfcnil/api/configuration/site/documentGroup/12"},{"id":"65","uri":"/selfcnil/api/configuration/site/documentGroup/65"},{"id":"73","uri":"/selfcnil/api/configuration/site/documentGroup/73"}],"parentGroup":{"id":"73","uri":"/selfcnil/api/configuration/site/documentGroup/73"},"publicationStatus":"None"}