{"id":"300","uri":"/selfcnil/api/configuration/site/document/300/content","contents":[{"locale":"fr_FR","content":"Tout dépend du type de titre de transport utilisé :\r\n<ul>\r\n\t<li><span style=\"color: rgb(33, 121, 196);\"><strong>Titre de transport nominatif (type Pass Navigo) : titre utilisant la technologie sans contact</strong>. </span></li>\r\n</ul>\r\nL'usager présente son titre de transport à une borne de contrôle en entrée et en sortie du réseau ou à l'occasion d'une correspondance.<br />\r\nDes informations sur le trajet et l'identité du voyageur sont donc enregistrées sur la carte ou le pass et sur le poste central de la société de transports : les déplacements de l'usager peuvent donc être reconstitués et ne sont pas anonymes.<br />\r\n<br />\r\n<span style=\"color: rgb(255, 81, 34);\"><strong>A noter</strong> </span>: la CNIL préconise que ces informations ne soient pas conservées plus de 48 h.<br />\r\n&nbsp;\r\n<ul>\r\n\t<li><strong><span style=\"color: rgb(33, 121, 196);\">Titre de transport déclaratif (type Navigo Découverte)</span></strong> : le support est nominatif mais l'usager ne figure pas dans les fichiers clients de la société ( RATP, SNCF etc.). Ses déplacements sont donc anonymes.</li>\r\n</ul>\r\n&nbsp;\r\n\r\n<ul>\r\n\t<li><span style=\"color: rgb(33, 121, 196);\"><strong>Titre de transport anonyme (tickets par exemple) </strong>:</span></li>\r\n</ul>\r\nLe support est anonyme et aucun abonnement ne peut y être chargé. Les déplacements sont anonymes.&nbsp;&nbsp;<br />\r\n<br />\r\n<br />\r\n<strong><span style=\"color: rgb(255, 81, 34);\">A savoir</span></strong> : la CNIL estime que la possibilité de circuler de façon anonyme doit être, dans tous les cas, préservée. Chaque société de transports en commun&nbsp;doit proposer des titres de transports anonymes.&nbsp;&nbsp;","format":"text/html"}]}