{"id":"301","uri":"/selfcnil/api/configuration/site/document/301","names":[{"name":"Transports en commun : circuler de façon anonyme doit être possible dans tous les cas","locale":"fr_FR"}],"metadata":[{"locale":"fr_FR","name":"description","property":null,"content":"transport, bus, train, métro, tram, billettique, traçabilité, anonymat, trajet, RATP, Navigo"}],"content":{"uri":"/selfcnil/api/configuration/site/document/301/content"},"creator":{"uri":"/selfcnil/api/configuration/site/document/301/creator"},"creationDate":1432025522000,"lastModifier":{"uri":"/selfcnil/api/configuration/site/document/301/lastModifier"},"lastModificationDate":1434975696000,"fields":[{"name":"Description","value":null,"fieldType":"TEXT","fieldOrder":null,"fieldLength":null,"listOfValueId":null,"visibleByAgent":null,"visibleBySupervisor":null,"visibleByExternalSpecialist":null,"mandatoryForAgent":null,"mandatoryForSupervisor":null,"readonlyForAgent":null,"readonlyForSupervisor":null,"localisation":[{"label":"Description","value":"transport, bus, train, métro, tram, billettique, traçabilité, anonymat, trajet, RATP, Navigo","locale":"fr_FR"}]},{"name":"OrderTemplate","value":"","fieldType":"STRING","fieldOrder":null,"fieldLength":null,"listOfValueId":null,"visibleByAgent":null,"visibleBySupervisor":null,"visibleByExternalSpecialist":null,"mandatoryForAgent":null,"mandatoryForSupervisor":null,"readonlyForAgent":null,"readonlyForSupervisor":null,"localisation":[{"label":"Ordre d'affichage","value":"","locale":"fr_FR"}]}],"hits":[{"locale":"fr_FR","hits":78}],"ranks":[{"locale":"fr_FR","rank":1.4565217391304348,"count":46}],"contacts":{"uri":"/selfcnil/api/configuration/site/document/301/contacts"},"relatedDocuments":{"uri":"/selfcnil/api/configuration/site/document/301/relatedDocuments"},"attachments":{"uri":"/selfcnil/api/configuration/site/document/301/attachments"},"path":[{"id":"12","uri":"/selfcnil/api/configuration/site/documentGroup/12"},{"id":"49","uri":"/selfcnil/api/configuration/site/documentGroup/49"},{"id":"81","uri":"/selfcnil/api/configuration/site/documentGroup/81"}],"parentGroup":{"id":"81","uri":"/selfcnil/api/configuration/site/documentGroup/81"},"publicationStatus":"None"}