{"id":"303","uri":"/selfcnil/api/configuration/site/document/303","names":[{"name":"Transports en commun : combien de temps conserver les données ?","locale":"fr_FR"}],"metadata":[{"locale":"fr_FR","name":"description","property":null,"content":"transport collectif, transport public, billettique, conservation, durée, délai, archivage"}],"content":{"uri":"/selfcnil/api/configuration/site/document/303/content"},"creator":{"uri":"/selfcnil/api/configuration/site/document/303/creator"},"creationDate":1432040857000,"lastModifier":{"uri":"/selfcnil/api/configuration/site/document/303/lastModifier"},"lastModificationDate":1510842597000,"fields":[{"name":"Description","value":null,"fieldType":"TEXT","fieldOrder":null,"fieldLength":null,"listOfValueId":null,"visibleByAgent":null,"visibleBySupervisor":null,"visibleByExternalSpecialist":null,"mandatoryForAgent":null,"mandatoryForSupervisor":null,"readonlyForAgent":null,"readonlyForSupervisor":null,"localisation":[{"label":"Description","value":"transport collectif, transport public, billettique, conservation, durée, délai, archivage","locale":"fr_FR"}]},{"name":"OrderTemplate","value":"","fieldType":"STRING","fieldOrder":null,"fieldLength":null,"listOfValueId":null,"visibleByAgent":null,"visibleBySupervisor":null,"visibleByExternalSpecialist":null,"mandatoryForAgent":null,"mandatoryForSupervisor":null,"readonlyForAgent":null,"readonlyForSupervisor":null,"localisation":[{"label":"Ordre d'affichage","value":"","locale":"fr_FR"}]}],"hits":[{"locale":"fr_FR","hits":76}],"ranks":[{"locale":"fr_FR","rank":1.5,"count":44}],"contacts":{"uri":"/selfcnil/api/configuration/site/document/303/contacts"},"relatedDocuments":{"uri":"/selfcnil/api/configuration/site/document/303/relatedDocuments"},"attachments":{"uri":"/selfcnil/api/configuration/site/document/303/attachments"},"path":[{"id":"12","uri":"/selfcnil/api/configuration/site/documentGroup/12"},{"id":"49","uri":"/selfcnil/api/configuration/site/documentGroup/49"},{"id":"81","uri":"/selfcnil/api/configuration/site/documentGroup/81"}],"parentGroup":{"id":"81","uri":"/selfcnil/api/configuration/site/documentGroup/81"},"publicationStatus":"None"}