{"id":"308","uri":"/selfcnil/api/configuration/site/document/308/content","contents":[{"locale":"fr_FR","content":"Le système API-PNR rassemble des informations transmises par les compagnies aériennes. Ce sont notamment :<br />\r\n&nbsp;\r\n<ul>\r\n\t<li><strong><span style=\"color: rgb(33, 121, 196);\">Des informations provenant de la réservation : </span></strong>Nom, prénom, date de naissance, date de réservation du billet, date prévue du voyage, adresse, numéro de téléphone, adresse électronique, moyens de paiement,&nbsp;itinéraire complet pour le passager concerné, nombre et autres noms de voyageurs figurant dans le dossier passager etc.</li>\r\n</ul>\r\n<strong><span style=\"color: rgb(255, 81, 34);\">A noter</span></strong> : les informations dites sensibles (religion, opinion politique, informations médicales, etc.)&nbsp;ne figurent pas au fichier.<br />\r\n&nbsp;\r\n<ul>\r\n\t<li><strong><span style=\"color: rgb(33, 121, 196);\">Des informations provenant de l'enregistrement et de l'embarquement</span></strong> : Point de passage frontalier utilisé pour entrer sur le territoire français ou en sortir,&nbsp;date du vol&nbsp;(heures de départ et d'arrivée, points de départ et d'arrivée),&nbsp;statut de la personne embarquée (membre d'équipage, passager), nombre, poids et identification des bagages,&nbsp;nombre total des personnes transportées dans l'avion, etc.</li>\r\n</ul>\r\n&nbsp;\r\n\r\n<ul>\r\n\t<li><strong><span style=\"color: rgb(33, 121, 196);\">Les résultats issus des croisements</span></strong> avec le Fichier des personnes recherchées, le Fichier Schengen (SIS II), le Fichier des objets et des véhicules signalés, le système informatisé de lutte contre les fraudes et le Fichier des documents de voyage volés et perdus d'Interpol &nbsp;</li>\r\n</ul>\r\n","format":"text/html"}]}