{"id":"310","uri":"/selfcnil/api/configuration/site/document/310","names":[{"name":"Permis de conduire : comment obtenir mon relevé intégral ?","locale":"fr_FR"}],"metadata":[{"locale":"fr_FR","name":"description","property":null,"content":"permis de conduire, véhicule, relevé intégral, communication, accès, préfecture, refus, CADA"}],"content":{"uri":"/selfcnil/api/configuration/site/document/310/content"},"creator":{"uri":"/selfcnil/api/configuration/site/document/310/creator"},"creationDate":1432125472000,"lastModifier":{"uri":"/selfcnil/api/configuration/site/document/310/lastModifier"},"lastModificationDate":1435136628000,"fields":[{"name":"Description","value":null,"fieldType":"TEXT","fieldOrder":null,"fieldLength":null,"listOfValueId":null,"visibleByAgent":null,"visibleBySupervisor":null,"visibleByExternalSpecialist":null,"mandatoryForAgent":null,"mandatoryForSupervisor":null,"readonlyForAgent":null,"readonlyForSupervisor":null,"localisation":[{"label":"Description","value":"permis de conduire, véhicule, relevé intégral, communication, accès, préfecture, refus, CADA ","locale":"fr_FR"}]},{"name":"OrderTemplate","value":"30","fieldType":"STRING","fieldOrder":null,"fieldLength":null,"listOfValueId":null,"visibleByAgent":null,"visibleBySupervisor":null,"visibleByExternalSpecialist":null,"mandatoryForAgent":null,"mandatoryForSupervisor":null,"readonlyForAgent":null,"readonlyForSupervisor":null,"localisation":[{"label":"Ordre d'affichage","value":"30","locale":"fr_FR"}]}],"hits":[{"locale":"fr_FR","hits":151}],"ranks":[{"locale":"fr_FR","rank":1.5573770491803278,"count":122}],"contacts":{"uri":"/selfcnil/api/configuration/site/document/310/contacts"},"relatedDocuments":{"uri":"/selfcnil/api/configuration/site/document/310/relatedDocuments"},"attachments":{"uri":"/selfcnil/api/configuration/site/document/310/attachments"},"path":[{"id":"12","uri":"/selfcnil/api/configuration/site/documentGroup/12"},{"id":"65","uri":"/selfcnil/api/configuration/site/documentGroup/65"},{"id":"82","uri":"/selfcnil/api/configuration/site/documentGroup/82"}],"parentGroup":{"id":"82","uri":"/selfcnil/api/configuration/site/documentGroup/82"},"publicationStatus":"None"}