{"id":"310","uri":"/selfcnil/api/configuration/site/document/310/content","contents":[{"locale":"fr_FR","content":"Toute personne peut demander à recevoir le relevé intégral des mentions apparaissant sur son permis de conduire.<br />\r\nIl s'agit d'un document administratif qui mentionne notamment&nbsp;toutes les infractions commises par le titulaire du permis.<br />\r\n<br />\r\nPour obtenir ce document, rendez-vous dans votre préfecture muni d'une pièce d'identité en cours de validité ou&nbsp;adressez votre demande écrite&nbsp;à la préfecture de votre département en joignant\r\n<ul>\r\n\t<li>une photocopie de votre permis de conduire et d'une pièce d'identité en cours de validité,&nbsp;</li>\r\n\t<li>une enveloppe affranchie au tarif recommandé avec demande d'avis de réception.</li>\r\n</ul>\r\n<br />\r\nSi la préfecture refuse de communiquer ce document, vous pouvez <a href=\"http://www.cada.fr/saisir-la-cada,4.html\" target=\"_blank\">saisir la CADA </a>&nbsp;(Commission d'accès aux documents administratifs).<br />\r\n<br />\r\n<strong><span style=\"color: rgb(255, 81, 34);\">A noter </span></strong>: la CNIL n'est pas compétente dans ce domaine.<br />\r\n&nbsp;","format":"text/html"}]}