{"id":"311","uri":"/selfcnil/api/configuration/site/document/311","names":[{"name":"Permis de conduire : quelles données contient le Système national des permis de conduire (SNPC) ?","locale":"fr_FR"}],"metadata":[{"locale":"fr_FR","name":"description","property":null,"content":"permis de conduire, véhicule, informations, données, enregistrées, catégories, SNPC, permis"}],"content":{"uri":"/selfcnil/api/configuration/site/document/311/content"},"creator":{"uri":"/selfcnil/api/configuration/site/document/311/creator"},"creationDate":1432129333000,"lastModifier":{"uri":"/selfcnil/api/configuration/site/document/311/lastModifier"},"lastModificationDate":1487579281000,"fields":[{"name":"Description","value":null,"fieldType":"TEXT","fieldOrder":null,"fieldLength":null,"listOfValueId":null,"visibleByAgent":null,"visibleBySupervisor":null,"visibleByExternalSpecialist":null,"mandatoryForAgent":null,"mandatoryForSupervisor":null,"readonlyForAgent":null,"readonlyForSupervisor":null,"localisation":[{"label":"Description","value":"permis de conduire, véhicule, informations, données, enregistrées, catégories, SNPC, permis ","locale":"fr_FR"}]},{"name":"OrderTemplate","value":"31","fieldType":"STRING","fieldOrder":null,"fieldLength":null,"listOfValueId":null,"visibleByAgent":null,"visibleBySupervisor":null,"visibleByExternalSpecialist":null,"mandatoryForAgent":null,"mandatoryForSupervisor":null,"readonlyForAgent":null,"readonlyForSupervisor":null,"localisation":[{"label":"Ordre d'affichage","value":"31","locale":"fr_FR"}]}],"hits":[{"locale":"fr_FR","hits":208}],"ranks":[{"locale":"fr_FR","rank":1.52,"count":100}],"contacts":{"uri":"/selfcnil/api/configuration/site/document/311/contacts"},"relatedDocuments":{"uri":"/selfcnil/api/configuration/site/document/311/relatedDocuments"},"attachments":{"uri":"/selfcnil/api/configuration/site/document/311/attachments"},"path":[{"id":"12","uri":"/selfcnil/api/configuration/site/documentGroup/12"},{"id":"65","uri":"/selfcnil/api/configuration/site/documentGroup/65"},{"id":"82","uri":"/selfcnil/api/configuration/site/documentGroup/82"}],"parentGroup":{"id":"82","uri":"/selfcnil/api/configuration/site/documentGroup/82"},"publicationStatus":"None"}