{"id":"311","uri":"/selfcnil/api/configuration/site/document/311/content","contents":[{"locale":"fr_FR","content":"Le&nbsp;SNPC comprend deux volets :\r\n<ul>\r\n\t<li><strong><span style=\"color: rgb(33, 121, 196);\">Le fichier central </span></strong>contient des informations relatives aux titulaires de permis de conduire, aux personnes ayant fait une demande de permis ou ayant fait l'objet d'une décision d'annulation ou d'interdiction du permis.</li>\r\n</ul>\r\n<br />\r\nIl comprend également des informations détaillées sur les permis : catégories de permis, conditions restrictives, état de validité pour chaque catégorie et causes d'invalidité éventuelles, déclaration de perte ou vol, décision de retrait, restrictions médicales, infractions au Code de la route, décisions judiciaires définitives portant restriction de validité, suspension, annulation et interdiction de délivrance de permis, nombre de points etc.\r\n<ul>\r\n\t<li><strong><span style=\"color: rgb(33, 121, 196);\">Les fichiers départementaux</span></strong> sont gérés par les préfectures.</li>\r\n</ul>\r\n<br />\r\nIls contiennent notamment les procès-verbaux d'infractions entraînant la saisine de la commission spéciale et les avis des commissions médicales sur l'aptitude des candidats et des conducteurs.<br />\r\n<br />\r\n<br />\r\n<strong><span style=\"color: rgb(255, 81, 34);\">A noter</span></strong> : le SNPC doit être prochainement remplacé par un nouveau fichier, Faeton, qui prendra en compte le nouveau permis européen.","format":"text/html"}]}