{"id":"312","uri":"/selfcnil/api/configuration/site/document/312","names":[{"name":"Permis de conduire : qui peut consulter le fichier national ?","locale":"fr_FR"}],"metadata":[{"locale":"fr_FR","name":"description","property":null,"content":"permis de conduire, SNPC, Faeton, ANTS"}],"content":{"uri":"/selfcnil/api/configuration/site/document/312/content"},"creator":{"uri":"/selfcnil/api/configuration/site/document/312/creator"},"creationDate":1432130809000,"lastModifier":{"uri":"/selfcnil/api/configuration/site/document/312/lastModifier"},"lastModificationDate":1572258544000,"fields":[{"name":"Description","value":null,"fieldType":"TEXT","fieldOrder":null,"fieldLength":null,"listOfValueId":null,"visibleByAgent":null,"visibleBySupervisor":null,"visibleByExternalSpecialist":null,"mandatoryForAgent":null,"mandatoryForSupervisor":null,"readonlyForAgent":null,"readonlyForSupervisor":null,"localisation":[{"label":"Description","value":"permis de conduire, SNPC, Faeton, ANTS","locale":"fr_FR"}]},{"name":"OrderTemplate","value":"32","fieldType":"STRING","fieldOrder":null,"fieldLength":null,"listOfValueId":null,"visibleByAgent":null,"visibleBySupervisor":null,"visibleByExternalSpecialist":null,"mandatoryForAgent":null,"mandatoryForSupervisor":null,"readonlyForAgent":null,"readonlyForSupervisor":null,"localisation":[{"label":"Ordre d'affichage","value":"32","locale":"fr_FR"}]}],"hits":[{"locale":"fr_FR","hits":476}],"ranks":[{"locale":"fr_FR","rank":1.485,"count":200}],"contacts":{"uri":"/selfcnil/api/configuration/site/document/312/contacts"},"relatedDocuments":{"uri":"/selfcnil/api/configuration/site/document/312/relatedDocuments"},"attachments":{"uri":"/selfcnil/api/configuration/site/document/312/attachments"},"path":[{"id":"12","uri":"/selfcnil/api/configuration/site/documentGroup/12"},{"id":"65","uri":"/selfcnil/api/configuration/site/documentGroup/65"},{"id":"82","uri":"/selfcnil/api/configuration/site/documentGroup/82"}],"parentGroup":{"id":"82","uri":"/selfcnil/api/configuration/site/documentGroup/82"},"publicationStatus":"None"}