{"id":"315","uri":"/selfcnil/api/configuration/site/document/315/content","contents":[{"locale":"fr_FR","content":"Le Système d'immatriculation des véhicules (SIV) est un fichier national placé sous la responsabilité du Ministère de l'intérieur. Il sert à la gestion des certificats d'immatriculation (cartes grises) et des autres documents administratifs liés aux véhicules en circulation.<br />\r\n<br />\r\nIl contient les informations suivantes :\r\n<ul>\r\n\t<li>Identité du titulaire du certificat d'immatriculation du véhicule (carte grise) : nom, prénoms, date et lieu de naissance, adresse.</li>\r\n\t<li>Informations concernant le véhicule et l'autorisation de circuler : numéro d'immatriculation, numéro VIN, caractéristiques techniques du véhicule, contrôle technique, mentions spécifiques et d'usage, oppositions au transfert du certificat d'immatriculation, droits sur le véhicule (déclaration valant saisie, gage, déclaration de cession et d'achat, déclaration et conclusions des experts des véhicules endommagés), situation du véhicule (retrait suite à immobilisation, suspension, destruction, annulation de l'immatriculation), numéro de formule du certificat d'immatriculation, date de la première immatriculation.</li>\r\n\t<li>Identité des professionnels habilités à transmettre des données au SIV : vendeurs de véhicules, huissiers de justice, experts, assureurs, démolisseurs/broyeurs, sociétés de crédit.</li>\r\n</ul>\r\n","format":"text/html"}]}