{"id":"318","uri":"/selfcnil/api/configuration/site/document/318/content","contents":[{"locale":"fr_FR","content":"<span style=\"color: rgb(33, 121, 196);\"><strong>Oui.</strong></span>&nbsp;<br />\r\n<br />\r\nLes agents assermentés des&nbsp;sociétés d'autoroutes ou gérant un ouvrage routier à péages ouverts à la circulation publique&nbsp;(ponts, tunnels, etc.)&nbsp;ont accès&nbsp;au&nbsp;Système d'immatriculation des véhicules (SIV), mais uniquement pour identifier les conducteurs ayant commis des contraventions au code de la route qu'ils sont habilités à constater&nbsp;(par exemple,&nbsp;non-paiement du péage).","format":"text/html"}]}