{"id":"327","uri":"/selfcnil/api/configuration/site/document/327/content","contents":[{"locale":"fr_FR","content":"<strong><span style=\"color: rgb(33, 121, 196);\">Oui.</span></strong><br />\r\n<br />\r\nAucun texte n'interdit à un employeur d'installer des caméras de surveillance à condition bien sûr que cette installation soit motivée par des raisons de sécurité concernant des personnes et des biens.<br />\r\n<br />\r\nDe plus, si le système prévoit un enregistrement des images sur support numérique, il devra se&nbsp;<b>conformer aux règles de protection des données personnelles.</b><br />\r\n<br />\r\nIl y a toutefois des <span style=\"color: rgb(33, 121, 196);\"><strong>restrictions</strong></span> : l'employeur ne peut pas installer de caméras dans les salles de pause, les vestiaires, les douches, ou les toilettes des employés. Ce serait une atteinte à l'intimité de la vie privée des salariés.","format":"text/html"}]}