{"id":"328","uri":"/selfcnil/api/configuration/site/document/328","names":[{"name":"Vidéosurveillance au travail : que faire ?","locale":"fr_FR"}],"metadata":[{"locale":"fr_FR","name":"description","property":null,"content":"Employeur, Vidéosurveillance, Caméra, Formalités, Déclaration normale, déclarer, Préfecture, Lieu public, Lieu privé, Entreprise, client, visiteur, vidéo"}],"content":{"uri":"/selfcnil/api/configuration/site/document/328/content"},"creator":{"uri":"/selfcnil/api/configuration/site/document/328/creator"},"creationDate":1432631920000,"lastModifier":{"uri":"/selfcnil/api/configuration/site/document/328/lastModifier"},"lastModificationDate":1527261518000,"fields":[{"name":"Description","value":null,"fieldType":"TEXT","fieldOrder":null,"fieldLength":null,"listOfValueId":null,"visibleByAgent":null,"visibleBySupervisor":null,"visibleByExternalSpecialist":null,"mandatoryForAgent":null,"mandatoryForSupervisor":null,"readonlyForAgent":null,"readonlyForSupervisor":null,"localisation":[{"label":"Description","value":"Employeur, Vidéosurveillance, Caméra, Préfecture, Lieu public, Lieu privé, Entreprise, client, visiteur, vidéo, \r\nrgpd, gdpr, règlement européen\r\n","locale":"fr_FR"}]},{"name":"OrderTemplate","value":"","fieldType":"STRING","fieldOrder":null,"fieldLength":null,"listOfValueId":null,"visibleByAgent":null,"visibleBySupervisor":null,"visibleByExternalSpecialist":null,"mandatoryForAgent":null,"mandatoryForSupervisor":null,"readonlyForAgent":null,"readonlyForSupervisor":null,"localisation":[{"label":"Ordre d'affichage","value":"","locale":"fr_FR"}]}],"hits":[{"locale":"fr_FR","hits":212}],"ranks":[{"locale":"fr_FR","rank":1.4683544303797469,"count":237}],"contacts":{"uri":"/selfcnil/api/configuration/site/document/328/contacts"},"relatedDocuments":{"uri":"/selfcnil/api/configuration/site/document/328/relatedDocuments"},"attachments":{"uri":"/selfcnil/api/configuration/site/document/328/attachments"},"path":[{"id":"12","uri":"/selfcnil/api/configuration/site/documentGroup/12"},{"id":"49","uri":"/selfcnil/api/configuration/site/documentGroup/49"},{"id":"35","uri":"/selfcnil/api/configuration/site/documentGroup/35"}],"parentGroup":{"id":"35","uri":"/selfcnil/api/configuration/site/documentGroup/35"},"publicationStatus":"None"}