{"id":"329","uri":"/selfcnil/api/configuration/site/document/329","names":[{"name":"Vidéosurveillance au travail : qui peut consulter les images ?","locale":"fr_FR"}],"metadata":[{"locale":"fr_FR","name":"description","property":null,"content":"Employeur, Salarié, Employé, Vidéosurveillance, Caméra, Consultation des images, droit d'accès, visualisation, vidéo"}],"content":{"uri":"/selfcnil/api/configuration/site/document/329/content"},"creator":{"uri":"/selfcnil/api/configuration/site/document/329/creator"},"creationDate":1432634208000,"lastModifier":{"uri":"/selfcnil/api/configuration/site/document/329/lastModifier"},"lastModificationDate":1455814211000,"fields":[{"name":"Description","value":null,"fieldType":"TEXT","fieldOrder":null,"fieldLength":null,"listOfValueId":null,"visibleByAgent":null,"visibleBySupervisor":null,"visibleByExternalSpecialist":null,"mandatoryForAgent":null,"mandatoryForSupervisor":null,"readonlyForAgent":null,"readonlyForSupervisor":null,"localisation":[{"label":"Description","value":"Employeur, Salarié, Employé, Vidéosurveillance, Caméra, Consultation des images, droit d'accès, visualisation, vidéo","locale":"fr_FR"}]},{"name":"OrderTemplate","value":"","fieldType":"STRING","fieldOrder":null,"fieldLength":null,"listOfValueId":null,"visibleByAgent":null,"visibleBySupervisor":null,"visibleByExternalSpecialist":null,"mandatoryForAgent":null,"mandatoryForSupervisor":null,"readonlyForAgent":null,"readonlyForSupervisor":null,"localisation":[{"label":"Ordre d'affichage","value":"","locale":"fr_FR"}]}],"hits":[{"locale":"fr_FR","hits":130}],"ranks":[{"locale":"fr_FR","rank":1.4553571428571428,"count":112}],"contacts":{"uri":"/selfcnil/api/configuration/site/document/329/contacts"},"relatedDocuments":{"uri":"/selfcnil/api/configuration/site/document/329/relatedDocuments"},"attachments":{"uri":"/selfcnil/api/configuration/site/document/329/attachments"},"path":[{"id":"12","uri":"/selfcnil/api/configuration/site/documentGroup/12"},{"id":"49","uri":"/selfcnil/api/configuration/site/documentGroup/49"},{"id":"35","uri":"/selfcnil/api/configuration/site/documentGroup/35"}],"parentGroup":{"id":"35","uri":"/selfcnil/api/configuration/site/documentGroup/35"},"publicationStatus":"None"}