{"id":"329","uri":"/selfcnil/api/configuration/site/document/329/content","contents":[{"locale":"fr_FR","content":"Seules les <span style=\"color:#2179c4;\"><strong>personnes habilitées</strong></span> dans le cadre de leurs fonctions peuvent visionner les images enregistrées. Par exemple, les agents chargés de la sécurité de l'organisme.<br />\r\n<br />\r\nCes personnes doivent être formées et sensibilisées aux règles encadrant un système de vidéosurveillance.<br />\r\n<br />\r\nDe plus chacun peut demander à visionner les images sur lesquelles il apparaît. C'est le <span style=\"color:#2179c4;\"><strong>droit d'accès</strong></span>.<br />\r\n<br />\r\n<span style=\"color: rgb(255, 81, 34);\"><strong>En savoir plus&nbsp;</strong></span>: &nbsp;<a href=\"https://www.cnil.fr/sites/default/files/typo/document/CNIL_Video_au_travail.pdf\" target=\"_blank\">Fiche pratique Vidéosurveillance au travail</a>","format":"text/html"}]}