{"id":"330","uri":"/selfcnil/api/configuration/site/document/330/content","contents":[{"locale":"fr_FR","content":"La conservation des images ne doit pas dépasser <span style=\"color:#2179c4;\"><strong>1 mois</strong></span>.<br />\r\n<br />\r\nEn règle générale, conserver les images quelques jours suffit à effectuer les vérifications nécessaires en cas d'incident et à déclencher éventuellement des procédures disciplinaires ou judiciaires.<br />\r\n<br />\r\n<strong><span style=\"color: rgb(255, 81, 34);\">A noter </span></strong>: Si des procédures judiciaires sont engagées, les images utiles peuvent être extraites du système de surveillance et conservées pour la durée de la procédure.","format":"text/html"}]}