{"id":"331","uri":"/selfcnil/api/configuration/site/document/331","names":[{"name":"Géolocalisation des véhicules professionnels : un employeur peut-il installer ce système ?","locale":"fr_FR"}],"metadata":[{"locale":"fr_FR","name":"description","property":null,"content":"Employeur, Salarié, Employé, Travail, Géolocalisation, Véhicule, But, GPS, GSM"}],"content":{"uri":"/selfcnil/api/configuration/site/document/331/content"},"creator":{"uri":"/selfcnil/api/configuration/site/document/331/creator"},"creationDate":1432640998000,"lastModifier":{"uri":"/selfcnil/api/configuration/site/document/331/lastModifier"},"lastModificationDate":1487065656000,"fields":[{"name":"Description","value":null,"fieldType":"TEXT","fieldOrder":null,"fieldLength":null,"listOfValueId":null,"visibleByAgent":null,"visibleBySupervisor":null,"visibleByExternalSpecialist":null,"mandatoryForAgent":null,"mandatoryForSupervisor":null,"readonlyForAgent":null,"readonlyForSupervisor":null,"localisation":[{"label":"Description","value":"Employeur, Salarié, Employé, Travail, Géolocalisation, Véhicule, But, GPS, GSM","locale":"fr_FR"}]},{"name":"OrderTemplate","value":"2","fieldType":"STRING","fieldOrder":null,"fieldLength":null,"listOfValueId":null,"visibleByAgent":null,"visibleBySupervisor":null,"visibleByExternalSpecialist":null,"mandatoryForAgent":null,"mandatoryForSupervisor":null,"readonlyForAgent":null,"readonlyForSupervisor":null,"localisation":[{"label":"Ordre d'affichage","value":"2","locale":"fr_FR"}]}],"hits":[{"locale":"fr_FR","hits":82}],"ranks":[{"locale":"fr_FR","rank":1.3846153846153846,"count":65}],"contacts":{"uri":"/selfcnil/api/configuration/site/document/331/contacts"},"relatedDocuments":{"uri":"/selfcnil/api/configuration/site/document/331/relatedDocuments"},"attachments":{"uri":"/selfcnil/api/configuration/site/document/331/attachments"},"path":[{"id":"12","uri":"/selfcnil/api/configuration/site/documentGroup/12"},{"id":"65","uri":"/selfcnil/api/configuration/site/documentGroup/65"},{"id":"71","uri":"/selfcnil/api/configuration/site/documentGroup/71"}],"parentGroup":{"id":"71","uri":"/selfcnil/api/configuration/site/documentGroup/71"},"publicationStatus":"None"}