{"id":"331","uri":"/selfcnil/api/configuration/site/document/331/content","contents":[{"locale":"fr_FR","content":"<span style=\"color:#2179c4;\"><strong>Oui, mais uniquement dans certains cas légitimes</strong> :</span>\r\n\r\n<ul>\r\n\t<li>S'il existe une <span style=\"color:#2179c4;\"><strong>obligation légale</strong></span> imposant la mise en place d'un système de géolocalisation en raison du type de transport ou de la nature des biens transportés.</li>\r\n\t<li>Pour <span style=\"color:#2179c4;\"><strong>facturer une prestation</strong></span> de transport ou de services directement liée à l'utilisation du véhicule, par exemple dans un service d'ambulances pour la facturation de l'assurance maladie.</li>\r\n\t<li>Pour <span style=\"color:#2179c4;\"><strong>assurer la sécurité</strong></span> de l'employé, des marchandises ou des véhicules. Exemple : un commercial transportant des échantillons de grande valeur dans son véhicule.</li>\r\n\t<li>Pour <span style=\"color:#2179c4;\"><strong>mieux gérer des déplacements</strong></span> dans des lieux éloignés les uns des autres, notamment pour les interventions d'urgence. Exemple : identifier le technicien le plus proche d'un ascenseur en panne ou l'ambulance la plus proche d'un accident.</li>\r\n\t<li>A titre accessoire, pour <span style=\"color:#2179c4;\"><strong>suivre le temps de travail</strong></span> lorsque ce suivi ne peut être assuré par aucun autre moyen.</li>\r\n</ul>\r\n","format":"text/html"}]}