{"id":"332","uri":"/selfcnil/api/configuration/site/document/332/content","contents":[{"locale":"fr_FR","content":"Le système de géolocalisation installé sur le véhicule professionnel mis à disposition d'un employé&nbsp;peut enregistrer, à condition d'être légitime :\r\n<ul>\r\n\t<li>Le <span style=\"color:#2179c4;\"><strong>nom</strong></span> de l'employé conduisant le véhicule</li>\r\n\t<li>La <span style=\"color:#2179c4;\"><strong>localisation du véhicule</strong></span> avec l'historique des déplacements</li>\r\n\t<li>La <span style=\"color:#2179c4;\"><strong>vitesse moyenne</strong></span> de circulation du véhicule</li>\r\n\t<li>Le <span style=\"color:#2179c4;\"><strong>nombre de kilomètres</strong></span> parcourus</li>\r\n\t<li>Les <span style=\"color:#2179c4;\"><strong>durées d'utilisation</strong></span> du véhicule</li>\r\n\t<li>Le <span style=\"color:#2179c4;\"><strong>temps de conduite</strong></span></li>\r\n\t<li>Le <span style=\"color:#2179c4;\"><strong>nombre d'arrêts</strong></span></li>\r\n</ul>\r\n","format":"text/html"}]}