{"id":"333","uri":"/selfcnil/api/configuration/site/document/333","names":[{"name":"Géolocalisation des véhicules professionnels : mon employeur doit-il m'informer ?","locale":"fr_FR"}],"metadata":[{"locale":"fr_FR","name":"description","property":null,"content":"Employeur, Salarié, Employé, Travail, Géolocalisation, Véhicule, Information, Instance représentative du personnel, Droit d'accès, représentant du personnel, copie, trajet, surveillance, GPS, GSM"}],"content":{"uri":"/selfcnil/api/configuration/site/document/333/content"},"creator":{"uri":"/selfcnil/api/configuration/site/document/333/creator"},"creationDate":1432643709000,"lastModifier":{"uri":"/selfcnil/api/configuration/site/document/333/lastModifier"},"lastModificationDate":1527772983000,"fields":[{"name":"Description","value":null,"fieldType":"TEXT","fieldOrder":null,"fieldLength":null,"listOfValueId":null,"visibleByAgent":null,"visibleBySupervisor":null,"visibleByExternalSpecialist":null,"mandatoryForAgent":null,"mandatoryForSupervisor":null,"readonlyForAgent":null,"readonlyForSupervisor":null,"localisation":[{"label":"Description","value":"Employeur, Salarié, Employé, Travail, Géolocalisation, Véhicule, Information, Instance représentative du personnel, Droit d'accès, représentant du personnel, copie, trajet, surveillance, GPS, GSM,rgpd, gdpr, règlement européen","locale":"fr_FR"}]},{"name":"OrderTemplate","value":"","fieldType":"STRING","fieldOrder":null,"fieldLength":null,"listOfValueId":null,"visibleByAgent":null,"visibleBySupervisor":null,"visibleByExternalSpecialist":null,"mandatoryForAgent":null,"mandatoryForSupervisor":null,"readonlyForAgent":null,"readonlyForSupervisor":null,"localisation":[{"label":"Ordre d'affichage","value":"","locale":"fr_FR"}]}],"hits":[{"locale":"fr_FR","hits":99}],"ranks":[{"locale":"fr_FR","rank":1.472972972972973,"count":74}],"contacts":{"uri":"/selfcnil/api/configuration/site/document/333/contacts"},"relatedDocuments":{"uri":"/selfcnil/api/configuration/site/document/333/relatedDocuments"},"attachments":{"uri":"/selfcnil/api/configuration/site/document/333/attachments"},"path":[{"id":"12","uri":"/selfcnil/api/configuration/site/documentGroup/12"},{"id":"65","uri":"/selfcnil/api/configuration/site/documentGroup/65"},{"id":"71","uri":"/selfcnil/api/configuration/site/documentGroup/71"}],"parentGroup":{"id":"71","uri":"/selfcnil/api/configuration/site/documentGroup/71"},"publicationStatus":"None"}