{"id":"333","uri":"/selfcnil/api/configuration/site/document/333/content","contents":[{"locale":"fr_FR","content":"<span style=\"color:#2179c4;\"><strong>Oui.</strong></span><br />\r\n<br />\r\nAvant d'installer un dispositif de géolocalisation dans les véhicules mis à disposition de ses employés, votre employeur doit d'abord <span style=\"color:#2179c4;\"><strong>consulter les représentants du personnel</strong></span>.<br />\r\n<br />\r\nDe plus, il doit <span style=\"color:#2179c4;\"><strong>informer individuellement chaque employé</strong></span> utilisant ces véhicules, notamment,&nbsp;de&nbsp;:\r\n<ul>\r\n\t<li>L'identité du responsable du dispositif.</li>\r\n\t<li>Du fondement juridique du dispositif.</li>\r\n\t<li>L'objectif de la géolocalisation (sécurité d'un employé, suivi de facturation, etc.).</li>\r\n\t<li>Les destinataires des informations issues de la géolocalisation (services des ressources humaines, service logistique, service de sécurité etc.).</li>\r\n\t<li>De ses droits \"informatique et liberté\" (droit d'accès, droit d'opposition, droit de rectification etc.)</li>\r\n</ul>\r\n<strong><span style=\"color:#ff5122;\">En savoir plus :</span></strong>\r\n\r\n<ul>\r\n\t<li><a href=\"https://www.cnil.fr/cnil-direct/question/1381\" target=\"_blank\">Règlement européen : de quoi les personnes doivent-elles être informées ?</a></li>\r\n\t<li><a href=\"https://www.cnil.fr/cnil-direct/question/1382\" target=\"_blank\">Règlement européen : comment informer les personnes concernées par un fichier ?</a></li>\r\n\t<li><a href=\"https://www.cnil.fr/cnil-direct/question/1383\" target=\"_blank\">Règlement européen : quand informer les personnes concernées par un fichier ?</a></li>\r\n\t<li><a href=\"https://www.cnil.fr/cnil-direct/question/1245?visiteur=part\" target=\"_blank\">Comment savoir si mon employeur respecte le RGPD ?</a></li>\r\n</ul>\r\n<br />\r\n<br />\r\n&nbsp;","format":"text/html"}]}