{"id":"338","uri":"/selfcnil/api/configuration/site/document/338","names":[{"name":"Géolocalisation des véhicules professionnels des employés : combien de temps sont conservées les données ?","locale":"fr_FR"}],"metadata":[{"locale":"fr_FR","name":"description","property":null,"content":"géolocalisation, mouchard, voiture, véhicule, VRP, IRP, DP, CE, temps de travail, désactiver, durée, conservation"}],"content":{"uri":"/selfcnil/api/configuration/site/document/338/content"},"creator":{"uri":"/selfcnil/api/configuration/site/document/338/creator"},"creationDate":1432647483000,"lastModifier":{"uri":"/selfcnil/api/configuration/site/document/338/lastModifier"},"lastModificationDate":1527684641000,"fields":[{"name":"Description","value":null,"fieldType":"TEXT","fieldOrder":null,"fieldLength":null,"listOfValueId":null,"visibleByAgent":null,"visibleBySupervisor":null,"visibleByExternalSpecialist":null,"mandatoryForAgent":null,"mandatoryForSupervisor":null,"readonlyForAgent":null,"readonlyForSupervisor":null,"localisation":[{"label":"Description","value":"géolocalisation, mouchard, voiture, véhicule, VRP, IRP, DP, CE, temps de travail, désactiver, durée, conservation","locale":"fr_FR"}]},{"name":"OrderTemplate","value":"","fieldType":"STRING","fieldOrder":null,"fieldLength":null,"listOfValueId":null,"visibleByAgent":null,"visibleBySupervisor":null,"visibleByExternalSpecialist":null,"mandatoryForAgent":null,"mandatoryForSupervisor":null,"readonlyForAgent":null,"readonlyForSupervisor":null,"localisation":[{"label":"Ordre d'affichage","value":"","locale":"fr_FR"}]}],"hits":[{"locale":"fr_FR","hits":78}],"ranks":[{"locale":"fr_FR","rank":1.462686567164179,"count":67}],"contacts":{"uri":"/selfcnil/api/configuration/site/document/338/contacts"},"relatedDocuments":{"uri":"/selfcnil/api/configuration/site/document/338/relatedDocuments"},"attachments":{"uri":"/selfcnil/api/configuration/site/document/338/attachments"},"path":[{"id":"12","uri":"/selfcnil/api/configuration/site/documentGroup/12"},{"id":"49","uri":"/selfcnil/api/configuration/site/documentGroup/49"},{"id":"35","uri":"/selfcnil/api/configuration/site/documentGroup/35"}],"parentGroup":{"id":"35","uri":"/selfcnil/api/configuration/site/documentGroup/35"},"publicationStatus":"None"}