{"id":"339","uri":"/selfcnil/api/configuration/site/document/339/content","contents":[{"locale":"fr_FR","content":"<p><strong><span style=\"font-family:&quot;Calibri&quot;,sans-serif\"><span style=\"color:#ff5122\">Important !</span></span></strong><br />\r\n<b><strong><span style=\"font-family:&quot;Calibri&quot;,sans-serif\">Avant tout, veuillez consulter : <a href=\"https://www.cnil.fr/cnil-direct/question/1245?visiteur=part\" target=\"_blank\">Comment savoir si mon employeur respecte le RGPD ?</a></span></strong></b><br />\r\n<br />\r\nSi vous estimez que votre employeur ne respecte pas le RGPD, vous avez plusieurs recours :</p>\r\n\r\n<ul>\r\n\t<li><span style=\"line-height:normal\"><span style=\"tab-stops:list 36.0pt\"><a href=\"https://www.cnil.fr/fr/plaintes/travail\" target=\"_blank\"><span style=\"color:#2179c4\">Adresser une réclamation à la CNIL</span></a> : la CNIL interviendra auprès de votre employeur si les éléments que vous nous apportez sont suffisamment conséquents. </span></span></li>\r\n\t<li><span style=\"line-height:normal\"><span style=\"tab-stops:list 36.0pt\">Saisir les services de l'<a href=\"http://direccte.gouv.fr/\" target=\"_blank\">inspection du Travail</a>.</span></span></li>\r\n\t<li><span style=\"line-height:normal\"><span style=\"tab-stops:list 36.0pt\">Déposer une plainte pénale auprès du procureur de la République, des services de police ou de gendarmerie.</span></span></li>\r\n</ul>\r\n\r\n<p style=\"margin-bottom:.0001pt; text-align:justify\"><span style=\"line-height:normal\">Par ailleurs si vous avez demandé à avoir accès aux données vous concernant et que votre employeur a refusé ou n'a pas répondu dans un délai d'un mois, vous pouvez également <a href=\"https://www.cnil.fr/fr/plaintes/travail\" target=\"_blank\">adresser une plainte à la CNIL</a>.</span></p>\r\n","format":"text/html"}]}