{"id":"341","uri":"/selfcnil/api/configuration/site/document/341/content","contents":[{"locale":"fr_FR","content":"<strong><span style=\"color: rgb(33, 121, 196);\">Oui.</span></strong><br />\r\n<br />\r\nVotre employeur a le droit de<span style=\"color:#2179c4;\"><strong> contrôler et de limiter l'utilisation de votre messagerie électronique professionnelle</strong></span>. Cela ne constitue pas une atteinte à votre vie privée.<br />\r\n<br />\r\nIl peut par exemple mettre en place des outils de mesure de la fréquence d'envoi ou de la taille des messages ou des outils d'analyse des pièces jointes (détection des virus, filtres&nbsp;\"anti-spam\" destinés à réduire les messages non sollicités, etc.).<br />\r\n<br />\r\nCe contrôle ne doit poursuivre que deux objectifs :\r\n<ul>\r\n\t<li><span style=\"color:#2179c4;\"><strong>Assurer la sécurité des réseau</strong></span>x informatiques et éviter leurs encombrements ;</li>\r\n\t<li><span style=\"color:#2179c4;\"><strong>Éviter les abus</strong></span> dans l'utilisation personnelle de la messagerie.</li>\r\n</ul>\r\nDans ce cas, l'employeur doit <span style=\"color:#2179c4;\"><strong>consulter les représentants du personnel</strong></span> et <span style=\"color:#2179c4;\"><strong>informer chaque employé</strong></span> concerné par ce contrôle.","format":"text/html"}]}