{"id":"343","uri":"/selfcnil/api/configuration/site/document/343","names":[{"name":"Contrôle de l'utilisation d'internet et de la messagerie électronique : que faire ?","locale":"fr_FR"}],"metadata":[{"locale":"fr_FR","name":"description","property":null,"content":"Employeur, Salarié, Employé, Travail, Messagerie électronique, Internet, Contrôle, Conditions d'utilisation, Filtrage, CNIL,  Déclaration, formalité, entreprise, NS46"}],"content":{"uri":"/selfcnil/api/configuration/site/document/343/content"},"creator":{"uri":"/selfcnil/api/configuration/site/document/343/creator"},"creationDate":1432715006000,"lastModifier":{"uri":"/selfcnil/api/configuration/site/document/343/lastModifier"},"lastModificationDate":1555333852000,"fields":[{"name":"Description","value":null,"fieldType":"TEXT","fieldOrder":null,"fieldLength":null,"listOfValueId":null,"visibleByAgent":null,"visibleBySupervisor":null,"visibleByExternalSpecialist":null,"mandatoryForAgent":null,"mandatoryForSupervisor":null,"readonlyForAgent":null,"readonlyForSupervisor":null,"localisation":[{"label":"Description","value":"Employeur, Salarié, Employé, Travail, Messagerie électronique, Internet, Contrôle, Conditions d'utilisation, Filtrage, CNIL,  Déclaration, formalité, entreprise, NS46","locale":"fr_FR"}]},{"name":"OrderTemplate","value":"","fieldType":"STRING","fieldOrder":null,"fieldLength":null,"listOfValueId":null,"visibleByAgent":null,"visibleBySupervisor":null,"visibleByExternalSpecialist":null,"mandatoryForAgent":null,"mandatoryForSupervisor":null,"readonlyForAgent":null,"readonlyForSupervisor":null,"localisation":[{"label":"Ordre d'affichage","value":"","locale":"fr_FR"}]}],"hits":[{"locale":"fr_FR","hits":204}],"ranks":[{"locale":"fr_FR","rank":1.345132743362832,"count":113}],"contacts":{"uri":"/selfcnil/api/configuration/site/document/343/contacts"},"relatedDocuments":{"uri":"/selfcnil/api/configuration/site/document/343/relatedDocuments"},"attachments":{"uri":"/selfcnil/api/configuration/site/document/343/attachments"},"path":[{"id":"12","uri":"/selfcnil/api/configuration/site/documentGroup/12"},{"id":"49","uri":"/selfcnil/api/configuration/site/documentGroup/49"},{"id":"35","uri":"/selfcnil/api/configuration/site/documentGroup/35"}],"parentGroup":{"id":"35","uri":"/selfcnil/api/configuration/site/documentGroup/35"},"publicationStatus":"None"}