{"id":"343","uri":"/selfcnil/api/configuration/site/document/343/content","contents":[{"locale":"fr_FR","content":"Les dispositifs de contrôle des connexions internet et de l'utilisation de la messagerie électronique professionnelle n'ont plus à être déclarés à la CNIL depuis le 25 mai 2018, date d'entrée en application du <a href=\"https://www.cnil.fr/fr/reglement-europeen-protection-donnees\" target=\"_blank\">RGPD</a>.\r\n<p><strong>Pour vous conformer aux règles de protection des données personnelles, vous devez :</strong></p>\r\n\r\n<ul>\r\n\t<li>Demander conseil et assistance à votre <a href=\"https://www.cnil.fr/fr/devenir-delegue-la-protection-des-donnees\" target=\"_blank\">Délégué à la protection des données</a> (DPO) si vous en avez un.</li>\r\n\t<li>Vérifier, en fonction de votre projet, si vous devez effectuer une <a href=\"https://www.cnil.fr/fr/RGPD-analyse-impact-protection-des-donnees-pia\" target=\"_blank\">analyse d'impact</a> sur la protection des données (PIA), notamment si le système permet un contrôle individuel des connexions,&nbsp;des sites visités et de l'utilisation de la messagerie, poste par poste.</li>\r\n\t<li>Inscrire votre fichier dans le <a href=\"https://www.cnil.fr/fr/rgpd-et-tpepme-un-nouveau-modele-de-registre-plus-simple-et-plus-didactique\" target=\"_blank\">Registre</a> des activités de traitement tenu par votre société.</li>\r\n\t<li><a href=\"https://www.cnil.fr/fr/rgpd-exemples-de-mentions-dinformation\" target=\"_blank\">Informer</a> vos clients des conditions dans lesquelles vous traitez leurs données.</li>\r\n\t<li>Prévoir des mesures de sécurité adaptées au regard des risques.</li>\r\n</ul>\r\n\r\n<p><strong><span style=\"color:#ff5122;\">A noter !</span></strong> La CNIL vous propose des outils pour vous aider dans ces démarches :</p>\r\n\r\n<ul>\r\n\t<li>Un <a href=\"https://www.cnil.fr/sites/default/files/atoms/files/bpi-cnil-guide-rgpd-tpe-pme.pdf\" target=\"_blank\">guide pratique</a> de sensibilisation au RGPD pour les petites et moyennes entreprises.</li>\r\n\t<li>Des <a href=\"https://www.cnil.fr/fr/PIA-privacy-impact-assessment\" target=\"_blank\">guides</a> pour réaliser un PIA.</li>\r\n\t<li>Un <a href=\"https://www.cnil.fr/sites/default/files/atoms/files/registre_rgpd_basique.pdf\" target=\"_blank\">modèle</a> de Registre.</li>\r\n\t<li>Un <a href=\"https://www.cnil.fr/fr/principes-cles/guide-de-la-securite-des-donnees-personnelles\" target=\"_blank\">Guide sur la sécurité des données personnelles</a>.</li>\r\n\t<li>Pour vous aider à respecter vos obligations, vous pouvez vous appuyer sur l'ancienne <a href=\"https://www.cnil.fr/fr/declaration/ns-013-credits-aux-personnes-physiques\" target=\"_blank\">norme n°13</a> concernant les fichiers relatifs à la gestion des crédits aux personnes physiques.</li>\r\n</ul>\r\n\r\n<p><strong><span style=\"color:#ff5122;\">Attention !</span></strong>&nbsp;</p>\r\n\r\n<ul>\r\n\t<li><a href=\"https://www.cnil.fr/fr/question-reponses-sur-le-reglement-type-biometrie\" target=\"_blank\">La CNIL a prescrit des mesures spécifiques pour les dispositifs d'accès biométrique&nbsp;aux locaux, aux appareils et aux applications informatiques sur les lieux de travail</a></li>\r\n</ul>\r\n","format":"text/html"},{"locale":"fr_FR","content":"whsdjsfsd","format":"text/plain"}]}