{"id":"344","uri":"/selfcnil/api/configuration/site/document/344/content","contents":[{"locale":"fr_FR","content":"<strong><span style=\"color:#2179c4;\">Oui.</span></strong><br />\r\n<br />\r\nVotre&nbsp;employeur a le droit de vérifier que vous n'utilisez pas les lignes téléphoniques professionnelles de manière abusive pour des appels personnels.&nbsp; Ce contrôle doit néanmoins respecter votre vie privée et vos libertés.<br />\r\n<br />\r\nVotre&nbsp;'employeur peut utiliser deux moyens techniques :\r\n<ul>\r\n\t<li>Un autocommutateur qui permet d'orienter les appels entrants et sortants et d'enregistrer les numéros de téléphone sortants. Il peut donc identifier les communications téléphoniques non professionnelles.</li>\r\n\t<li>Les relevés de téléphonie fixe ou mobile : l'opérateur transmet chaque mois les relevés téléphoniques à l'employeur. Celui-ci peut demander des relevés détaillés par poste et les numéros composés, <strong><span style=\"color:#2179c4;\">en cas d'utilisation manifestement abusive</span></strong>.</li>\r\n</ul>\r\n<br />\r\n<strong><span style=\"color: rgb(255, 81, 34);\">Attention</span></strong> : il est interdit à un employeur de contrôler les appels téléphoniques des représentants du personnel (délégués du personnel, délégués syndicaux, membres du comité d'entreprise, etc. ).","format":"text/html"}]}