{"id":"345","uri":"/selfcnil/api/configuration/site/document/345","names":[{"name":"Contrôle du téléphone au travail : que faire ?","locale":"fr_FR"}],"metadata":[{"locale":"fr_FR","name":"description","property":null,"content":"Employeur, Salarié, Employé, Travail, Téléphone, numéro, Utilisation personnelle, Contrôle, Autocommutateur, Relevé, CNIL, Formalités, Déclaration, NS47, NS 47"}],"content":{"uri":"/selfcnil/api/configuration/site/document/345/content"},"creator":{"uri":"/selfcnil/api/configuration/site/document/345/creator"},"creationDate":1432722054000,"lastModifier":{"uri":"/selfcnil/api/configuration/site/document/345/lastModifier"},"lastModificationDate":1527610524000,"fields":[{"name":"Description","value":null,"fieldType":"TEXT","fieldOrder":null,"fieldLength":null,"listOfValueId":null,"visibleByAgent":null,"visibleBySupervisor":null,"visibleByExternalSpecialist":null,"mandatoryForAgent":null,"mandatoryForSupervisor":null,"readonlyForAgent":null,"readonlyForSupervisor":null,"localisation":[{"label":"Description","value":"Employeur, Salarié, Employé, Travail, Téléphone, numéro, Utilisation personnelle, Contrôle, Autocommutateur, Relevé, CNIL, Formalités, Déclaration, NS47, NS 47","locale":"fr_FR"}]},{"name":"OrderTemplate","value":"","fieldType":"STRING","fieldOrder":null,"fieldLength":null,"listOfValueId":null,"visibleByAgent":null,"visibleBySupervisor":null,"visibleByExternalSpecialist":null,"mandatoryForAgent":null,"mandatoryForSupervisor":null,"readonlyForAgent":null,"readonlyForSupervisor":null,"localisation":[{"label":"Ordre d'affichage","value":"","locale":"fr_FR"}]}],"hits":[{"locale":"fr_FR","hits":204}],"ranks":[{"locale":"fr_FR","rank":1.4216867469879517,"count":83}],"contacts":{"uri":"/selfcnil/api/configuration/site/document/345/contacts"},"relatedDocuments":{"uri":"/selfcnil/api/configuration/site/document/345/relatedDocuments"},"attachments":{"uri":"/selfcnil/api/configuration/site/document/345/attachments"},"path":[{"id":"12","uri":"/selfcnil/api/configuration/site/documentGroup/12"},{"id":"49","uri":"/selfcnil/api/configuration/site/documentGroup/49"},{"id":"35","uri":"/selfcnil/api/configuration/site/documentGroup/35"}],"parentGroup":{"id":"35","uri":"/selfcnil/api/configuration/site/documentGroup/35"},"publicationStatus":"None"}