{"id":"351","uri":"/selfcnil/api/configuration/site/document/351","names":[{"name":"Recrutement : un employeur peut-il conserver mon dossier ?","locale":"fr_FR"}],"metadata":[{"locale":"fr_FR","name":"description","property":null,"content":"Recrutement, Embauche, Emploi, Candidat, Information, Durée de conservation, Vivier"}],"content":{"uri":"/selfcnil/api/configuration/site/document/351/content"},"creator":{"uri":"/selfcnil/api/configuration/site/document/351/creator"},"creationDate":1432734366000,"lastModifier":{"uri":"/selfcnil/api/configuration/site/document/351/lastModifier"},"lastModificationDate":1531414442000,"fields":[{"name":"Description","value":null,"fieldType":"TEXT","fieldOrder":null,"fieldLength":null,"listOfValueId":null,"visibleByAgent":null,"visibleBySupervisor":null,"visibleByExternalSpecialist":null,"mandatoryForAgent":null,"mandatoryForSupervisor":null,"readonlyForAgent":null,"readonlyForSupervisor":null,"localisation":[{"label":"Description","value":"Recrutement, Embauche, Emploi, Candidat, Information, Durée de conservation, Vivier","locale":"fr_FR"}]},{"name":"OrderTemplate","value":"","fieldType":"STRING","fieldOrder":null,"fieldLength":null,"listOfValueId":null,"visibleByAgent":null,"visibleBySupervisor":null,"visibleByExternalSpecialist":null,"mandatoryForAgent":null,"mandatoryForSupervisor":null,"readonlyForAgent":null,"readonlyForSupervisor":null,"localisation":[{"label":"Ordre d'affichage","value":"","locale":"fr_FR"}]}],"hits":[{"locale":"fr_FR","hits":46}],"ranks":[{"locale":"fr_FR","rank":1.5434782608695652,"count":92}],"contacts":{"uri":"/selfcnil/api/configuration/site/document/351/contacts"},"relatedDocuments":{"uri":"/selfcnil/api/configuration/site/document/351/relatedDocuments"},"attachments":{"uri":"/selfcnil/api/configuration/site/document/351/attachments"},"path":[{"id":"12","uri":"/selfcnil/api/configuration/site/documentGroup/12"},{"id":"65","uri":"/selfcnil/api/configuration/site/documentGroup/65"},{"id":"71","uri":"/selfcnil/api/configuration/site/documentGroup/71"}],"parentGroup":{"id":"71","uri":"/selfcnil/api/configuration/site/documentGroup/71"},"publicationStatus":"None"}