{"id":"352","uri":"/selfcnil/api/configuration/site/document/352","names":[{"name":"Recrutement : quelles informations peut-on me demander ?","locale":"fr_FR"}],"metadata":[{"locale":"fr_FR","name":"description","property":null,"content":"recrutement, embauche, emploi, candidat, famille, nationalité, recruteur, références"}],"content":{"uri":"/selfcnil/api/configuration/site/document/352/content"},"creator":{"uri":"/selfcnil/api/configuration/site/document/352/creator"},"creationDate":1432734911000,"lastModifier":{"uri":"/selfcnil/api/configuration/site/document/352/lastModifier"},"lastModificationDate":1551169826000,"fields":[{"name":"Description","value":null,"fieldType":"TEXT","fieldOrder":null,"fieldLength":null,"listOfValueId":null,"visibleByAgent":null,"visibleBySupervisor":null,"visibleByExternalSpecialist":null,"mandatoryForAgent":null,"mandatoryForSupervisor":null,"readonlyForAgent":null,"readonlyForSupervisor":null,"localisation":[{"label":"Description","value":"recrutement, embauche, emploi, candidat, famille, nationalité, recruteur, références","locale":"fr_FR"}]},{"name":"OrderTemplate","value":"3","fieldType":"STRING","fieldOrder":null,"fieldLength":null,"listOfValueId":null,"visibleByAgent":null,"visibleBySupervisor":null,"visibleByExternalSpecialist":null,"mandatoryForAgent":null,"mandatoryForSupervisor":null,"readonlyForAgent":null,"readonlyForSupervisor":null,"localisation":[{"label":"Ordre d'affichage","value":"3","locale":"fr_FR"}]}],"hits":[{"locale":"fr_FR","hits":265}],"ranks":[{"locale":"fr_FR","rank":1.4863013698630136,"count":146}],"contacts":{"uri":"/selfcnil/api/configuration/site/document/352/contacts"},"relatedDocuments":{"uri":"/selfcnil/api/configuration/site/document/352/relatedDocuments"},"attachments":{"uri":"/selfcnil/api/configuration/site/document/352/attachments"},"path":[{"id":"12","uri":"/selfcnil/api/configuration/site/documentGroup/12"},{"id":"65","uri":"/selfcnil/api/configuration/site/documentGroup/65"},{"id":"71","uri":"/selfcnil/api/configuration/site/documentGroup/71"}],"parentGroup":{"id":"71","uri":"/selfcnil/api/configuration/site/documentGroup/71"},"publicationStatus":"None"}