{"id":"353","uri":"/selfcnil/api/configuration/site/document/353","names":[{"name":"Recrutement : de quoi dois-je être informé ?","locale":"fr_FR"}],"metadata":[{"locale":"fr_FR","name":"description","property":null,"content":"Recrutement, Embauche, Emploi, Candidat, Information"}],"content":{"uri":"/selfcnil/api/configuration/site/document/353/content"},"creator":{"uri":"/selfcnil/api/configuration/site/document/353/creator"},"creationDate":1432734911000,"lastModifier":{"uri":"/selfcnil/api/configuration/site/document/353/lastModifier"},"lastModificationDate":1527775146000,"fields":[{"name":"Description","value":null,"fieldType":"TEXT","fieldOrder":null,"fieldLength":null,"listOfValueId":null,"visibleByAgent":null,"visibleBySupervisor":null,"visibleByExternalSpecialist":null,"mandatoryForAgent":null,"mandatoryForSupervisor":null,"readonlyForAgent":null,"readonlyForSupervisor":null,"localisation":[{"label":"Description","value":"Recrutement, Embauche, Emploi, Candidat, Information","locale":"fr_FR"}]},{"name":"OrderTemplate","value":"","fieldType":"STRING","fieldOrder":null,"fieldLength":null,"listOfValueId":null,"visibleByAgent":null,"visibleBySupervisor":null,"visibleByExternalSpecialist":null,"mandatoryForAgent":null,"mandatoryForSupervisor":null,"readonlyForAgent":null,"readonlyForSupervisor":null,"localisation":[{"label":"Ordre d'affichage","value":"","locale":"fr_FR"}]}],"hits":[{"locale":"fr_FR","hits":138}],"ranks":[{"locale":"fr_FR","rank":1.4,"count":90}],"contacts":{"uri":"/selfcnil/api/configuration/site/document/353/contacts"},"relatedDocuments":{"uri":"/selfcnil/api/configuration/site/document/353/relatedDocuments"},"attachments":{"uri":"/selfcnil/api/configuration/site/document/353/attachments"},"path":[{"id":"12","uri":"/selfcnil/api/configuration/site/documentGroup/12"},{"id":"65","uri":"/selfcnil/api/configuration/site/documentGroup/65"},{"id":"71","uri":"/selfcnil/api/configuration/site/documentGroup/71"}],"parentGroup":{"id":"71","uri":"/selfcnil/api/configuration/site/documentGroup/71"},"publicationStatus":"None"}