{"id":"353","uri":"/selfcnil/api/configuration/site/document/353/content","contents":[{"locale":"fr_FR","content":"<strong><span style=\"color: rgb(33, 121, 196);\">Lors d'un recrutement, l'employeur doit notamment vous informer&nbsp;</span></strong>&nbsp;:\r\n<ul>\r\n\t<li>De l'identité du responsable du fichier (cabinet de recrutement, service des ressources humaines de l'organisme, etc.)</li>\r\n\t<li>De l'utilisation faite du fichier (gestion des candidatures)</li>\r\n\t<li>Du fondement juridique&nbsp;du fichier.</li>\r\n\t<li>Du caractère obligatoire ou facultatif des réponses (par exemple, questions sur les loisirs) et des conséquences éventuelles si vous&nbsp;choisissez de ne pas répondre</li>\r\n\t<li>Des destinataires des informations.</li>\r\n\t<li>De la durée de conservation des informations vous concernant</li>\r\n\t<li>De vos&nbsp;droits \"informatique et liberté\" (droit d'accès, droit d'opposition, droit de rectification etc.)</li>\r\n</ul>\r\n<br />\r\n<br />\r\n<span style=\"color:#ff5122;\"><strong>En savoir plus</strong></span> :&nbsp;\r\n\r\n<ul>\r\n\t<li><a href=\"https://www.cnil.fr/cnil-direct/question/1381\" target=\"_blank\">Règlement européen : de quoi les personnes doivent-elles être informées ?</a></li>\r\n\t<li><a href=\"https://www.cnil.fr/cnil-direct/question/1382\" target=\"_blank\">Règlement européen : comment informer les personnes concernées par un fichier ?</a></li>\r\n\t<li><a href=\"https://www.cnil.fr/cnil-direct/question/1383\" target=\"_blank\">Règlement européen : quand informer les personnes concernées par un fichier ?</a></li>\r\n\t<br />\r\n\t&nbsp;\r\n</ul>\r\n","format":"text/html"}]}