{"id":"358","uri":"/selfcnil/api/configuration/site/document/358","names":[{"name":"Mon employeur peut-il installer un système de contrôle d'accès aux locaux professionnels ?","locale":"fr_FR"}],"metadata":[{"locale":"fr_FR","name":"description","property":null,"content":"Employeur, Employé, Salarié, Contrôle d'accès, Bâtiment, Sécurité, Protection, Badge, Biométrie, Empreintes digitales, Iris, Main, Réseau veineux"}],"content":{"uri":"/selfcnil/api/configuration/site/document/358/content"},"creator":{"uri":"/selfcnil/api/configuration/site/document/358/creator"},"creationDate":1432816690000,"lastModifier":{"uri":"/selfcnil/api/configuration/site/document/358/lastModifier"},"lastModificationDate":1527774620000,"fields":[{"name":"Description","value":null,"fieldType":"TEXT","fieldOrder":null,"fieldLength":null,"listOfValueId":null,"visibleByAgent":null,"visibleBySupervisor":null,"visibleByExternalSpecialist":null,"mandatoryForAgent":null,"mandatoryForSupervisor":null,"readonlyForAgent":null,"readonlyForSupervisor":null,"localisation":[{"label":"Description","value":"Employeur, Employé, Salarié, Contrôle d'accès, Bâtiment, Sécurité, Protection, Badge, Biométrie, Empreintes digitales, Iris, Main, Réseau veineux","locale":"fr_FR"}]},{"name":"OrderTemplate","value":"4","fieldType":"STRING","fieldOrder":null,"fieldLength":null,"listOfValueId":null,"visibleByAgent":null,"visibleBySupervisor":null,"visibleByExternalSpecialist":null,"mandatoryForAgent":null,"mandatoryForSupervisor":null,"readonlyForAgent":null,"readonlyForSupervisor":null,"localisation":[{"label":"Ordre d'affichage","value":"4","locale":"fr_FR"}]}],"hits":[{"locale":"fr_FR","hits":139}],"ranks":[{"locale":"fr_FR","rank":1.5113636363636365,"count":88}],"contacts":{"uri":"/selfcnil/api/configuration/site/document/358/contacts"},"relatedDocuments":{"uri":"/selfcnil/api/configuration/site/document/358/relatedDocuments"},"attachments":{"uri":"/selfcnil/api/configuration/site/document/358/attachments"},"path":[{"id":"12","uri":"/selfcnil/api/configuration/site/documentGroup/12"},{"id":"65","uri":"/selfcnil/api/configuration/site/documentGroup/65"},{"id":"71","uri":"/selfcnil/api/configuration/site/documentGroup/71"}],"parentGroup":{"id":"71","uri":"/selfcnil/api/configuration/site/documentGroup/71"},"publicationStatus":"None"}