{"id":"358","uri":"/selfcnil/api/configuration/site/document/358/content","contents":[{"locale":"fr_FR","content":"Un employeur&nbsp;peut installer un contrôle d'accès à ses locaux professionnels pour en sécuriser l'entrée.<br />\r\n<br />\r\nCe contrôle peut s'effectuer de deux manières :\r\n<ul>\r\n\t<li>Par un <span style=\"color:#2179c4;\"><strong>dispositif électronique</strong></span> : badgeuse avec cartes magnétiques ou à puce.</li>\r\n\t<li>Par un <span style=\"color:#2179c4;\"><strong>dispositif biométrique</strong></span> : la biométrie désigne l'ensemble des techniques informatiques permettant de reconnaître automatiquement un individu à partir de ses caractéristiques physiques, biologiques ou comportementales : reconnaissance de l'empreinte digitale, du contour ou de la forme de la main, du réseau veineux du doigt, de l'iris, etc.</li>\r\n</ul>\r\nCes systèmes sont soumis aux règles protectrices des données personnelles.<br />\r\n&nbsp;\r\n<p><span style=\"color:#ff5122;\">En savoir plus :</span>&nbsp;<a href=\"https://www.cnil.fr/cnil-direct/question/1245?visiteur=part\" target=\"_blank\">Comment savoir si mon employeur respecte le RGPD ?</a></p>\r\n<br />\r\n<br />\r\n<br />\r\n<br />\r\n&nbsp;","format":"text/html"}]}