{"id":"359","uri":"/selfcnil/api/configuration/site/document/359","names":[{"name":"Contrôle d'accès aux locaux professionnels sans biométrie : que faire ?","locale":"fr_FR"}],"metadata":[{"locale":"fr_FR","name":"description","property":null,"content":"Employeur, Employé, Salarié, Contrôle, d'accès, Bâtiment, Sécurité, Protection, Badge, Déclaration, Formalités, Norme simplifiée, NS42, ns 42, pointage, pointeuse"}],"content":{"uri":"/selfcnil/api/configuration/site/document/359/content"},"creator":{"uri":"/selfcnil/api/configuration/site/document/359/creator"},"creationDate":1432817150000,"lastModifier":{"uri":"/selfcnil/api/configuration/site/document/359/lastModifier"},"lastModificationDate":1555334136000,"fields":[{"name":"Description","value":null,"fieldType":"TEXT","fieldOrder":null,"fieldLength":null,"listOfValueId":null,"visibleByAgent":null,"visibleBySupervisor":null,"visibleByExternalSpecialist":null,"mandatoryForAgent":null,"mandatoryForSupervisor":null,"readonlyForAgent":null,"readonlyForSupervisor":null,"localisation":[{"label":"Description","value":"Employeur, Employé, Salarié, Contrôle, d'accès, Bâtiment, Sécurité, Protection, Badge, pointage, pointeuse, \r\nrgpd, gdpr, règlement européen\r\n","locale":"fr_FR"}]},{"name":"OrderTemplate","value":"","fieldType":"STRING","fieldOrder":null,"fieldLength":null,"listOfValueId":null,"visibleByAgent":null,"visibleBySupervisor":null,"visibleByExternalSpecialist":null,"mandatoryForAgent":null,"mandatoryForSupervisor":null,"readonlyForAgent":null,"readonlyForSupervisor":null,"localisation":[{"label":"Ordre d'affichage","value":"","locale":"fr_FR"}]}],"hits":[{"locale":"fr_FR","hits":280}],"ranks":[{"locale":"fr_FR","rank":1.4782608695652173,"count":92}],"contacts":{"uri":"/selfcnil/api/configuration/site/document/359/contacts"},"relatedDocuments":{"uri":"/selfcnil/api/configuration/site/document/359/relatedDocuments"},"attachments":{"uri":"/selfcnil/api/configuration/site/document/359/attachments"},"path":[{"id":"12","uri":"/selfcnil/api/configuration/site/documentGroup/12"},{"id":"49","uri":"/selfcnil/api/configuration/site/documentGroup/49"},{"id":"35","uri":"/selfcnil/api/configuration/site/documentGroup/35"}],"parentGroup":{"id":"35","uri":"/selfcnil/api/configuration/site/documentGroup/35"},"publicationStatus":"None"}