{"id":"362","uri":"/selfcnil/api/configuration/site/document/362","names":[{"name":"Mon employeur doit-il m'informer de l'installation d'un système de contrôle de l'accès aux locaux ?","locale":"fr_FR"}],"metadata":[{"locale":"fr_FR","name":"description","property":null,"content":"Employeur, Employé, Salarié, Contrôle d'accès, Bâtiment, Sécurité, Protection, Badge, Biométrie, Empreintes digitales, Iris, Main, Réseau veineux, Information, Note de service"}],"content":{"uri":"/selfcnil/api/configuration/site/document/362/content"},"creator":{"uri":"/selfcnil/api/configuration/site/document/362/creator"},"creationDate":1432822833000,"lastModifier":{"uri":"/selfcnil/api/configuration/site/document/362/lastModifier"},"lastModificationDate":1527772948000,"fields":[{"name":"Description","value":null,"fieldType":"TEXT","fieldOrder":null,"fieldLength":null,"listOfValueId":null,"visibleByAgent":null,"visibleBySupervisor":null,"visibleByExternalSpecialist":null,"mandatoryForAgent":null,"mandatoryForSupervisor":null,"readonlyForAgent":null,"readonlyForSupervisor":null,"localisation":[{"label":"Description","value":"Employeur, Employé, Salarié, Contrôle d'accès, Bâtiment, Sécurité, Protection, Badge, Biométrie, Empreintes digitales, Iris, Main, Réseau veineux, Information, Note de service","locale":"fr_FR"}]},{"name":"OrderTemplate","value":"","fieldType":"STRING","fieldOrder":null,"fieldLength":null,"listOfValueId":null,"visibleByAgent":null,"visibleBySupervisor":null,"visibleByExternalSpecialist":null,"mandatoryForAgent":null,"mandatoryForSupervisor":null,"readonlyForAgent":null,"readonlyForSupervisor":null,"localisation":[{"label":"Ordre d'affichage","value":"","locale":"fr_FR"}]}],"hits":[{"locale":"fr_FR","hits":124}],"ranks":[{"locale":"fr_FR","rank":1.5,"count":66}],"contacts":{"uri":"/selfcnil/api/configuration/site/document/362/contacts"},"relatedDocuments":{"uri":"/selfcnil/api/configuration/site/document/362/relatedDocuments"},"attachments":{"uri":"/selfcnil/api/configuration/site/document/362/attachments"},"path":[{"id":"12","uri":"/selfcnil/api/configuration/site/documentGroup/12"},{"id":"65","uri":"/selfcnil/api/configuration/site/documentGroup/65"},{"id":"71","uri":"/selfcnil/api/configuration/site/documentGroup/71"}],"parentGroup":{"id":"71","uri":"/selfcnil/api/configuration/site/documentGroup/71"},"publicationStatus":"None"}