{"id":"365","uri":"/selfcnil/api/configuration/site/document/365","names":[{"name":"Contrôle des horaires : combien de temps sont conservées les données ?","locale":"fr_FR"}],"metadata":[{"locale":"fr_FR","name":"description","property":null,"content":"Employeur, Salarié, Employé, Horaires, Temps de travail, Durée de conservation"}],"content":{"uri":"/selfcnil/api/configuration/site/document/365/content"},"creator":{"uri":"/selfcnil/api/configuration/site/document/365/creator"},"creationDate":1432830449000,"lastModifier":{"uri":"/selfcnil/api/configuration/site/document/365/lastModifier"},"lastModificationDate":1474993167000,"fields":[{"name":"Description","value":null,"fieldType":"TEXT","fieldOrder":null,"fieldLength":null,"listOfValueId":null,"visibleByAgent":null,"visibleBySupervisor":null,"visibleByExternalSpecialist":null,"mandatoryForAgent":null,"mandatoryForSupervisor":null,"readonlyForAgent":null,"readonlyForSupervisor":null,"localisation":[{"label":"Description","value":"Employeur, Salarié, Employé, Horaires, Temps de travail, Durée de conservation","locale":"fr_FR"}]},{"name":"OrderTemplate","value":"","fieldType":"STRING","fieldOrder":null,"fieldLength":null,"listOfValueId":null,"visibleByAgent":null,"visibleBySupervisor":null,"visibleByExternalSpecialist":null,"mandatoryForAgent":null,"mandatoryForSupervisor":null,"readonlyForAgent":null,"readonlyForSupervisor":null,"localisation":[{"label":"Ordre d'affichage","value":"","locale":"fr_FR"}]}],"hits":[{"locale":"fr_FR","hits":99}],"ranks":[{"locale":"fr_FR","rank":1.5245901639344261,"count":61}],"contacts":{"uri":"/selfcnil/api/configuration/site/document/365/contacts"},"relatedDocuments":{"uri":"/selfcnil/api/configuration/site/document/365/relatedDocuments"},"attachments":{"uri":"/selfcnil/api/configuration/site/document/365/attachments"},"path":[{"id":"12","uri":"/selfcnil/api/configuration/site/documentGroup/12"},{"id":"49","uri":"/selfcnil/api/configuration/site/documentGroup/49"},{"id":"35","uri":"/selfcnil/api/configuration/site/documentGroup/35"}],"parentGroup":{"id":"35","uri":"/selfcnil/api/configuration/site/documentGroup/35"},"publicationStatus":"None"}