{"id":"368","uri":"/selfcnil/api/configuration/site/document/368","names":[{"name":"Prospection publicitaire par voie postale : que faire ?","locale":"fr_FR"}],"metadata":[{"locale":"fr_FR","name":"description","property":null,"content":"Prospection commerciale, Publicité, Publicité nominative, poste, Fichier prospects, fichier client, démarche, procédure, Formalité préalable, Déclaration, NS 48, NS48, norme simplifiée"}],"content":{"uri":"/selfcnil/api/configuration/site/document/368/content"},"creator":{"uri":"/selfcnil/api/configuration/site/document/368/creator"},"creationDate":1432890186000,"lastModifier":{"uri":"/selfcnil/api/configuration/site/document/368/lastModifier"},"lastModificationDate":1539873231000,"fields":[{"name":"Description","value":null,"fieldType":"TEXT","fieldOrder":null,"fieldLength":null,"listOfValueId":null,"visibleByAgent":null,"visibleBySupervisor":null,"visibleByExternalSpecialist":null,"mandatoryForAgent":null,"mandatoryForSupervisor":null,"readonlyForAgent":null,"readonlyForSupervisor":null,"localisation":[{"label":"Description","value":"Prospection commerciale, Publicité, Publicité nominative, poste, Fichier prospects, fichier client, RGPD, GDPR, règlement européen","locale":"fr_FR"}]},{"name":"OrderTemplate","value":"","fieldType":"STRING","fieldOrder":null,"fieldLength":null,"listOfValueId":null,"visibleByAgent":null,"visibleBySupervisor":null,"visibleByExternalSpecialist":null,"mandatoryForAgent":null,"mandatoryForSupervisor":null,"readonlyForAgent":null,"readonlyForSupervisor":null,"localisation":[{"label":"Ordre d'affichage","value":"","locale":"fr_FR"}]}],"hits":[{"locale":"fr_FR","hits":95}],"ranks":[{"locale":"fr_FR","rank":1.360655737704918,"count":61}],"contacts":{"uri":"/selfcnil/api/configuration/site/document/368/contacts"},"relatedDocuments":{"uri":"/selfcnil/api/configuration/site/document/368/relatedDocuments"},"attachments":{"uri":"/selfcnil/api/configuration/site/document/368/attachments"},"path":[{"id":"12","uri":"/selfcnil/api/configuration/site/documentGroup/12"},{"id":"49","uri":"/selfcnil/api/configuration/site/documentGroup/49"},{"id":"38","uri":"/selfcnil/api/configuration/site/documentGroup/38"}],"parentGroup":{"id":"38","uri":"/selfcnil/api/configuration/site/documentGroup/38"},"publicationStatus":"None"}