{"id":"368","uri":"/selfcnil/api/configuration/site/document/368/content","contents":[{"locale":"fr_FR","content":"Les fichiers relatifs à la prospection commerciale par voie postale n'ont plus à être déclarés à la CNIL depuis le 25 mai 2018, date d'entrée en application du <a href=\"https://www.cnil.fr/fr/reglement-europeen-protection-donnees\" target=\"_blank\">RGPD</a>.<br />\r\n<br />\r\n<span style=\"color:#2179c4;\"><strong>Pour vous conformer aux règles de protection des données personnelles, vous devez :</strong></span>\r\n<ul>\r\n\t<li><a href=\"https://www.cnil.fr/fr/rgpd-exemples-de-mentions-dinformation\" target=\"_blank\">Informer</a> les personnes des conditions dans lesquelles vous traitez leurs données lors de leur collecte, et leur permettre de s'opposer à recevoir des publicités de votre part ;</li>\r\n\t<li>Transmettre, échanger ou louer les données relatives à vos clients à des partenaires commerciaux que si vos clients ont été correctement informés et mis en mesure de s'opposer à une telle opération ;</li>\r\n\t<li>Prévoir des mesures de sécurité adaptées au regard des risques ;</li>\r\n\t<li>Demander conseil et assistance à votre <a href=\"https://www.cnil.fr/fr/devenir-delegue-la-protection-des-donnees\" target=\"_blank\">Délégué à la protection des données</a> (DPO) si vous en avez un ;</li>\r\n\t<li>Inscrire votre fichier dans le <a href=\"https://www.cnil.fr/fr/rgpd-et-tpepme-un-nouveau-modele-de-registre-plus-simple-et-plus-didactique\" target=\"_blank\">Registre</a> des activités de traitement tenu par votre société.</li>\r\n</ul>\r\n<br />\r\n<strong><span style=\"color: rgb(255, 81, 34);\">A noter !</span></strong> La CNIL vous propose des outils pour vous aider dans ces démarches :\r\n\r\n<ul>\r\n\t<li>Un <a href=\"https://www.cnil.fr/sites/default/files/atoms/files/bpi-cnil-guide-rgpd-tpe-pme.pdf\" target=\"_blank\">guide pratique</a> de sensibilisation au RGPD pour les petites et moyennes entreprises.</li>\r\n\t<li>Un <a href=\"https://www.cnil.fr/sites/default/files/atoms/files/registre_rgpd_basique.pdf\" target=\"_blank\">modèle</a> de Registre.</li>\r\n\t<li>Un <a href=\"https://www.cnil.fr/fr/principes-cles/guide-de-la-securite-des-donnees-personnelles\" target=\"_blank\">Guide sur la sécurité des données personnelles</a>.</li>\r\n\t<li>Vous pouvez vous appuyer sur l'ancienne&nbsp;<a href=\"https://www.legifrance.gouv.fr/affichCnil.do?id=CNILTEXT000026268805\" target=\"_blank\">norme simplifiée n°48</a>&nbsp;relative aux fichiers clients et prospects.</li>\r\n</ul>\r\n<br />\r\n<strong><span style=\"color: rgb(255, 81, 34);\">En savoir plus :</span></strong>\r\n\r\n<ul>\r\n\t<li><a href=\"https://www.cnil.fr/fr/principes-cles/rgpd-se-preparer-en-6-etapes\" target=\"_blank\">RGPD : se préparer en 6 étapes</a></li>\r\n\t<li><a href=\"https://www.cnil.fr/fr/transferer-des-donnees-hors-de-lue\" target=\"_blank\">Les transferts de données hors de l'Union européenne</a></li>\r\n</ul>\r\n","format":"text/html"}]}