{"id":"369","uri":"/selfcnil/api/configuration/site/document/369","names":[{"name":"Prospection publicitaire par voie postale : que risque une société qui ne respecte pas la loi ?","locale":"fr_FR"}],"metadata":[{"locale":"fr_FR","name":"description","property":null,"content":"Prospection commerciale, Publicité, Publicité nominative, voie postale, courrier postal, Publicité adressée, Sanction, Infraction pénale, Sanction CNIL, risque, amende"}],"content":{"uri":"/selfcnil/api/configuration/site/document/369/content"},"creator":{"uri":"/selfcnil/api/configuration/site/document/369/creator"},"creationDate":1432891635000,"lastModifier":{"uri":"/selfcnil/api/configuration/site/document/369/lastModifier"},"lastModificationDate":1455813576000,"fields":[{"name":"Description","value":null,"fieldType":"TEXT","fieldOrder":null,"fieldLength":null,"listOfValueId":null,"visibleByAgent":null,"visibleBySupervisor":null,"visibleByExternalSpecialist":null,"mandatoryForAgent":null,"mandatoryForSupervisor":null,"readonlyForAgent":null,"readonlyForSupervisor":null,"localisation":[{"label":"Description","value":"Prospection commerciale, Publicité, Publicité nominative, voie postale, courrier postal, Publicité adressée, Sanction, Infraction pénale, Sanction CNIL, risque, amende","locale":"fr_FR"}]},{"name":"OrderTemplate","value":"","fieldType":"STRING","fieldOrder":null,"fieldLength":null,"listOfValueId":null,"visibleByAgent":null,"visibleBySupervisor":null,"visibleByExternalSpecialist":null,"mandatoryForAgent":null,"mandatoryForSupervisor":null,"readonlyForAgent":null,"readonlyForSupervisor":null,"localisation":[{"label":"Ordre d'affichage","value":"","locale":"fr_FR"}]}],"hits":[{"locale":"fr_FR","hits":127}],"ranks":[{"locale":"fr_FR","rank":1.4310344827586208,"count":58}],"contacts":{"uri":"/selfcnil/api/configuration/site/document/369/contacts"},"relatedDocuments":{"uri":"/selfcnil/api/configuration/site/document/369/relatedDocuments"},"attachments":{"uri":"/selfcnil/api/configuration/site/document/369/attachments"},"path":[{"id":"12","uri":"/selfcnil/api/configuration/site/documentGroup/12"},{"id":"49","uri":"/selfcnil/api/configuration/site/documentGroup/49"},{"id":"38","uri":"/selfcnil/api/configuration/site/documentGroup/38"}],"parentGroup":{"id":"38","uri":"/selfcnil/api/configuration/site/documentGroup/38"},"publicationStatus":"None"}