{"id":"370","uri":"/selfcnil/api/configuration/site/document/370","names":[{"name":"Prospection commerciale par fax : que risque une société qui ne respecte pas la loi ?","locale":"fr_FR"}],"metadata":[{"locale":"fr_FR","name":"description","property":null,"content":"pub, télécopie, fax, amende, opt-in, accord, consentement, démarchage"}],"content":{"uri":"/selfcnil/api/configuration/site/document/370/content"},"creator":{"uri":"/selfcnil/api/configuration/site/document/370/creator"},"creationDate":1432893996000,"lastModifier":{"uri":"/selfcnil/api/configuration/site/document/370/lastModifier"},"lastModificationDate":1434706384000,"fields":[{"name":"Description","value":null,"fieldType":"TEXT","fieldOrder":null,"fieldLength":null,"listOfValueId":null,"visibleByAgent":null,"visibleBySupervisor":null,"visibleByExternalSpecialist":null,"mandatoryForAgent":null,"mandatoryForSupervisor":null,"readonlyForAgent":null,"readonlyForSupervisor":null,"localisation":[{"label":"Description","value":"pub, télécopie, fax, amende, opt-in, accord, consentement, démarchage","locale":"fr_FR"}]},{"name":"OrderTemplate","value":"","fieldType":"STRING","fieldOrder":null,"fieldLength":null,"listOfValueId":null,"visibleByAgent":null,"visibleBySupervisor":null,"visibleByExternalSpecialist":null,"mandatoryForAgent":null,"mandatoryForSupervisor":null,"readonlyForAgent":null,"readonlyForSupervisor":null,"localisation":[{"label":"Ordre d'affichage","value":"","locale":"fr_FR"}]}],"hits":[{"locale":"fr_FR","hits":87}],"ranks":[{"locale":"fr_FR","rank":1.4642857142857142,"count":56}],"contacts":{"uri":"/selfcnil/api/configuration/site/document/370/contacts"},"relatedDocuments":{"uri":"/selfcnil/api/configuration/site/document/370/relatedDocuments"},"attachments":{"uri":"/selfcnil/api/configuration/site/document/370/attachments"},"path":[{"id":"12","uri":"/selfcnil/api/configuration/site/documentGroup/12"},{"id":"49","uri":"/selfcnil/api/configuration/site/documentGroup/49"},{"id":"38","uri":"/selfcnil/api/configuration/site/documentGroup/38"}],"parentGroup":{"id":"38","uri":"/selfcnil/api/configuration/site/documentGroup/38"},"publicationStatus":"None"}