{"id":"371","uri":"/selfcnil/api/configuration/site/document/371","names":[{"name":"Prospection commerciale par courrier électronique, fax ou SMS : le consentement préalable et exprès est nécessaire ?","locale":"fr_FR"}],"metadata":[{"locale":"fr_FR","name":"description","property":null,"content":"pub, télécopie, texto, opt-in, accord"}],"content":{"uri":"/selfcnil/api/configuration/site/document/371/content"},"creator":{"uri":"/selfcnil/api/configuration/site/document/371/creator"},"creationDate":1432901660000,"lastModifier":{"uri":"/selfcnil/api/configuration/site/document/371/lastModifier"},"lastModificationDate":1539872741000,"fields":[{"name":"Description","value":null,"fieldType":"TEXT","fieldOrder":null,"fieldLength":null,"listOfValueId":null,"visibleByAgent":null,"visibleBySupervisor":null,"visibleByExternalSpecialist":null,"mandatoryForAgent":null,"mandatoryForSupervisor":null,"readonlyForAgent":null,"readonlyForSupervisor":null,"localisation":[{"label":"Description","value":"pub, télécopie, texto, opt-in, accord","locale":"fr_FR"}]},{"name":"OrderTemplate","value":"","fieldType":"STRING","fieldOrder":null,"fieldLength":null,"listOfValueId":null,"visibleByAgent":null,"visibleBySupervisor":null,"visibleByExternalSpecialist":null,"mandatoryForAgent":null,"mandatoryForSupervisor":null,"readonlyForAgent":null,"readonlyForSupervisor":null,"localisation":[{"label":"Ordre d'affichage","value":"","locale":"fr_FR"}]}],"hits":[{"locale":"fr_FR","hits":217}],"ranks":[{"locale":"fr_FR","rank":1.3781512605042017,"count":238}],"contacts":{"uri":"/selfcnil/api/configuration/site/document/371/contacts"},"relatedDocuments":{"uri":"/selfcnil/api/configuration/site/document/371/relatedDocuments"},"attachments":{"uri":"/selfcnil/api/configuration/site/document/371/attachments"},"path":[{"id":"12","uri":"/selfcnil/api/configuration/site/documentGroup/12"},{"id":"49","uri":"/selfcnil/api/configuration/site/documentGroup/49"},{"id":"38","uri":"/selfcnil/api/configuration/site/documentGroup/38"}],"parentGroup":{"id":"38","uri":"/selfcnil/api/configuration/site/documentGroup/38"},"publicationStatus":"None"}