{"id":"371","uri":"/selfcnil/api/configuration/site/document/371/content","contents":[{"locale":"fr_FR","content":"Avant d'envoyer des messages publicitaires par courrier électronique, fax ou SMS, vous devez obtenir le consentement préalable de la personne concernée.<br />\r\n<br />\r\nPour être valable, <strong><span style=\"color: rgb(33, 121, 196);\">ce consentement doit être exprès et explicite</span></strong> :<br />\r\n<br />\r\n<strong><span style=\"color: rgb(255, 81, 34);\">Attention</span></strong> :\r\n<ul>\r\n\t<li>Le fait d'accepter des conditions générales de vente dans un contrat ne vaut pas consentement à être démarché commercialement ;</li>\r\n\t<li>Vous ne devez pas non plus anticiper le consentement en proposant des cases pré-cochées ;</li>\r\n\t<li>Enfin, le consentement ne doit pas être associé à l'obtention d'un lot, d'une réduction, etc.</li>\r\n</ul>\r\n<br />\r\n<strong><span style=\"color: rgb(33, 121, 196);\">La CNIL recommande</span></strong> donc qu'il soit recueilli au moyen d'une case à cocher sur le document rempli par la personne, sur le modèle suivant : \"Si vous souhaitez recevoir nos propositions commerciales ou celles de nos partenaires par voie électronique, merci de cocher la case ci-dessous\".<br />\r\n<br />\r\n<span style=\"color:#ff5122;\"><strong>A savoir</strong></span>: le recueil du consentement n'est pas nécessaire pour adresser à ses clients des sollicitations sur des <span style=\"color:#2179c4;\"><strong>produits&nbsp;et services analogues</strong></span> à ceux déjà acquis par le consommateur concerné.","format":"text/html"}]}