{"id":"372","uri":"/selfcnil/api/configuration/site/document/372","names":[{"name":"Prospection par messagerie électronique : que risque une société qui ne respecte pas la loi ?","locale":"fr_FR"}],"metadata":[{"locale":"fr_FR","name":"description","property":null,"content":"Prospection commerciale, Publicité, Prospection par mél, courriel, mail, Courrier électronique, Sanctions, Infraction pénale, Sanction CNIL, amende, illégal, accord, consentement"}],"content":{"uri":"/selfcnil/api/configuration/site/document/372/content"},"creator":{"uri":"/selfcnil/api/configuration/site/document/372/creator"},"creationDate":1432902768000,"lastModifier":{"uri":"/selfcnil/api/configuration/site/document/372/lastModifier"},"lastModificationDate":1556004769000,"fields":[{"name":"Description","value":null,"fieldType":"TEXT","fieldOrder":null,"fieldLength":null,"listOfValueId":null,"visibleByAgent":null,"visibleBySupervisor":null,"visibleByExternalSpecialist":null,"mandatoryForAgent":null,"mandatoryForSupervisor":null,"readonlyForAgent":null,"readonlyForSupervisor":null,"localisation":[{"label":"Description","value":"Prospection commerciale, Publicité, Prospection par mél, courriel, mail, email, Courrier électronique, Sanctions, Infraction pénale, Sanction CNIL, amende, illégal, accord, consentement","locale":"fr_FR"}]},{"name":"OrderTemplate","value":"","fieldType":"STRING","fieldOrder":null,"fieldLength":null,"listOfValueId":null,"visibleByAgent":null,"visibleBySupervisor":null,"visibleByExternalSpecialist":null,"mandatoryForAgent":null,"mandatoryForSupervisor":null,"readonlyForAgent":null,"readonlyForSupervisor":null,"localisation":[{"label":"Ordre d'affichage","value":"","locale":"fr_FR"}]}],"hits":[{"locale":"fr_FR","hits":89}],"ranks":[{"locale":"fr_FR","rank":1.476923076923077,"count":65}],"contacts":{"uri":"/selfcnil/api/configuration/site/document/372/contacts"},"relatedDocuments":{"uri":"/selfcnil/api/configuration/site/document/372/relatedDocuments"},"attachments":{"uri":"/selfcnil/api/configuration/site/document/372/attachments"},"path":[{"id":"12","uri":"/selfcnil/api/configuration/site/documentGroup/12"},{"id":"49","uri":"/selfcnil/api/configuration/site/documentGroup/49"},{"id":"38","uri":"/selfcnil/api/configuration/site/documentGroup/38"}],"parentGroup":{"id":"38","uri":"/selfcnil/api/configuration/site/documentGroup/38"},"publicationStatus":"None"}