{"id":"373","uri":"/selfcnil/api/configuration/site/document/373","names":[{"name":"Messages publicitaires par SMS ou MMS : est-ce légal ?","locale":"fr_FR"}],"metadata":[{"locale":"fr_FR","name":"description","property":null,"content":"texto, sms, mms, spam, portable, pub, prospection, téléphone, opt-in"}],"content":{"uri":"/selfcnil/api/configuration/site/document/373/content"},"creator":{"uri":"/selfcnil/api/configuration/site/document/373/creator"},"creationDate":1433147022000,"lastModifier":{"uri":"/selfcnil/api/configuration/site/document/373/lastModifier"},"lastModificationDate":1434531843000,"fields":[{"name":"Description","value":null,"fieldType":"TEXT","fieldOrder":null,"fieldLength":null,"listOfValueId":null,"visibleByAgent":null,"visibleBySupervisor":null,"visibleByExternalSpecialist":null,"mandatoryForAgent":null,"mandatoryForSupervisor":null,"readonlyForAgent":null,"readonlyForSupervisor":null,"localisation":[{"label":"Description","value":"texto, sms, mms, spam, portable, pub, prospection, téléphone, opt-in","locale":"fr_FR"}]},{"name":"OrderTemplate","value":"","fieldType":"STRING","fieldOrder":null,"fieldLength":null,"listOfValueId":null,"visibleByAgent":null,"visibleBySupervisor":null,"visibleByExternalSpecialist":null,"mandatoryForAgent":null,"mandatoryForSupervisor":null,"readonlyForAgent":null,"readonlyForSupervisor":null,"localisation":[{"label":"Ordre d'affichage","value":"","locale":"fr_FR"}]}],"hits":[{"locale":"fr_FR","hits":101}],"ranks":[{"locale":"fr_FR","rank":1.4921875,"count":128}],"contacts":{"uri":"/selfcnil/api/configuration/site/document/373/contacts"},"relatedDocuments":{"uri":"/selfcnil/api/configuration/site/document/373/relatedDocuments"},"attachments":{"uri":"/selfcnil/api/configuration/site/document/373/attachments"},"path":[{"id":"12","uri":"/selfcnil/api/configuration/site/documentGroup/12"},{"id":"65","uri":"/selfcnil/api/configuration/site/documentGroup/65"},{"id":"85","uri":"/selfcnil/api/configuration/site/documentGroup/85"}],"parentGroup":{"id":"85","uri":"/selfcnil/api/configuration/site/documentGroup/85"},"publicationStatus":"None"}