{"id":"375","uri":"/selfcnil/api/configuration/site/document/375","names":[{"name":"Le phishing, c'est quoi ?","locale":"fr_FR"}],"metadata":[{"locale":"fr_FR","name":"description","property":null,"content":"phishing, hameçonnage, escroquerie, mél, mail, émail, courriel, filoutage, pishing, rançongiciels"}],"content":{"uri":"/selfcnil/api/configuration/site/document/375/content"},"creator":{"uri":"/selfcnil/api/configuration/site/document/375/creator"},"creationDate":1433153295000,"lastModifier":{"uri":"/selfcnil/api/configuration/site/document/375/lastModifier"},"lastModificationDate":1508253010000,"fields":[{"name":"Description","value":null,"fieldType":"TEXT","fieldOrder":null,"fieldLength":null,"listOfValueId":null,"visibleByAgent":null,"visibleBySupervisor":null,"visibleByExternalSpecialist":null,"mandatoryForAgent":null,"mandatoryForSupervisor":null,"readonlyForAgent":null,"readonlyForSupervisor":null,"localisation":[{"label":"Description","value":"phishing, hameçonnage, escroquerie, mél, mail, émail, courriel, filoutage, pishing, rançongiciels","locale":"fr_FR"}]},{"name":"OrderTemplate","value":"","fieldType":"STRING","fieldOrder":null,"fieldLength":null,"listOfValueId":null,"visibleByAgent":null,"visibleBySupervisor":null,"visibleByExternalSpecialist":null,"mandatoryForAgent":null,"mandatoryForSupervisor":null,"readonlyForAgent":null,"readonlyForSupervisor":null,"localisation":[{"label":"Ordre d'affichage","value":"","locale":"fr_FR"}]}],"hits":[{"locale":"fr_FR","hits":63}],"ranks":[{"locale":"fr_FR","rank":1.5378151260504203,"count":119}],"contacts":{"uri":"/selfcnil/api/configuration/site/document/375/contacts"},"relatedDocuments":{"uri":"/selfcnil/api/configuration/site/document/375/relatedDocuments"},"attachments":{"uri":"/selfcnil/api/configuration/site/document/375/attachments"},"path":[{"id":"12","uri":"/selfcnil/api/configuration/site/documentGroup/12"},{"id":"65","uri":"/selfcnil/api/configuration/site/documentGroup/65"},{"id":"70","uri":"/selfcnil/api/configuration/site/documentGroup/70"}],"parentGroup":{"id":"70","uri":"/selfcnil/api/configuration/site/documentGroup/70"},"publicationStatus":"None"}