{"id":"378","uri":"/selfcnil/api/configuration/site/document/378","names":[{"name":"Préventel (fichier des impayés de la téléphonie mobile) : qui peut le consulter ?","locale":"fr_FR"}],"metadata":[{"locale":"fr_FR","name":"description","property":null,"content":"consultation, opérateur, membre, interconnexion, accès, téléphonie mobile, portable, smartphone, opérateur"}],"content":{"uri":"/selfcnil/api/configuration/site/document/378/content"},"creator":{"uri":"/selfcnil/api/configuration/site/document/378/creator"},"creationDate":1433167141000,"lastModifier":{"uri":"/selfcnil/api/configuration/site/document/378/lastModifier"},"lastModificationDate":1435304161000,"fields":[{"name":"Description","value":null,"fieldType":"TEXT","fieldOrder":null,"fieldLength":null,"listOfValueId":null,"visibleByAgent":null,"visibleBySupervisor":null,"visibleByExternalSpecialist":null,"mandatoryForAgent":null,"mandatoryForSupervisor":null,"readonlyForAgent":null,"readonlyForSupervisor":null,"localisation":[{"label":"Description","value":"consultation, opérateur, membre, interconnexion, accès, téléphonie mobile, portable, smartphone, opérateur","locale":"fr_FR"}]},{"name":"OrderTemplate","value":"7","fieldType":"STRING","fieldOrder":null,"fieldLength":null,"listOfValueId":null,"visibleByAgent":null,"visibleBySupervisor":null,"visibleByExternalSpecialist":null,"mandatoryForAgent":null,"mandatoryForSupervisor":null,"readonlyForAgent":null,"readonlyForSupervisor":null,"localisation":[{"label":"Ordre d'affichage","value":"7","locale":"fr_FR"}]}],"hits":[{"locale":"fr_FR","hits":101}],"ranks":[{"locale":"fr_FR","rank":1.3431952662721893,"count":169}],"contacts":{"uri":"/selfcnil/api/configuration/site/document/378/contacts"},"relatedDocuments":{"uri":"/selfcnil/api/configuration/site/document/378/relatedDocuments"},"attachments":{"uri":"/selfcnil/api/configuration/site/document/378/attachments"},"path":[{"id":"12","uri":"/selfcnil/api/configuration/site/documentGroup/12"},{"id":"65","uri":"/selfcnil/api/configuration/site/documentGroup/65"},{"id":"83","uri":"/selfcnil/api/configuration/site/documentGroup/83"}],"parentGroup":{"id":"83","uri":"/selfcnil/api/configuration/site/documentGroup/83"},"publicationStatus":"None"}