{"id":"379","uri":"/selfcnil/api/configuration/site/document/379","names":[{"name":"Un site peut-il réutiliser les informations du Registre du commerce et des sociétés ?","locale":"fr_FR"}],"metadata":[{"locale":"fr_FR","name":"description","property":null,"content":"RCS, SIRENE, INSEE, societe.com, infogreffe, annuaire, entreprise, société, nom propre, CFE, greffe, commerce"}],"content":{"uri":"/selfcnil/api/configuration/site/document/379/content"},"creator":{"uri":"/selfcnil/api/configuration/site/document/379/creator"},"creationDate":1433234974000,"lastModifier":{"uri":"/selfcnil/api/configuration/site/document/379/lastModifier"},"lastModificationDate":1542021360000,"fields":[{"name":"Description","value":null,"fieldType":"TEXT","fieldOrder":null,"fieldLength":null,"listOfValueId":null,"visibleByAgent":null,"visibleBySupervisor":null,"visibleByExternalSpecialist":null,"mandatoryForAgent":null,"mandatoryForSupervisor":null,"readonlyForAgent":null,"readonlyForSupervisor":null,"localisation":[{"label":"Description","value":"RCS, SIRENE, INSEE, societe.com, infogreffe, annuaire, entreprise, société, nom propre, CFE, greffe, commerce","locale":"fr_FR"}]},{"name":"OrderTemplate","value":"2","fieldType":"STRING","fieldOrder":null,"fieldLength":null,"listOfValueId":null,"visibleByAgent":null,"visibleBySupervisor":null,"visibleByExternalSpecialist":null,"mandatoryForAgent":null,"mandatoryForSupervisor":null,"readonlyForAgent":null,"readonlyForSupervisor":null,"localisation":[{"label":"Ordre d'affichage","value":"2","locale":"fr_FR"}]}],"hits":[{"locale":"fr_FR","hits":79}],"ranks":[{"locale":"fr_FR","rank":1.6666666666666667,"count":114}],"contacts":{"uri":"/selfcnil/api/configuration/site/document/379/contacts"},"relatedDocuments":{"uri":"/selfcnil/api/configuration/site/document/379/relatedDocuments"},"attachments":{"uri":"/selfcnil/api/configuration/site/document/379/attachments"},"path":[{"id":"12","uri":"/selfcnil/api/configuration/site/documentGroup/12"},{"id":"49","uri":"/selfcnil/api/configuration/site/documentGroup/49"},{"id":"44","uri":"/selfcnil/api/configuration/site/documentGroup/44"}],"parentGroup":{"id":"44","uri":"/selfcnil/api/configuration/site/documentGroup/44"},"publicationStatus":"None"}