{"id":"380","uri":"/selfcnil/api/configuration/site/document/380","names":[{"name":"Un site peut-il réutiliser les informations du Registre du commerce et des sociétés ?","locale":"fr_FR"}],"metadata":[{"locale":"fr_FR","name":"description","property":null,"content":"RCS, Siren, greffe, commerce, auto-entrepreneur, annuaire professionnels, INSEE"}],"content":{"uri":"/selfcnil/api/configuration/site/document/380/content"},"creator":{"uri":"/selfcnil/api/configuration/site/document/380/creator"},"creationDate":1433236089000,"lastModifier":{"uri":"/selfcnil/api/configuration/site/document/380/lastModifier"},"lastModificationDate":1549896175000,"fields":[{"name":"Description","value":null,"fieldType":"TEXT","fieldOrder":null,"fieldLength":null,"listOfValueId":null,"visibleByAgent":null,"visibleBySupervisor":null,"visibleByExternalSpecialist":null,"mandatoryForAgent":null,"mandatoryForSupervisor":null,"readonlyForAgent":null,"readonlyForSupervisor":null,"localisation":[{"label":"Description","value":"RCS, Siren, greffe, commerce, auto-entrepreneur, annuaire professionnels, INSEE","locale":"fr_FR"}]},{"name":"OrderTemplate","value":"","fieldType":"STRING","fieldOrder":null,"fieldLength":null,"listOfValueId":null,"visibleByAgent":null,"visibleBySupervisor":null,"visibleByExternalSpecialist":null,"mandatoryForAgent":null,"mandatoryForSupervisor":null,"readonlyForAgent":null,"readonlyForSupervisor":null,"localisation":[{"label":"Ordre d'affichage","value":"","locale":"fr_FR"}]}],"hits":[{"locale":"fr_FR","hits":132}],"ranks":[{"locale":"fr_FR","rank":1.5333333333333334,"count":150}],"contacts":{"uri":"/selfcnil/api/configuration/site/document/380/contacts"},"relatedDocuments":{"uri":"/selfcnil/api/configuration/site/document/380/relatedDocuments"},"attachments":{"uri":"/selfcnil/api/configuration/site/document/380/attachments"},"path":[{"id":"12","uri":"/selfcnil/api/configuration/site/documentGroup/12"},{"id":"65","uri":"/selfcnil/api/configuration/site/documentGroup/65"},{"id":"70","uri":"/selfcnil/api/configuration/site/documentGroup/70"}],"parentGroup":{"id":"70","uri":"/selfcnil/api/configuration/site/documentGroup/70"},"publicationStatus":"None"}