{"id":"386","uri":"/selfcnil/api/configuration/site/document/386","names":[{"name":"Moteurs de recherche : le déréférencement, c'est quoi ?","locale":"fr_FR"}],"metadata":[{"locale":"fr_FR","name":"description","property":null,"content":"CJUE, déréférencement, désindexation, suppression, url, lien, presse en ligne, journaux, Google, droit à l'oubli"}],"content":{"uri":"/selfcnil/api/configuration/site/document/386/content"},"creator":{"uri":"/selfcnil/api/configuration/site/document/386/creator"},"creationDate":1433250057000,"lastModifier":{"uri":"/selfcnil/api/configuration/site/document/386/lastModifier"},"lastModificationDate":1569585705000,"fields":[{"name":"Description","value":null,"fieldType":"TEXT","fieldOrder":null,"fieldLength":null,"listOfValueId":null,"visibleByAgent":null,"visibleBySupervisor":null,"visibleByExternalSpecialist":null,"mandatoryForAgent":null,"mandatoryForSupervisor":null,"readonlyForAgent":null,"readonlyForSupervisor":null,"localisation":[{"label":"Description","value":"CJUE, déréférencement, désindexation, suppression, url, lien, presse en ligne, journaux, Google, droit à l'oubli","locale":"fr_FR"}]},{"name":"OrderTemplate","value":"","fieldType":"STRING","fieldOrder":null,"fieldLength":null,"listOfValueId":null,"visibleByAgent":null,"visibleBySupervisor":null,"visibleByExternalSpecialist":null,"mandatoryForAgent":null,"mandatoryForSupervisor":null,"readonlyForAgent":null,"readonlyForSupervisor":null,"localisation":[{"label":"Ordre d'affichage","value":"","locale":"fr_FR"}]}],"hits":[{"locale":"fr_FR","hits":110}],"ranks":[{"locale":"fr_FR","rank":1.5698924731182795,"count":93}],"contacts":{"uri":"/selfcnil/api/configuration/site/document/386/contacts"},"relatedDocuments":{"uri":"/selfcnil/api/configuration/site/document/386/relatedDocuments"},"attachments":{"uri":"/selfcnil/api/configuration/site/document/386/attachments"},"path":[{"id":"12","uri":"/selfcnil/api/configuration/site/documentGroup/12"},{"id":"65","uri":"/selfcnil/api/configuration/site/documentGroup/65"},{"id":"70","uri":"/selfcnil/api/configuration/site/documentGroup/70"}],"parentGroup":{"id":"70","uri":"/selfcnil/api/configuration/site/documentGroup/70"},"publicationStatus":"None"}