{"id":"390","uri":"/selfcnil/api/configuration/site/document/390/content","contents":[{"locale":"fr_FR","content":"<strong><span style=\"color:#2179c4;\">Oui.</span></strong><br />\r\n<br />\r\nLa loi permet aux héritiers, ayants-droits ou proches d'une personne décédée d'exiger que le décès&nbsp;soit pris en compte dans tout fichier comportant des informations la concernant.<br />\r\nIls peuvent donc demander la suppression du&nbsp;profil sur un réseau social, en fournissant les justificatifs nécessaires (identité, qualité d'héritier).<br />\r\n<br />\r\nEn l'absence de demande de suppression, le profil d'une personne décédée continue d'exister jusqu'à ce que le responsable du site le désactive pour inactivité.","format":"text/html"}]}