{"id":"394","uri":"/selfcnil/api/configuration/site/document/394/content","contents":[{"locale":"fr_FR","content":"Avant de déposer ou lire un cookie, les éditeurs de sites ou d'applications doivent :\r\n<ul>\r\n\t<li><span style=\"color:#2179c4;\"><strong>Informer</strong></span> les internautes de la finalité des cookies.</li>\r\n\t<li>Obtenir leur <span style=\"color:#2179c4;\"><strong>consentement</strong></span> (la durée de validité de ce consentement est de 13 mois maximum).</li>\r\n\t<li>Fournir aux internautes un <span style=\"color:#2179c4;\"><strong>moyen de les refuser</strong></span>.</li>\r\n</ul>\r\n<br />\r\nCertains cookies sont cependant <span style=\"color:#2179c4;\"><strong>dispensés du recueil </strong></span>de ce consentement (ceux strictement nécessaires à la fourniture d'un service expressément demandé par l'utilisateur).<br />\r\n<br />\r\n<strong><span style=\"color:#ff5122;\">Tout savoir sur les obligations en cette matière :</span></strong>&nbsp;<a href=\"https://www.cnil.fr/fr/cookies-traceurs-que-dit-la-loi\">Cookie, que dit la loi ?</a>","format":"text/html"}]}