{"id":"396","uri":"/selfcnil/api/configuration/site/document/396","names":[{"name":"La CNIL peut-elle contrôler en ligne les sites web ?","locale":"fr_FR"}],"metadata":[{"locale":"fr_FR","name":"description","property":null,"content":"CNIL, contrôle en ligne, contrôles, site web, internet"}],"content":{"uri":"/selfcnil/api/configuration/site/document/396/content"},"creator":{"uri":"/selfcnil/api/configuration/site/document/396/creator"},"creationDate":1433262452000,"lastModifier":{"uri":"/selfcnil/api/configuration/site/document/396/lastModifier"},"lastModificationDate":1435238992000,"fields":[{"name":"Description","value":null,"fieldType":"TEXT","fieldOrder":null,"fieldLength":null,"listOfValueId":null,"visibleByAgent":null,"visibleBySupervisor":null,"visibleByExternalSpecialist":null,"mandatoryForAgent":null,"mandatoryForSupervisor":null,"readonlyForAgent":null,"readonlyForSupervisor":null,"localisation":[{"label":"Description","value":"CNIL, contrôle en ligne, contrôles, site web, internet","locale":"fr_FR"}]},{"name":"OrderTemplate","value":"","fieldType":"STRING","fieldOrder":null,"fieldLength":null,"listOfValueId":null,"visibleByAgent":null,"visibleBySupervisor":null,"visibleByExternalSpecialist":null,"mandatoryForAgent":null,"mandatoryForSupervisor":null,"readonlyForAgent":null,"readonlyForSupervisor":null,"localisation":[{"label":"Ordre d'affichage","value":"","locale":"fr_FR"}]}],"hits":[{"locale":"fr_FR","hits":59}],"ranks":[{"locale":"fr_FR","rank":1.6567164179104477,"count":67}],"contacts":{"uri":"/selfcnil/api/configuration/site/document/396/contacts"},"relatedDocuments":{"uri":"/selfcnil/api/configuration/site/document/396/relatedDocuments"},"attachments":{"uri":"/selfcnil/api/configuration/site/document/396/attachments"},"path":[{"id":"12","uri":"/selfcnil/api/configuration/site/documentGroup/12"},{"id":"49","uri":"/selfcnil/api/configuration/site/documentGroup/49"},{"id":"63","uri":"/selfcnil/api/configuration/site/documentGroup/63"}],"parentGroup":{"id":"63","uri":"/selfcnil/api/configuration/site/documentGroup/63"},"publicationStatus":"None"}