{"id":"396","uri":"/selfcnil/api/configuration/site/document/396/content","contents":[{"locale":"fr_FR","content":"<strong><span style=\"color:#2179c4;\">Oui.</span>&nbsp;</strong><br />\r\n<br />\r\nDepuis mars 2014, la CNIL a le pouvoir de procéder à des contrôles en ligne, en plus des contrôles sur place et des auditions sur convocation.<br />\r\n<br />\r\nUn procès-verbal est rédigé par le contrôleur de la CNIL. Il comporte des informations sur les éléments vérifiés et les constats effectués. Ce procès-verbal est adressé au responsable du site web contrôlé. Il peut alors faire part de ses observations à la CNIL.","format":"text/html"}]}