{"id":"397","uri":"/selfcnil/api/configuration/site/document/397/content","contents":[{"locale":"fr_FR","content":"Généralement, on définit le cloud computing comme le fait d'<span style=\"color:#2179c4;\"><strong>utiliser des ressources informatiques à distance</strong></span> (via internet), par exemple pour sauvegarder des documents, des fichiers, etc. sur des serveurs mis à disposition par un prestataire.<br />\r\n<br />\r\nLe cloud se caractérise par la simplicité d'un service à la demande,&nbsp;le paiement à l'usage, un accès léger depuis tout type de terminal et enfin, par la <span style=\"color:#2179c4;\"><strong>virtualisation</strong></span> et la mise en commun de ressources qui peuvent être réparties sur le monde entier.","format":"text/html"}]}