{"id":"398","uri":"/selfcnil/api/configuration/site/document/398","names":[{"name":"Le cloud computing, c'est dangereux ?","locale":"fr_FR"}],"metadata":[{"locale":"fr_FR","name":"description","property":null,"content":"cloud, informatique en nuage, nuagique, infonuagique, serveur distant"}],"content":{"uri":"/selfcnil/api/configuration/site/document/398/content"},"creator":{"uri":"/selfcnil/api/configuration/site/document/398/creator"},"creationDate":1433262863000,"lastModifier":{"uri":"/selfcnil/api/configuration/site/document/398/lastModifier"},"lastModificationDate":1455724272000,"fields":[{"name":"Description","value":null,"fieldType":"TEXT","fieldOrder":null,"fieldLength":null,"listOfValueId":null,"visibleByAgent":null,"visibleBySupervisor":null,"visibleByExternalSpecialist":null,"mandatoryForAgent":null,"mandatoryForSupervisor":null,"readonlyForAgent":null,"readonlyForSupervisor":null,"localisation":[{"label":"Description","value":"cloud, informatique en nuage, nuagique, infonuagique, serveur distant","locale":"fr_FR"}]},{"name":"OrderTemplate","value":"5","fieldType":"STRING","fieldOrder":null,"fieldLength":null,"listOfValueId":null,"visibleByAgent":null,"visibleBySupervisor":null,"visibleByExternalSpecialist":null,"mandatoryForAgent":null,"mandatoryForSupervisor":null,"readonlyForAgent":null,"readonlyForSupervisor":null,"localisation":[{"label":"Ordre d'affichage","value":"5","locale":"fr_FR"}]}],"hits":[{"locale":"fr_FR","hits":56}],"ranks":[{"locale":"fr_FR","rank":1.5048543689320388,"count":103}],"contacts":{"uri":"/selfcnil/api/configuration/site/document/398/contacts"},"relatedDocuments":{"uri":"/selfcnil/api/configuration/site/document/398/relatedDocuments"},"attachments":{"uri":"/selfcnil/api/configuration/site/document/398/attachments"},"path":[{"id":"12","uri":"/selfcnil/api/configuration/site/documentGroup/12"},{"id":"49","uri":"/selfcnil/api/configuration/site/documentGroup/49"},{"id":"44","uri":"/selfcnil/api/configuration/site/documentGroup/44"}],"parentGroup":{"id":"44","uri":"/selfcnil/api/configuration/site/documentGroup/44"},"publicationStatus":"None"}