{"id":"400","uri":"/selfcnil/api/configuration/site/document/400/content","contents":[{"locale":"fr_FR","content":"Peuvent consulter le TAJ&nbsp;:\r\n<ul>\r\n\t<li>Les personnels habilités des services de police et de gendarmerie, les agents des douanes habilités à effectuer des missions de police judiciaire ;</li>\r\n\t<li>Les magistrats du parquet et les juges d'instruction pour les recherches relatives aux infractions dont ils sont saisis ;</li>\r\n\t<li>Les personnels habilités par le préfet dans le cadre d'enquêtes administratives : recrutement pour des fonctions liées à la sécurité, demande d'acquisition de la nationalité française, etc.</li>\r\n</ul>\r\n","format":"text/html"}]}