{"id":"401","uri":"/selfcnil/api/configuration/site/document/401","names":[{"name":"Casier judiciaire : combien de temps les condamnations restent-elles inscrites ?","locale":"fr_FR"}],"metadata":[{"locale":"fr_FR","name":"description","property":null,"content":"casier, condamnations, durée de conservation"}],"content":{"uri":"/selfcnil/api/configuration/site/document/401/content"},"creator":{"uri":"/selfcnil/api/configuration/site/document/401/creator"},"creationDate":1433321602000,"lastModifier":{"uri":"/selfcnil/api/configuration/site/document/401/lastModifier"},"lastModificationDate":1455706965000,"fields":[{"name":"Description","value":null,"fieldType":"TEXT","fieldOrder":null,"fieldLength":null,"listOfValueId":null,"visibleByAgent":null,"visibleBySupervisor":null,"visibleByExternalSpecialist":null,"mandatoryForAgent":null,"mandatoryForSupervisor":null,"readonlyForAgent":null,"readonlyForSupervisor":null,"localisation":[{"label":"Description","value":"casier, condamnations, durée de conservation","locale":"fr_FR"}]},{"name":"OrderTemplate","value":"","fieldType":"STRING","fieldOrder":null,"fieldLength":null,"listOfValueId":null,"visibleByAgent":null,"visibleBySupervisor":null,"visibleByExternalSpecialist":null,"mandatoryForAgent":null,"mandatoryForSupervisor":null,"readonlyForAgent":null,"readonlyForSupervisor":null,"localisation":[{"label":"Ordre d'affichage","value":"","locale":"fr_FR"}]}],"hits":[{"locale":"fr_FR","hits":95}],"ranks":[{"locale":"fr_FR","rank":1.3333333333333333,"count":87}],"contacts":{"uri":"/selfcnil/api/configuration/site/document/401/contacts"},"relatedDocuments":{"uri":"/selfcnil/api/configuration/site/document/401/relatedDocuments"},"attachments":{"uri":"/selfcnil/api/configuration/site/document/401/attachments"},"path":[{"id":"12","uri":"/selfcnil/api/configuration/site/documentGroup/12"},{"id":"65","uri":"/selfcnil/api/configuration/site/documentGroup/65"},{"id":"66","uri":"/selfcnil/api/configuration/site/documentGroup/66"}],"parentGroup":{"id":"66","uri":"/selfcnil/api/configuration/site/documentGroup/66"},"publicationStatus":"None"}