{"id":"401","uri":"/selfcnil/api/configuration/site/document/401/content","contents":[{"locale":"fr_FR","content":"Les condamnations et autres mentions&nbsp;sont effacées du casier judiciaire&nbsp;après un <span style=\"color:#2179c4;\"><strong>délai de 40 ans</strong></span> à compter de la dernière condamnation ou au décès de l'intéressé.<br />\r\n&nbsp;&nbsp;&nbsp;&nbsp;&nbsp;&nbsp;&nbsp;&nbsp;&nbsp;&nbsp;&nbsp;&nbsp;&nbsp;&nbsp;&nbsp;&nbsp;&nbsp;&nbsp;&nbsp;&nbsp;&nbsp;&nbsp;&nbsp;&nbsp;&nbsp;&nbsp;&nbsp;&nbsp;&nbsp;&nbsp;&nbsp;&nbsp;&nbsp;&nbsp;&nbsp;&nbsp;&nbsp;&nbsp;&nbsp;&nbsp;&nbsp;&nbsp;&nbsp;&nbsp;&nbsp;<br />\r\nCertaines mentions peuvent&nbsp;toutefois être effacées pour des <span style=\"color:#2179c4;\"><strong>motifs particuliers</strong></span> ou après un <span style=\"color:#2179c4;\"><strong>délai déterminé</strong></span> :&nbsp;\r\n\r\n<ul>\r\n\t<li>Condamnations bénéficiant d'une amnistie ;</li>\r\n\t<li>Condamnations bénéficiant d'une réhabilitation judiciaire avec retrait du casier judiciaire ;</li>\r\n\t<li>Compositions pénales (mesures alternatives aux poursuites) après un délai de 3 ans ;</li>\r\n\t<li>Sanctions commerciales ou disciplinaires effacées par la réhabilitation ;</li>\r\n\t<li>Jugements de liquidation judiciaire après un délai de 5 ans ;</li>\r\n\t<li>Condamnations prononcées pour contravention de police après un délai de 3 ans ;</li>\r\n\t<li>Mesures ou sanctions éducatives prononcées à l'encontre des mineurs, après un délai de 3 ans.</li>\r\n</ul>\r\n","format":"text/html"}]}