{"id":"404","uri":"/selfcnil/api/configuration/site/document/404","names":[{"name":"Vidéoprotection/vidéosurveillance : une caméra qui filme la voie publique peut-elle filmer l'intérieur des habitations ?","locale":"fr_FR"}],"metadata":[{"locale":"fr_FR","name":"description","property":null,"content":"Police, Justice, Sécurité, Caméras, Videoprotection, Voie publique, Lieu public, espace public, videosurveillance, vidéo-protection, public, personne, passant, rue, vidéo"}],"content":{"uri":"/selfcnil/api/configuration/site/document/404/content"},"creator":{"uri":"/selfcnil/api/configuration/site/document/404/creator"},"creationDate":1433327828000,"lastModifier":{"uri":"/selfcnil/api/configuration/site/document/404/lastModifier"},"lastModificationDate":1435245858000,"fields":[{"name":"Description","value":null,"fieldType":"TEXT","fieldOrder":null,"fieldLength":null,"listOfValueId":null,"visibleByAgent":null,"visibleBySupervisor":null,"visibleByExternalSpecialist":null,"mandatoryForAgent":null,"mandatoryForSupervisor":null,"readonlyForAgent":null,"readonlyForSupervisor":null,"localisation":[{"label":"Description","value":"Police, Justice, Sécurité, Caméras, Videoprotection, Voie publique, Lieu public, espace public, videosurveillance, vidéo-protection, public, personne, passant, rue, vidéo","locale":"fr_FR"}]},{"name":"OrderTemplate","value":"","fieldType":"STRING","fieldOrder":null,"fieldLength":null,"listOfValueId":null,"visibleByAgent":null,"visibleBySupervisor":null,"visibleByExternalSpecialist":null,"mandatoryForAgent":null,"mandatoryForSupervisor":null,"readonlyForAgent":null,"readonlyForSupervisor":null,"localisation":[{"label":"Ordre d'affichage","value":"","locale":"fr_FR"}]}],"hits":[{"locale":"fr_FR","hits":73}],"ranks":[{"locale":"fr_FR","rank":1.3902439024390243,"count":82}],"contacts":{"uri":"/selfcnil/api/configuration/site/document/404/contacts"},"relatedDocuments":{"uri":"/selfcnil/api/configuration/site/document/404/relatedDocuments"},"attachments":{"uri":"/selfcnil/api/configuration/site/document/404/attachments"},"path":[{"id":"12","uri":"/selfcnil/api/configuration/site/documentGroup/12"},{"id":"49","uri":"/selfcnil/api/configuration/site/documentGroup/49"},{"id":"15","uri":"/selfcnil/api/configuration/site/documentGroup/15"}],"parentGroup":{"id":"15","uri":"/selfcnil/api/configuration/site/documentGroup/15"},"publicationStatus":"None"}