{"id":"404","uri":"/selfcnil/api/configuration/site/document/404/content","contents":[{"locale":"fr_FR","content":"<strong><span style=\"color: rgb(33, 121, 196);\">Non.</span></strong><br />\r\n<br />\r\nLes caméras filmant la voie publique ne doivent pas permettre&nbsp; :\r\n<ul>\r\n\t<li>De visualiser l'intérieur des habitations.</li>\r\n\t<li>De&nbsp;filmer de façon spécifique leurs entrées (par ex. les fenêtres d'un immeuble).</li>\r\n</ul>\r\n<br />\r\nDes procédés de masquages irréversibles de ces zones doivent être utilisés afin de garantir la protection de la vie privée.","format":"text/html"}]}