{"id":"405","uri":"/selfcnil/api/configuration/site/document/405","names":[{"name":"Vidéoprotection : combien de temps peuvent être conservées les images ?","locale":"fr_FR"}],"metadata":[{"locale":"fr_FR","name":"description","property":null,"content":"Police, Justice, Sécurité, Caméras, Videoprotection, Voie publique, Lieux public, espace public, videosurveillance, vidéo-protection, public, personne, passant, rue, durée"}],"content":{"uri":"/selfcnil/api/configuration/site/document/405/content"},"creator":{"uri":"/selfcnil/api/configuration/site/document/405/creator"},"creationDate":1433328571000,"lastModifier":{"uri":"/selfcnil/api/configuration/site/document/405/lastModifier"},"lastModificationDate":1455811424000,"fields":[{"name":"Description","value":null,"fieldType":"TEXT","fieldOrder":null,"fieldLength":null,"listOfValueId":null,"visibleByAgent":null,"visibleBySupervisor":null,"visibleByExternalSpecialist":null,"mandatoryForAgent":null,"mandatoryForSupervisor":null,"readonlyForAgent":null,"readonlyForSupervisor":null,"localisation":[{"label":"Description","value":"Police, Justice, Sécurité, Caméras, Videoprotection, Voie publique, Lieux public, espace public, videosurveillance, vidéo-protection, public, personne, passant, rue, durée","locale":"fr_FR"}]},{"name":"OrderTemplate","value":"","fieldType":"STRING","fieldOrder":null,"fieldLength":null,"listOfValueId":null,"visibleByAgent":null,"visibleBySupervisor":null,"visibleByExternalSpecialist":null,"mandatoryForAgent":null,"mandatoryForSupervisor":null,"readonlyForAgent":null,"readonlyForSupervisor":null,"localisation":[{"label":"Ordre d'affichage","value":"","locale":"fr_FR"}]}],"hits":[{"locale":"fr_FR","hits":184}],"ranks":[{"locale":"fr_FR","rank":1.3565217391304347,"count":115}],"contacts":{"uri":"/selfcnil/api/configuration/site/document/405/contacts"},"relatedDocuments":{"uri":"/selfcnil/api/configuration/site/document/405/relatedDocuments"},"attachments":{"uri":"/selfcnil/api/configuration/site/document/405/attachments"},"path":[{"id":"12","uri":"/selfcnil/api/configuration/site/documentGroup/12"},{"id":"65","uri":"/selfcnil/api/configuration/site/documentGroup/65"},{"id":"82","uri":"/selfcnil/api/configuration/site/documentGroup/82"}],"parentGroup":{"id":"82","uri":"/selfcnil/api/configuration/site/documentGroup/82"},"publicationStatus":"None"}