{"id":"406","uri":"/selfcnil/api/configuration/site/document/406/content","contents":[{"locale":"fr_FR","content":"La conservation des images ne doit pas dépasser <strong><span style=\"color: rgb(33, 121, 196);\">1 mois.</span></strong><br />\r\n<br />\r\nEn règle générale, conserver les images quelques jours permet d'effectuer les vérifications nécessaires en cas d'incident et de lancer d'éventuelles procédures disciplinaires ou pénales. Dans ce cas, les images sont extraites de l'installation et conservées pour la durée de la procédure.<br />\r\n<br />\r\nLorsque c'est techniquement possible, une durée maximale de conservation des images doit être paramétrée dans le système. Cette durée ne doit pas être fixée en fonction de la seule capacité technique de stockage des appareils.","format":"text/html"}]}