{"id":"407","uri":"/selfcnil/api/configuration/site/document/407","names":[{"name":"Vidéoprotection/vidéosurveillance : faut-il une autorisation ?","locale":"fr_FR"}],"metadata":[{"locale":"fr_FR","name":"description","property":null,"content":"Police, Justice, Sécurité, Caméras, videoprotection, Voie publique, Lieu public, espace public, videosurveillance, vidéo-protection, public, personne, passant, vidéo"}],"content":{"uri":"/selfcnil/api/configuration/site/document/407/content"},"creator":{"uri":"/selfcnil/api/configuration/site/document/407/creator"},"creationDate":1433335773000,"lastModifier":{"uri":"/selfcnil/api/configuration/site/document/407/lastModifier"},"lastModificationDate":1484572682000,"fields":[{"name":"Description","value":null,"fieldType":"TEXT","fieldOrder":null,"fieldLength":null,"listOfValueId":null,"visibleByAgent":null,"visibleBySupervisor":null,"visibleByExternalSpecialist":null,"mandatoryForAgent":null,"mandatoryForSupervisor":null,"readonlyForAgent":null,"readonlyForSupervisor":null,"localisation":[{"label":"Description","value":"Police, Justice, Sécurité, Caméras, videoprotection, Voie publique, Lieu public, espace public, videosurveillance, vidéo-protection, public, personne, passant, vidéo","locale":"fr_FR"}]},{"name":"OrderTemplate","value":"","fieldType":"STRING","fieldOrder":null,"fieldLength":null,"listOfValueId":null,"visibleByAgent":null,"visibleBySupervisor":null,"visibleByExternalSpecialist":null,"mandatoryForAgent":null,"mandatoryForSupervisor":null,"readonlyForAgent":null,"readonlyForSupervisor":null,"localisation":[{"label":"Ordre d'affichage","value":"","locale":"fr_FR"}]}],"hits":[{"locale":"fr_FR","hits":73}],"ranks":[{"locale":"fr_FR","rank":1.265927977839335,"count":361}],"contacts":{"uri":"/selfcnil/api/configuration/site/document/407/contacts"},"relatedDocuments":{"uri":"/selfcnil/api/configuration/site/document/407/relatedDocuments"},"attachments":{"uri":"/selfcnil/api/configuration/site/document/407/attachments"},"path":[{"id":"12","uri":"/selfcnil/api/configuration/site/documentGroup/12"},{"id":"49","uri":"/selfcnil/api/configuration/site/documentGroup/49"},{"id":"15","uri":"/selfcnil/api/configuration/site/documentGroup/15"}],"parentGroup":{"id":"15","uri":"/selfcnil/api/configuration/site/documentGroup/15"},"publicationStatus":"None"}