{"id":"407","uri":"/selfcnil/api/configuration/site/document/407/content","contents":[{"locale":"fr_FR","content":"<strong><span style=\"color: rgb(33, 121, 196);\">Oui.</span></strong><br />\r\n<br />\r\nLa mairie ou l'organisme qui souhaite filmer la voie publique ou des lieux ouverts au public doit déposer une <a href=\"http://www.interieur.gouv.fr/Videoprotection/Tele-procedure\" target=\"_blank\">demande d'autorisation à la préfecture</a> du lieu d'implantation du système (Préfecture de police pour Paris).<br />\r\n<br />\r\nLe dossier est examiné par la Commission départementale de vidéoprotection, qui rend un avis sur la demande. La décision est prise par le Préfet.<br />\r\n<br />\r\nL'autorisation préfectorale est valable 5 ans.","format":"text/html"}]}