{"id":"409","uri":"/selfcnil/api/configuration/site/document/409/content","contents":[{"locale":"fr_FR","content":"<strong><span style=\"color: rgb(33, 121, 196);\">Oui.</span> </strong><br />\r\n<br />\r\nLes personnes filmées dans un espace public (rue, administration, gare, centre commercial, banque etc.) doivent en être informées, au moyen de panneaux affichés de façon visible comportant :\r\n<ul>\r\n\t<li>Un pictogramme représentant une caméra</li>\r\n\t<li>Le nom ou la qualité et le numéro de téléphone du responsable</li>\r\n</ul>\r\n<br />\r\nCes panneaux doivent être affichés en permanence dans les lieux concernés et doivent être compréhensibles par tous les publics.","format":"text/html"}]}