{"id":"411","uri":"/selfcnil/api/configuration/site/document/411","names":[{"name":"Vidéoprotection/vidéosurveillance : qui peut consulter les images ?","locale":"fr_FR"}],"metadata":[{"locale":"fr_FR","name":"description","property":null,"content":"Police, Justice, Sécurité, Caméras, Videoprotection, Voie publique, Lieu public, espace public, videosurveillance, vidéo-protection, public, personne, passant, obligation, vidéo, rue"}],"content":{"uri":"/selfcnil/api/configuration/site/document/411/content"},"creator":{"uri":"/selfcnil/api/configuration/site/document/411/creator"},"creationDate":1433339616000,"lastModifier":{"uri":"/selfcnil/api/configuration/site/document/411/lastModifier"},"lastModificationDate":1435245845000,"fields":[{"name":"Description","value":null,"fieldType":"TEXT","fieldOrder":null,"fieldLength":null,"listOfValueId":null,"visibleByAgent":null,"visibleBySupervisor":null,"visibleByExternalSpecialist":null,"mandatoryForAgent":null,"mandatoryForSupervisor":null,"readonlyForAgent":null,"readonlyForSupervisor":null,"localisation":[{"label":"Description","value":"Police, Justice, Sécurité, Caméras, Videoprotection, Voie publique, Lieu public, espace public, videosurveillance, vidéo-protection, public, personne, passant, obligation, vidéo, rue","locale":"fr_FR"}]},{"name":"OrderTemplate","value":"","fieldType":"STRING","fieldOrder":null,"fieldLength":null,"listOfValueId":null,"visibleByAgent":null,"visibleBySupervisor":null,"visibleByExternalSpecialist":null,"mandatoryForAgent":null,"mandatoryForSupervisor":null,"readonlyForAgent":null,"readonlyForSupervisor":null,"localisation":[{"label":"Ordre d'affichage","value":"","locale":"fr_FR"}]}],"hits":[{"locale":"fr_FR","hits":139}],"ranks":[{"locale":"fr_FR","rank":1.3541666666666667,"count":240}],"contacts":{"uri":"/selfcnil/api/configuration/site/document/411/contacts"},"relatedDocuments":{"uri":"/selfcnil/api/configuration/site/document/411/relatedDocuments"},"attachments":{"uri":"/selfcnil/api/configuration/site/document/411/attachments"},"path":[{"id":"12","uri":"/selfcnil/api/configuration/site/documentGroup/12"},{"id":"49","uri":"/selfcnil/api/configuration/site/documentGroup/49"},{"id":"15","uri":"/selfcnil/api/configuration/site/documentGroup/15"}],"parentGroup":{"id":"15","uri":"/selfcnil/api/configuration/site/documentGroup/15"},"publicationStatus":"None"}