{"id":"411","uri":"/selfcnil/api/configuration/site/document/411/content","contents":[{"locale":"fr_FR","content":"Seules les personnes habilitées et mentionnées dans l'autorisation préfectorale peuvent, dans le cadre de leurs fonctions, visionner les images de vidéoprotection.<br />\r\n<br />\r\nCes personnes doivent être particulièrement formées et sensibilisées aux règles de mises en oeuvre d'un système de vidéoprotection.<br />\r\n<br />\r\nLes personnes filmées ont également un droit d'accès aux images sur lesquelles elles apparaissent.&nbsp;&nbsp;&nbsp;&nbsp;","format":"text/html"}]}