{"id":"414","uri":"/selfcnil/api/configuration/site/document/414/content","contents":[{"locale":"fr_FR","content":"Les informations figurant au fichier Schengen sont conservées <span style=\"color:#2179c4;\"><strong>3 ans</strong></span>.&nbsp;Passé ce délai, le service chargé du fichier examine si l'inscription doit être prolongée ou non.<br />\r\n<br />\r\nLes inscriptions concernant des objets (véhicules recherchés, armes, pièces d'identité volées, etc.)&nbsp;sont conservées <strong><span style=\"color:#2179c4;\">5 ans</span> </strong>ou <strong><span style=\"color:#2179c4;\">10 ans</span> </strong>selon les cas.","format":"text/html"}]}