{"id":"415","uri":"/selfcnil/api/configuration/site/document/415","names":[{"name":"SIS (Système d'information Schengen ou Fichier Schengen) : qui peut le consulter ?","locale":"fr_FR"}],"metadata":[{"locale":"fr_FR","name":"description","property":null,"content":"SIS, Schengen, frontière, territoire, visa, information, Europol"}],"content":{"uri":"/selfcnil/api/configuration/site/document/415/content"},"creator":{"uri":"/selfcnil/api/configuration/site/document/415/creator"},"creationDate":1433344569000,"lastModifier":{"uri":"/selfcnil/api/configuration/site/document/415/lastModifier"},"lastModificationDate":1434466858000,"fields":[{"name":"Description","value":null,"fieldType":"TEXT","fieldOrder":null,"fieldLength":null,"listOfValueId":null,"visibleByAgent":null,"visibleBySupervisor":null,"visibleByExternalSpecialist":null,"mandatoryForAgent":null,"mandatoryForSupervisor":null,"readonlyForAgent":null,"readonlyForSupervisor":null,"localisation":[{"label":"Description","value":"SIS, Schengen, frontière, territoire, visa, information, Europol","locale":"fr_FR"}]},{"name":"OrderTemplate","value":"","fieldType":"STRING","fieldOrder":null,"fieldLength":null,"listOfValueId":null,"visibleByAgent":null,"visibleBySupervisor":null,"visibleByExternalSpecialist":null,"mandatoryForAgent":null,"mandatoryForSupervisor":null,"readonlyForAgent":null,"readonlyForSupervisor":null,"localisation":[{"label":"Ordre d'affichage","value":"","locale":"fr_FR"}]}],"hits":[{"locale":"fr_FR","hits":137}],"ranks":[{"locale":"fr_FR","rank":1.486842105263158,"count":76}],"contacts":{"uri":"/selfcnil/api/configuration/site/document/415/contacts"},"relatedDocuments":{"uri":"/selfcnil/api/configuration/site/document/415/relatedDocuments"},"attachments":{"uri":"/selfcnil/api/configuration/site/document/415/attachments"},"path":[{"id":"12","uri":"/selfcnil/api/configuration/site/documentGroup/12"},{"id":"65","uri":"/selfcnil/api/configuration/site/documentGroup/65"},{"id":"66","uri":"/selfcnil/api/configuration/site/documentGroup/66"}],"parentGroup":{"id":"66","uri":"/selfcnil/api/configuration/site/documentGroup/66"},"publicationStatus":"None"}