{"id":"416","uri":"/selfcnil/api/configuration/site/document/416","names":[{"name":"FPR (Fichier des personnes recherchées) : quelles informations y figurent ?","locale":"fr_FR"}],"metadata":[{"locale":"fr_FR","name":"description","property":null,"content":"FNAEG, empreinte génétique, police, crime, délit, opposition"}],"content":{"uri":"/selfcnil/api/configuration/site/document/416/content"},"creator":{"uri":"/selfcnil/api/configuration/site/document/416/creator"},"creationDate":1433346079000,"lastModifier":{"uri":"/selfcnil/api/configuration/site/document/416/lastModifier"},"lastModificationDate":1434466312000,"fields":[{"name":"Description","value":null,"fieldType":"TEXT","fieldOrder":null,"fieldLength":null,"listOfValueId":null,"visibleByAgent":null,"visibleBySupervisor":null,"visibleByExternalSpecialist":null,"mandatoryForAgent":null,"mandatoryForSupervisor":null,"readonlyForAgent":null,"readonlyForSupervisor":null,"localisation":[{"label":"Description","value":"FNAEG, empreinte génétique, police, crime, délit, opposition","locale":"fr_FR"}]},{"name":"OrderTemplate","value":"","fieldType":"STRING","fieldOrder":null,"fieldLength":null,"listOfValueId":null,"visibleByAgent":null,"visibleBySupervisor":null,"visibleByExternalSpecialist":null,"mandatoryForAgent":null,"mandatoryForSupervisor":null,"readonlyForAgent":null,"readonlyForSupervisor":null,"localisation":[{"label":"Ordre d'affichage","value":"","locale":"fr_FR"}]}],"hits":[{"locale":"fr_FR","hits":176}],"ranks":[{"locale":"fr_FR","rank":1.4745762711864407,"count":59}],"contacts":{"uri":"/selfcnil/api/configuration/site/document/416/contacts"},"relatedDocuments":{"uri":"/selfcnil/api/configuration/site/document/416/relatedDocuments"},"attachments":{"uri":"/selfcnil/api/configuration/site/document/416/attachments"},"path":[{"id":"12","uri":"/selfcnil/api/configuration/site/documentGroup/12"},{"id":"65","uri":"/selfcnil/api/configuration/site/documentGroup/65"},{"id":"66","uri":"/selfcnil/api/configuration/site/documentGroup/66"}],"parentGroup":{"id":"66","uri":"/selfcnil/api/configuration/site/documentGroup/66"},"publicationStatus":"None"}