{"id":"417","uri":"/selfcnil/api/configuration/site/document/417/content","contents":[{"locale":"fr_FR","content":"<strong><span style=\"color: rgb(33, 121, 196);\">Inscrire des informations dans le FPR</span></strong> :&nbsp;<br />\r\n<br />\r\nSeuls les agents habilités de la police nationale, de la gendarmerie nationale et des préfectures (services chargés des titres de séjour des étrangers, des pièces d'identité et du permis de conduire)&nbsp; peuvent inscrire une personne dans le Fichier des personnes recherchées (FPR).<br />\r\n<br />\r\n<strong><span style=\"color: rgb(33, 121, 196);\">Consulter le FPR</span></strong> :<br />\r\n<br />\r\nLa consultation du FPR est réservée aux personnes autorisées, notamment:\r\n<ul>\r\n\t<li>Les services de police nationale et de gendarmerie nationale ;</li>\r\n\t<li>Les&nbsp;autorités judiciaires ;</li>\r\n\t<li>Les&nbsp;agents des services des douanes ;</li>\r\n\t<li>Les agents du ministère de l'intérieur et des préfectures dans le cadre de leurs attributions ;</li>\r\n\t<li>Les&nbsp;agents gestionnaires du Fichier judiciaire national automatisé des auteurs d'infractions sexuelles ou violentes.</li>\r\n</ul>\r\n","format":"text/html"}]}