{"id":"418","uri":"/selfcnil/api/configuration/site/document/418","names":[{"name":"Ethylotests anti-démarrage dans les autocars : que faire ?","locale":"fr_FR"}],"metadata":[{"locale":"fr_FR","name":"description","property":null,"content":"EAD, ethylotest, car, bus, transport scolaire, enfant, AU26, AU-026, ethylotest"}],"content":{"uri":"/selfcnil/api/configuration/site/document/418/content"},"creator":{"uri":"/selfcnil/api/configuration/site/document/418/creator"},"creationDate":1433347529000,"lastModifier":{"uri":"/selfcnil/api/configuration/site/document/418/lastModifier"},"lastModificationDate":1527684583000,"fields":[{"name":"Description","value":null,"fieldType":"TEXT","fieldOrder":null,"fieldLength":null,"listOfValueId":null,"visibleByAgent":null,"visibleBySupervisor":null,"visibleByExternalSpecialist":null,"mandatoryForAgent":null,"mandatoryForSupervisor":null,"readonlyForAgent":null,"readonlyForSupervisor":null,"localisation":[{"label":"Description","value":"EAD, ethylotest, car, bus, transport scolaire, enfant, AU26, AU-026, ethylotest","locale":"fr_FR"}]},{"name":"OrderTemplate","value":"","fieldType":"STRING","fieldOrder":null,"fieldLength":null,"listOfValueId":null,"visibleByAgent":null,"visibleBySupervisor":null,"visibleByExternalSpecialist":null,"mandatoryForAgent":null,"mandatoryForSupervisor":null,"readonlyForAgent":null,"readonlyForSupervisor":null,"localisation":[{"label":"Ordre d'affichage","value":"","locale":"fr_FR"}]}],"hits":[{"locale":"fr_FR","hits":80}],"ranks":[{"locale":"fr_FR","rank":1.4509803921568627,"count":51}],"contacts":{"uri":"/selfcnil/api/configuration/site/document/418/contacts"},"relatedDocuments":{"uri":"/selfcnil/api/configuration/site/document/418/relatedDocuments"},"attachments":{"uri":"/selfcnil/api/configuration/site/document/418/attachments"},"path":[{"id":"12","uri":"/selfcnil/api/configuration/site/documentGroup/12"},{"id":"49","uri":"/selfcnil/api/configuration/site/documentGroup/49"},{"id":"35","uri":"/selfcnil/api/configuration/site/documentGroup/35"}],"parentGroup":{"id":"35","uri":"/selfcnil/api/configuration/site/documentGroup/35"},"publicationStatus":"None"}