{"id":"419","uri":"/selfcnil/api/configuration/site/document/419","names":[{"name":"FNAEG (Fichier national des empreintes génétiques) : combien de temps y est-on inscrit ?","locale":"fr_FR"}],"metadata":[{"locale":"fr_FR","name":"description","property":null,"content":"Police, Justice, Sécurité, Fichier national automatisé des empreintes génétiques, FNAEG, conservation, délai, inscription, temps, enregistrement"}],"content":{"uri":"/selfcnil/api/configuration/site/document/419/content"},"creator":{"uri":"/selfcnil/api/configuration/site/document/419/creator"},"creationDate":1433406722000,"lastModifier":{"uri":"/selfcnil/api/configuration/site/document/419/lastModifier"},"lastModificationDate":1434465787000,"fields":[{"name":"Description","value":null,"fieldType":"TEXT","fieldOrder":null,"fieldLength":null,"listOfValueId":null,"visibleByAgent":null,"visibleBySupervisor":null,"visibleByExternalSpecialist":null,"mandatoryForAgent":null,"mandatoryForSupervisor":null,"readonlyForAgent":null,"readonlyForSupervisor":null,"localisation":[{"label":"Description","value":"Police, Justice, Sécurité, Fichier national automatisé des empreintes génétiques, FNAEG, conservation, délai, inscription, temps, enregistrement","locale":"fr_FR"}]},{"name":"OrderTemplate","value":"","fieldType":"STRING","fieldOrder":null,"fieldLength":null,"listOfValueId":null,"visibleByAgent":null,"visibleBySupervisor":null,"visibleByExternalSpecialist":null,"mandatoryForAgent":null,"mandatoryForSupervisor":null,"readonlyForAgent":null,"readonlyForSupervisor":null,"localisation":[{"label":"Ordre d'affichage","value":"","locale":"fr_FR"}]}],"hits":[{"locale":"fr_FR","hits":104}],"ranks":[{"locale":"fr_FR","rank":1.507936507936508,"count":63}],"contacts":{"uri":"/selfcnil/api/configuration/site/document/419/contacts"},"relatedDocuments":{"uri":"/selfcnil/api/configuration/site/document/419/relatedDocuments"},"attachments":{"uri":"/selfcnil/api/configuration/site/document/419/attachments"},"path":[{"id":"12","uri":"/selfcnil/api/configuration/site/documentGroup/12"},{"id":"65","uri":"/selfcnil/api/configuration/site/documentGroup/65"},{"id":"66","uri":"/selfcnil/api/configuration/site/documentGroup/66"}],"parentGroup":{"id":"66","uri":"/selfcnil/api/configuration/site/documentGroup/66"},"publicationStatus":"None"}