{"id":"420","uri":"/selfcnil/api/configuration/site/document/420","names":[{"name":"FNAEG (Fichier national des empreintes génétiques) : qui peut le consulter ?","locale":"fr_FR"}],"metadata":[{"locale":"fr_FR","name":"description","property":null,"content":"FNAEG, police, accès, habilitation"}],"content":{"uri":"/selfcnil/api/configuration/site/document/420/content"},"creator":{"uri":"/selfcnil/api/configuration/site/document/420/creator"},"creationDate":1433410274000,"lastModifier":{"uri":"/selfcnil/api/configuration/site/document/420/lastModifier"},"lastModificationDate":1434466059000,"fields":[{"name":"Description","value":null,"fieldType":"TEXT","fieldOrder":null,"fieldLength":null,"listOfValueId":null,"visibleByAgent":null,"visibleBySupervisor":null,"visibleByExternalSpecialist":null,"mandatoryForAgent":null,"mandatoryForSupervisor":null,"readonlyForAgent":null,"readonlyForSupervisor":null,"localisation":[{"label":"Description","value":"FNAEG, police, accès, habilitation","locale":"fr_FR"}]},{"name":"OrderTemplate","value":"","fieldType":"STRING","fieldOrder":null,"fieldLength":null,"listOfValueId":null,"visibleByAgent":null,"visibleBySupervisor":null,"visibleByExternalSpecialist":null,"mandatoryForAgent":null,"mandatoryForSupervisor":null,"readonlyForAgent":null,"readonlyForSupervisor":null,"localisation":[{"label":"Ordre d'affichage","value":"","locale":"fr_FR"}]}],"hits":[{"locale":"fr_FR","hits":99}],"ranks":[{"locale":"fr_FR","rank":1.6,"count":55}],"contacts":{"uri":"/selfcnil/api/configuration/site/document/420/contacts"},"relatedDocuments":{"uri":"/selfcnil/api/configuration/site/document/420/relatedDocuments"},"attachments":{"uri":"/selfcnil/api/configuration/site/document/420/attachments"},"path":[{"id":"12","uri":"/selfcnil/api/configuration/site/documentGroup/12"},{"id":"65","uri":"/selfcnil/api/configuration/site/documentGroup/65"},{"id":"66","uri":"/selfcnil/api/configuration/site/documentGroup/66"}],"parentGroup":{"id":"66","uri":"/selfcnil/api/configuration/site/documentGroup/66"},"publicationStatus":"None"}