{"id":"420","uri":"/selfcnil/api/configuration/site/document/420/content","contents":[{"locale":"fr_FR","content":"La consultation de ce fichier est réservée aux&nbsp;agents habilités des&nbsp;:\r\n<ul>\r\n\t<li>Personnels de la police technique et scientifique (Direction centrale de la police judiciaire), de la police et de la gendarmerie nationales ;</li>\r\n\t<li>Personnels du service central de préservation des prélèvements biologiques ;</li>\r\n\t<li>Officiers et agents de police judiciaire procédant aux prélèvements biologiques. Ces agents ne peuvent consulter le fichier que pour vérifier si une personne y figure déjà ;</li>\r\n\t<li>Agents d'organismes internationaux de police judiciaire, agents des services de police d'Etats étrangers, dans certaines conditions.&nbsp; &nbsp; &nbsp; &nbsp; &nbsp; &nbsp; &nbsp;&nbsp;</li>\r\n</ul>\r\n\r\n<div style=\"text-align: justify;\">&nbsp;&nbsp;&nbsp;&nbsp;&nbsp;&nbsp;&nbsp;&nbsp;&nbsp;&nbsp;&nbsp;&nbsp;&nbsp;&nbsp;&nbsp;&nbsp;&nbsp;&nbsp;&nbsp;&nbsp;&nbsp;&nbsp;&nbsp;&nbsp;&nbsp;&nbsp;&nbsp;&nbsp;&nbsp;&nbsp;&nbsp;&nbsp;&nbsp;&nbsp;&nbsp;&nbsp;&nbsp;&nbsp;&nbsp;&nbsp;&nbsp;&nbsp;&nbsp;&nbsp;&nbsp;&nbsp;&nbsp;&nbsp;&nbsp;&nbsp;&nbsp;&nbsp;&nbsp;&nbsp;&nbsp;&nbsp;&nbsp;&nbsp;&nbsp;&nbsp;&nbsp;&nbsp;&nbsp;&nbsp;&nbsp;&nbsp;&nbsp;&nbsp;&nbsp;&nbsp;&nbsp;&nbsp;&nbsp;&nbsp;&nbsp;&nbsp;&nbsp;&nbsp;&nbsp;&nbsp;&nbsp;&nbsp;&nbsp;&nbsp;&nbsp;&nbsp;&nbsp;&nbsp;&nbsp;&nbsp;&nbsp;&nbsp;&nbsp;&nbsp;&nbsp;&nbsp;&nbsp;&nbsp;&nbsp;&nbsp;&nbsp;&nbsp;&nbsp;&nbsp;&nbsp;&nbsp;&nbsp;&nbsp;&nbsp;&nbsp;&nbsp;&nbsp;&nbsp;&nbsp;&nbsp;&nbsp;&nbsp;&nbsp;&nbsp;&nbsp;&nbsp;</div>\r\n","format":"text/html"}]}