{"id":"422","uri":"/selfcnil/api/configuration/site/document/422","names":[{"name":"FAED (Fichier automatisé des empreintes digitales) : combien de temps sont conservées les informations ?","locale":"fr_FR"}],"metadata":[{"locale":"fr_FR","name":"description","property":null,"content":"FAED, empreinte digitale, pénal, police"}],"content":{"uri":"/selfcnil/api/configuration/site/document/422/content"},"creator":{"uri":"/selfcnil/api/configuration/site/document/422/creator"},"creationDate":1433420673000,"lastModifier":{"uri":"/selfcnil/api/configuration/site/document/422/lastModifier"},"lastModificationDate":1434465317000,"fields":[{"name":"Description","value":null,"fieldType":"TEXT","fieldOrder":null,"fieldLength":null,"listOfValueId":null,"visibleByAgent":null,"visibleBySupervisor":null,"visibleByExternalSpecialist":null,"mandatoryForAgent":null,"mandatoryForSupervisor":null,"readonlyForAgent":null,"readonlyForSupervisor":null,"localisation":[{"label":"Description","value":"FAED, empreinte digitale, pénal, police","locale":"fr_FR"}]},{"name":"OrderTemplate","value":"","fieldType":"STRING","fieldOrder":null,"fieldLength":null,"listOfValueId":null,"visibleByAgent":null,"visibleBySupervisor":null,"visibleByExternalSpecialist":null,"mandatoryForAgent":null,"mandatoryForSupervisor":null,"readonlyForAgent":null,"readonlyForSupervisor":null,"localisation":[{"label":"Ordre d'affichage","value":"","locale":"fr_FR"}]}],"hits":[{"locale":"fr_FR","hits":114}],"ranks":[{"locale":"fr_FR","rank":1.4603174603174602,"count":63}],"contacts":{"uri":"/selfcnil/api/configuration/site/document/422/contacts"},"relatedDocuments":{"uri":"/selfcnil/api/configuration/site/document/422/relatedDocuments"},"attachments":{"uri":"/selfcnil/api/configuration/site/document/422/attachments"},"path":[{"id":"12","uri":"/selfcnil/api/configuration/site/documentGroup/12"},{"id":"65","uri":"/selfcnil/api/configuration/site/documentGroup/65"},{"id":"66","uri":"/selfcnil/api/configuration/site/documentGroup/66"}],"parentGroup":{"id":"66","uri":"/selfcnil/api/configuration/site/documentGroup/66"},"publicationStatus":"None"}