{"id":"426","uri":"/selfcnil/api/configuration/site/document/426","names":[{"name":"Données sur la santé des personnes : des données sensibles ?","locale":"fr_FR"}],"metadata":[{"locale":"fr_FR","name":"description","property":null,"content":"donnée de santé, donnée sensible, état de santé, secret professionnel, information médicale"}],"content":{"uri":"/selfcnil/api/configuration/site/document/426/content"},"creator":{"uri":"/selfcnil/api/configuration/site/document/426/creator"},"creationDate":1433505553000,"lastModifier":{"uri":"/selfcnil/api/configuration/site/document/426/lastModifier"},"lastModificationDate":1529491615000,"fields":[{"name":"Description","value":null,"fieldType":"TEXT","fieldOrder":null,"fieldLength":null,"listOfValueId":null,"visibleByAgent":null,"visibleBySupervisor":null,"visibleByExternalSpecialist":null,"mandatoryForAgent":null,"mandatoryForSupervisor":null,"readonlyForAgent":null,"readonlyForSupervisor":null,"localisation":[{"label":"Description","value":"donnée de santé, donnée sensible, état de santé, secret professionnel, information médicale","locale":"fr_FR"}]},{"name":"OrderTemplate","value":"","fieldType":"STRING","fieldOrder":null,"fieldLength":null,"listOfValueId":null,"visibleByAgent":null,"visibleBySupervisor":null,"visibleByExternalSpecialist":null,"mandatoryForAgent":null,"mandatoryForSupervisor":null,"readonlyForAgent":null,"readonlyForSupervisor":null,"localisation":[{"label":"Ordre d'affichage","value":"","locale":"fr_FR"}]}],"hits":[{"locale":"fr_FR","hits":171}],"ranks":[{"locale":"fr_FR","rank":1.375796178343949,"count":157}],"contacts":{"uri":"/selfcnil/api/configuration/site/document/426/contacts"},"relatedDocuments":{"uri":"/selfcnil/api/configuration/site/document/426/relatedDocuments"},"attachments":{"uri":"/selfcnil/api/configuration/site/document/426/attachments"},"path":[{"id":"12","uri":"/selfcnil/api/configuration/site/documentGroup/12"},{"id":"49","uri":"/selfcnil/api/configuration/site/documentGroup/49"},{"id":"48","uri":"/selfcnil/api/configuration/site/documentGroup/48"}],"parentGroup":{"id":"48","uri":"/selfcnil/api/configuration/site/documentGroup/48"},"publicationStatus":"None"}