{"id":"427","uri":"/selfcnil/api/configuration/site/document/427/content","contents":[{"locale":"fr_FR","content":"<ul>\r\n\t<li><strong><span style=\"color: rgb(33, 121, 196);\">Les équipes de soins</span></strong> : les professionnels de santé peuvent échanger des informations sur un même patient, sauf opposition de celui-ci, pour assurer la continuité des soins ou déterminer la meilleure prise en charge. Dans un hôpital ou une clinique par exemple, on considère que les informations sur un malade sont confiées à l'ensemble de l'équipe ;</li>\r\n\t<li><strong><span style=\"color: rgb(33, 121, 196);\">Télémédecine</span></strong>: les professionnels de santé travaillant en télémédecine peuvent, sauf opposition du patient, échanger des informations médicales ;</li>\r\n\t<li><strong><span style=\"color: rgb(33, 121, 196);\">Sécurité sociale</span></strong> : les professionnels de santé transmettent aux organismes d'assurance maladie le code détaillé des actes médicaux, les pathologies et les prestations de soins.</li>\r\n</ul>\r\n<br />\r\n<strong><span style=\"color: rgb(255, 81, 34);\">A savoir</span></strong> : pour certaines maladies à déclaration obligatoire (sida, méningite, tuberculose, etc.), les professionnels de santé ont obligation de faire une déclaration aux agences régionales de santé (ARS).","format":"text/html"}]}