{"id":"429","uri":"/selfcnil/api/configuration/site/document/429/content","contents":[{"locale":"fr_FR","content":"<strong><span style=\"color:#2179c4;\">Non.</span></strong><br />\r\n<br />\r\nLe dossier médical des salariés est détenu par les services de la médecine du travail.<br />\r\n<br />\r\nIl ne peut être communiqué qu'à un autre médecin, et si le salarié en fait la demande.<br />\r\n<br />\r\nL'employeur ou le service des ressources humaines n'ont donc <span style=\"color:#2179c4;\"><strong>pas le droit de posséder des informations médicales sur le personnel</strong></span>, excepté dans le cas d'un accident du travail ou d'une maladie professionnelle dont il serait responsable.","format":"text/html"}]}