{"id":"430","uri":"/selfcnil/api/configuration/site/document/430","names":[{"name":"Accès à mon dossier médical : dans quel délai doit-on me répondre ?","locale":"fr_FR"}],"metadata":[{"locale":"fr_FR","name":"description","property":null,"content":"dossier médical, droit d'accès, délai de réponse, médecin, professionnel de santé, hôpital, clinique, communication"}],"content":{"uri":"/selfcnil/api/configuration/site/document/430/content"},"creator":{"uri":"/selfcnil/api/configuration/site/document/430/creator"},"creationDate":1433508840000,"lastModifier":{"uri":"/selfcnil/api/configuration/site/document/430/lastModifier"},"lastModificationDate":1559037822000,"fields":[{"name":"Description","value":null,"fieldType":"TEXT","fieldOrder":null,"fieldLength":null,"listOfValueId":null,"visibleByAgent":null,"visibleBySupervisor":null,"visibleByExternalSpecialist":null,"mandatoryForAgent":null,"mandatoryForSupervisor":null,"readonlyForAgent":null,"readonlyForSupervisor":null,"localisation":[{"label":"Description","value":"dossier médical, droit d'accès, délai de réponse, médecin, professionnel de santé, hôpital, clinique, communication","locale":"fr_FR"}]},{"name":"OrderTemplate","value":"","fieldType":"STRING","fieldOrder":null,"fieldLength":null,"listOfValueId":null,"visibleByAgent":null,"visibleBySupervisor":null,"visibleByExternalSpecialist":null,"mandatoryForAgent":null,"mandatoryForSupervisor":null,"readonlyForAgent":null,"readonlyForSupervisor":null,"localisation":[{"label":"Ordre d'affichage","value":"","locale":"fr_FR"}]}],"hits":[{"locale":"fr_FR","hits":100}],"ranks":[{"locale":"fr_FR","rank":1.543103448275862,"count":116}],"contacts":{"uri":"/selfcnil/api/configuration/site/document/430/contacts"},"relatedDocuments":{"uri":"/selfcnil/api/configuration/site/document/430/relatedDocuments"},"attachments":{"uri":"/selfcnil/api/configuration/site/document/430/attachments"},"path":[{"id":"12","uri":"/selfcnil/api/configuration/site/documentGroup/12"},{"id":"65","uri":"/selfcnil/api/configuration/site/documentGroup/65"},{"id":"72","uri":"/selfcnil/api/configuration/site/documentGroup/72"}],"parentGroup":{"id":"72","uri":"/selfcnil/api/configuration/site/documentGroup/72"},"publicationStatus":"None"}