{"id":"430","uri":"/selfcnil/api/configuration/site/document/430/content","contents":[{"locale":"fr_FR","content":"Le médecin ou l'établissement de santé doivent vous répondre dans un délai maximum de <span style=\"color:#2179c4;\"><strong>8 jours après la demande</strong></span>.<br />\r\n<br />\r\n<strong><span style=\"color: rgb(255, 81, 34);\">A noter</span></strong> : Si les informations médicales que vous voulez consulter remontent à plus de cinq ans, le délai maximal de réponse est de 2 mois.","format":"text/html"}]}