{"id":"432","uri":"/selfcnil/api/configuration/site/document/432","names":[{"name":"Accès au dossier médical : dans quel délai doit-on répondre ?","locale":"fr_FR"}],"metadata":[{"locale":"fr_FR","name":"description","property":null,"content":"dossier médical, accès, délai réponse, médecin, patient"}],"content":{"uri":"/selfcnil/api/configuration/site/document/432/content"},"creator":{"uri":"/selfcnil/api/configuration/site/document/432/creator"},"creationDate":1433514687000,"lastModifier":{"uri":"/selfcnil/api/configuration/site/document/432/lastModifier"},"lastModificationDate":1529491773000,"fields":[{"name":"Description","value":null,"fieldType":"TEXT","fieldOrder":null,"fieldLength":null,"listOfValueId":null,"visibleByAgent":null,"visibleBySupervisor":null,"visibleByExternalSpecialist":null,"mandatoryForAgent":null,"mandatoryForSupervisor":null,"readonlyForAgent":null,"readonlyForSupervisor":null,"localisation":[{"label":"Description","value":"dossier médical, accès, délai réponse, médecin, patient","locale":"fr_FR"}]},{"name":"OrderTemplate","value":"","fieldType":"STRING","fieldOrder":null,"fieldLength":null,"listOfValueId":null,"visibleByAgent":null,"visibleBySupervisor":null,"visibleByExternalSpecialist":null,"mandatoryForAgent":null,"mandatoryForSupervisor":null,"readonlyForAgent":null,"readonlyForSupervisor":null,"localisation":[{"label":"Ordre d'affichage","value":"","locale":"fr_FR"}]}],"hits":[{"locale":"fr_FR","hits":98}],"ranks":[{"locale":"fr_FR","rank":1.53125,"count":96}],"contacts":{"uri":"/selfcnil/api/configuration/site/document/432/contacts"},"relatedDocuments":{"uri":"/selfcnil/api/configuration/site/document/432/relatedDocuments"},"attachments":{"uri":"/selfcnil/api/configuration/site/document/432/attachments"},"path":[{"id":"12","uri":"/selfcnil/api/configuration/site/documentGroup/12"},{"id":"49","uri":"/selfcnil/api/configuration/site/documentGroup/49"},{"id":"48","uri":"/selfcnil/api/configuration/site/documentGroup/48"}],"parentGroup":{"id":"48","uri":"/selfcnil/api/configuration/site/documentGroup/48"},"publicationStatus":"None"}