{"id":"433","uri":"/selfcnil/api/configuration/site/document/433","names":[{"name":"Thèse de médecine : quelles formalités à la CNIL ?","locale":"fr_FR"}],"metadata":[{"locale":"fr_FR","name":"description","property":null,"content":"recherche médicale, thèse, étudiant, médecine, université, santé, doctorant, MR, INDS, CPP, CEREES"}],"content":{"uri":"/selfcnil/api/configuration/site/document/433/content"},"creator":{"uri":"/selfcnil/api/configuration/site/document/433/creator"},"creationDate":1433516622000,"lastModifier":{"uri":"/selfcnil/api/configuration/site/document/433/lastModifier"},"lastModificationDate":1531299281000,"fields":[{"name":"Description","value":null,"fieldType":"TEXT","fieldOrder":null,"fieldLength":null,"listOfValueId":null,"visibleByAgent":null,"visibleBySupervisor":null,"visibleByExternalSpecialist":null,"mandatoryForAgent":null,"mandatoryForSupervisor":null,"readonlyForAgent":null,"readonlyForSupervisor":null,"localisation":[{"label":"Description","value":"recherche médicale, thèse, étudiant, médecine, université, santé, doctorant, MR, INDS, CPP, CEREES","locale":"fr_FR"}]},{"name":"OrderTemplate","value":"","fieldType":"STRING","fieldOrder":null,"fieldLength":null,"listOfValueId":null,"visibleByAgent":null,"visibleBySupervisor":null,"visibleByExternalSpecialist":null,"mandatoryForAgent":null,"mandatoryForSupervisor":null,"readonlyForAgent":null,"readonlyForSupervisor":null,"localisation":[{"label":"Ordre d'affichage","value":"","locale":"fr_FR"}]}],"hits":[{"locale":"fr_FR","hits":353}],"ranks":[{"locale":"fr_FR","rank":1.337837837837838,"count":370}],"contacts":{"uri":"/selfcnil/api/configuration/site/document/433/contacts"},"relatedDocuments":{"uri":"/selfcnil/api/configuration/site/document/433/relatedDocuments"},"attachments":{"uri":"/selfcnil/api/configuration/site/document/433/attachments"},"path":[{"id":"12","uri":"/selfcnil/api/configuration/site/documentGroup/12"},{"id":"49","uri":"/selfcnil/api/configuration/site/documentGroup/49"},{"id":"48","uri":"/selfcnil/api/configuration/site/documentGroup/48"}],"parentGroup":{"id":"48","uri":"/selfcnil/api/configuration/site/documentGroup/48"},"publicationStatus":"None"}