{"id":"433","uri":"/selfcnil/api/configuration/site/document/433/content","contents":[{"locale":"fr_FR","content":"<ul>\r\n\t<li><strong><span style=\"color:#2179c4;\">Si les recherches sont internes</span></strong>, c'est-à-dire menées à partir des données recueillies dans le cadre du suivi thérapeutique ou médical individuel des patients, par les personnels assurant ce suivi et pour leur usage exclusif, la recherche doit être inscrite au registre des traitements de l'Université de rattachement du doctorant.</li>\r\n\t<li>Les personnes concernées doivent être informées du traitement de leurs données, lors de la collecte de leurs données ou au plus tard avant le début du traitement.</li>\r\n</ul>\r\n<strong><span style=\"color:#ff5122;\">&nbsp;Attention !</span></strong> Pour les <span style=\"color:#2179c4;\"><strong>recherches impliquant la personne humaine</strong></span>,&nbsp;l'avis d'un <span style=\"color:#2179c4;\"><strong>Comité de Protection des Personnes</strong></span> (CPP) est requis.\r\n\r\n<ul>\r\n\t<li><strong><span style=\"color:#2179c4;\">Si les recherches sont multicentriques </span></strong>ou impliquent que les données sont rendues accessibles à des personnes en dehors de l'équipe de soins, la recherche doit faire l'objet d'une <a href=\"https://declarations.cnil.fr/declarations/declaration/brouillon.action?declarationType=DR\" target=\"_blank\" title=\"DR\">demande d'autorisation de recherche médicale</a>&nbsp;auprès de la CNIL. Si la recherche est conforme à une méthodologie de référence (<a href=\"https://www.cnil.fr/fr/declaration/mr-001-recherches-dans-le-domaine-de-la-sante-avec-recueil-du-consentement\" target=\"_blank\" title=\"MR-001\">MR-001</a>, <a href=\"https://www.cnil.fr/fr/declaration/mr-002-etudes-non-interventionnelles-de-performances-concernant-les-dispositifs-medicaux\" target=\"_blank\" title=\"MR-002\">MR-002</a> ou <a href=\"https://www.cnil.fr/fr/declaration/mr-003-recherches-dans-le-domaine-de-la-sante-sans-recueil-du-consentement\" target=\"_blank\">MR-003</a>), une <a href=\"https://declarations.cnil.fr/declarations/declaration/brouillon.action?declarationType=DS\" target=\"_blank\" title=\"DS\">déclaration simplifiée</a> de conformité à cette norme suffit.</li>\r\n\t<li>Les personnes concernées doivent, avant le début du traitement de ces données, être individuellement informées dans les conditions prévues à l'article 57 de la loi n°78-17 modifiée.</li>\r\n</ul>\r\n<strong><span style=\"color:#ff5122;\">Attention !</span></strong>\r\n\r\n<ul>\r\n\t<li>Pour les <span style=\"color:#2179c4;\"><strong>recherches impliquant la personne humaine</strong></span>, l'avis d'un <span style=\"color:#2179c4;\"><strong>Comité de Protection des Personnes</strong></span> (CPP) est requis.</li>\r\n\t<li>Pour les <span style=\"color:#2179c4;\"><strong>recherches n'impliquant pas la personne humaine</strong></span>, le dossier doit être transmis à l'<a href=\"http://www.indsante.fr/\" target=\"_blank\" title=\"INDS\">Institut national des données de santé (INDS)</a>, qui transmettra le dossier d'abord au <span style=\"color:#2179c4;\"><strong>Comité d'expertise pour les recherches, les études et les évaluations dans le domaine de la Santé</strong></span> (CEREES),&nbsp;puis à la CNIL. La saisine de l'INDS et du CEREES n'est pas requise si la recherche est conforme à une méthodologie de référence.</li>\r\n</ul>\r\n<span style=\"color:#ff5122;\"><strong>A noter</strong></span> : Les formalités doivent être accomplies <span style=\"color:#2179c4;\"><strong>par l'université </strong>ou<strong> l'établissement de soin de rattachement du doctorant</strong></span>, qui est considéré comme responsable du traitement informatique déclaré. La recherche ne doit en aucun cas être déclarée par le doctorant en son nom propre.","format":"text/html"}]}