{"id":"434","uri":"/selfcnil/api/configuration/site/document/434","names":[{"name":"Dossier médical : puis-je demander à effacer des données après une hospitalisation ?","locale":"fr_FR"}],"metadata":[{"locale":"fr_FR","name":"description","property":null,"content":"rectification, effacement, suppression, données sensibles, état de santé, hôpital, clinique, dossier médical"}],"content":{"uri":"/selfcnil/api/configuration/site/document/434/content"},"creator":{"uri":"/selfcnil/api/configuration/site/document/434/creator"},"creationDate":1433518591000,"lastModifier":null,"lastModificationDate":1434723637000,"fields":[{"name":"Description","value":null,"fieldType":"TEXT","fieldOrder":null,"fieldLength":null,"listOfValueId":null,"visibleByAgent":null,"visibleBySupervisor":null,"visibleByExternalSpecialist":null,"mandatoryForAgent":null,"mandatoryForSupervisor":null,"readonlyForAgent":null,"readonlyForSupervisor":null,"localisation":[{"label":"Description","value":"rectification, effacement, suppression, données sensibles, état de santé, hôpital, clinique, dossier médical","locale":"fr_FR"}]},{"name":"OrderTemplate","value":"","fieldType":"STRING","fieldOrder":null,"fieldLength":null,"listOfValueId":null,"visibleByAgent":null,"visibleBySupervisor":null,"visibleByExternalSpecialist":null,"mandatoryForAgent":null,"mandatoryForSupervisor":null,"readonlyForAgent":null,"readonlyForSupervisor":null,"localisation":[{"label":"Ordre d'affichage","value":"","locale":"fr_FR"}]}],"hits":[{"locale":"fr_FR","hits":254}],"ranks":[{"locale":"fr_FR","rank":1.4367088607594938,"count":158}],"contacts":{"uri":"/selfcnil/api/configuration/site/document/434/contacts"},"relatedDocuments":{"uri":"/selfcnil/api/configuration/site/document/434/relatedDocuments"},"attachments":{"uri":"/selfcnil/api/configuration/site/document/434/attachments"},"path":[{"id":"12","uri":"/selfcnil/api/configuration/site/documentGroup/12"},{"id":"65","uri":"/selfcnil/api/configuration/site/documentGroup/65"},{"id":"72","uri":"/selfcnil/api/configuration/site/documentGroup/72"}],"parentGroup":{"id":"72","uri":"/selfcnil/api/configuration/site/documentGroup/72"},"publicationStatus":"None"}