{"id":"434","uri":"/selfcnil/api/configuration/site/document/434/content","contents":[{"locale":"fr_FR","content":"<span style=\"color: rgb(33, 121, 196);\"><strong>Oui, dans certains cas.</strong></span><br />\r\n<br />\r\nVous pouvez demander à&nbsp;un hôpital ou une clinique de rectifier ou d'effacer&nbsp;vos données de&nbsp;santé si elles&nbsp;sont inexactes, équivoques, incomplètes ou périmées, et à condition de justifier d'un \"motif légitime\".<br />\r\n<br />\r\nPar exemple, un patient hospitalisé a pu obtenir l'effacement de certaines informations médicales le concernant, au motif qu'un membre de sa famille travaillait dans cet établissement et qu'il ne souhaitait pas que sa famille soit informée des traitements qu'il suivait.<br />\r\n<br />\r\n<strong><span style=\"color: rgb(255, 81, 34);\">A noter</span></strong> : en cas de conflit avec un établissement sur cette question, ce sont les tribunaux qui sont compétents pour trancher et non la CNIL.","format":"text/html"}]}