{"id":"435","uri":"/selfcnil/api/configuration/site/document/435/content","contents":[{"locale":"fr_FR","content":"Votre photo&nbsp;ne peut être intégrée à&nbsp;votre dossier médical qu'<strong><span style=\"color: rgb(33, 121, 196);\">avec&nbsp;votre accord</span> </strong>(ou celui des représentants légaux pour les mineurs et les personnes placées sous un régime de protection). Il s'agit d'un consentement&nbsp;donné par <span style=\"color: rgb(33, 121, 196);\"><strong>écrit</strong></span>.&nbsp;<br />\r\n<br />\r\nEn effet :\r\n<ul>\r\n\t<li>Les établissements hospitaliers doivent respecter le droit à l'image et à la vie privée reconnus par la loi à toute personne ;</li>\r\n\t<li>L'utilisation de votre image&nbsp;ne doit pas remettre en cause l'anonymat des consultations dans certaines centres, comme les consultations de dépistage anonyme et gratuit du VIH (CDAG) et les centres d'information, de dépistage et de diagnostic des infections sexuellement transmissibles (CDDIST).</li>\r\n</ul>\r\n","format":"text/html"}]}