{"id":"437","uri":"/selfcnil/api/configuration/site/document/437","names":[{"name":"DMP (dossier médical personnel) et dossier médical : quelles différences ?","locale":"fr_FR"}],"metadata":[{"locale":"fr_FR","name":"description","property":null,"content":"Santé, donnée de santé, Dossier Médical Personnel, DMP, dossier informatisé, dossier médical informatisé, assurance maladie, consultation, accès, gestion des accès, lecture, hôpital, médecin, équipe médicale, équipe soignante, soin"}],"content":{"uri":"/selfcnil/api/configuration/site/document/437/content"},"creator":{"uri":"/selfcnil/api/configuration/site/document/437/creator"},"creationDate":1433756892000,"lastModifier":{"uri":"/selfcnil/api/configuration/site/document/437/lastModifier"},"lastModificationDate":1434535089000,"fields":[{"name":"Description","value":null,"fieldType":"TEXT","fieldOrder":null,"fieldLength":null,"listOfValueId":null,"visibleByAgent":null,"visibleBySupervisor":null,"visibleByExternalSpecialist":null,"mandatoryForAgent":null,"mandatoryForSupervisor":null,"readonlyForAgent":null,"readonlyForSupervisor":null,"localisation":[{"label":"Description","value":"Santé, donnée de santé, Dossier Médical Personnel, DMP, dossier informatisé, dossier médical informatisé, assurance maladie, consultation, accès, gestion des accès, lecture, hôpital, médecin, équipe médicale, équipe soignante, soin","locale":"fr_FR"}]},{"name":"OrderTemplate","value":"","fieldType":"STRING","fieldOrder":null,"fieldLength":null,"listOfValueId":null,"visibleByAgent":null,"visibleBySupervisor":null,"visibleByExternalSpecialist":null,"mandatoryForAgent":null,"mandatoryForSupervisor":null,"readonlyForAgent":null,"readonlyForSupervisor":null,"localisation":[{"label":"Ordre d'affichage","value":"","locale":"fr_FR"}]}],"hits":[{"locale":"fr_FR","hits":92}],"ranks":[{"locale":"fr_FR","rank":1.5070422535211268,"count":71}],"contacts":{"uri":"/selfcnil/api/configuration/site/document/437/contacts"},"relatedDocuments":{"uri":"/selfcnil/api/configuration/site/document/437/relatedDocuments"},"attachments":{"uri":"/selfcnil/api/configuration/site/document/437/attachments"},"path":[{"id":"12","uri":"/selfcnil/api/configuration/site/documentGroup/12"},{"id":"65","uri":"/selfcnil/api/configuration/site/documentGroup/65"},{"id":"72","uri":"/selfcnil/api/configuration/site/documentGroup/72"}],"parentGroup":{"id":"72","uri":"/selfcnil/api/configuration/site/documentGroup/72"},"publicationStatus":"None"}