{"id":"438","uri":"/selfcnil/api/configuration/site/document/438/content","contents":[{"locale":"fr_FR","content":"<ul>\r\n\t<li><strong><span style=\"color: rgb(33, 121, 196);\">Le dossier médical&nbsp;</span></strong></li>\r\n</ul>\r\nUn médecin,&nbsp;un kinésithérapeute, un hôpital ou une clinique ouvrent un dossier médical&nbsp;au nom du patient, à la suite des consultations, examens, interventions qu'il a&nbsp;subi.&nbsp;Chaque professionnel de santé&nbsp;détient donc <span style=\"color:#2179c4;\"><strong>un&nbsp;dossier par patient</strong></span>. Ce dossier peut contenir des documents en format papier ou sous une forme électronique.<br />\r\n&nbsp;\r\n<ul>\r\n\t<li><strong><span style=\"color: rgb(33, 121, 196);\">Le Dossier Médical Personnel (DMP)&nbsp;&nbsp;</span></strong></li>\r\n</ul>\r\nLe DMP est une sorte de carnet de santé informatisé qui peut être ouvert par chaque bénéficiaire de l'assurance maladie, qui peut ainsi directement accéder à&nbsp;son dossier sur internet.<br />\r\n<br />\r\nLe DMP permet de regrouper toutes les&nbsp;données de&nbsp;santé d'un patient et de les <span style=\"color:#2179c4;\"><strong>partager entre les professionnels&nbsp;</strong></span>consultés.&nbsp;&nbsp;&nbsp;&nbsp;&nbsp;&nbsp;<br />\r\n<br />\r\nC'est&nbsp;le patient qui choisit quel médecin ou quel établissement pourra&nbsp;avoir accès à son DMP pour le consulter ou l'alimenter.<br />\r\n<br />\r\nLe DMP est facultatif et gratuit.<br />\r\n<br />\r\n<span style=\"color: rgb(255, 81, 34);\"><strong>Pour en savoir plus</strong></span>&nbsp;:&nbsp;<a href=\"http://www.dmp.gouv.fr/faq\" target=\"_blank\">le site officiel du DMP</a>","format":"text/html"}]}