{"id":"439","uri":"/selfcnil/api/configuration/site/document/439/content","contents":[{"locale":"fr_FR","content":"<ul>\r\n\t<li>Seuls les professionnels de santé (médecins, pharmaciens, etc.) que vous avez autorisés ont accès à votre DMP ;</li>\r\n\t<li>Chaque professionnel de santé n'a accès qu'aux informations qui lui sont utiles (par exemple,&nbsp;un pédicure-podologue ne pourra pas accéder à un compte-rendu d'hospitalisation) ;</li>\r\n\t<li>A l'hôpital : si vous autorisez l'hôpital à accéder à votre DMP, les informations qui concernent votre hospitalisation y seront enregistrées. L'ensemble des professionnels de santé&nbsp;de l'équipe de soins pourra y avoir accès grâce à une carte spécifique.&nbsp;En effet, dans un établissement hospitalier, l'autorisation d'accès au DMP est donnée collectivement à tous les professionnels qui interviennent autour d'un même malade ;</li>\r\n\t<li>De votre côté, vous pouvez retrouver dans un historique toutes les actions effectuées sur votre dossier : consultation, mise à jour, ajout d'un document, etc.</li>\r\n</ul>\r\n<br />\r\n<strong><span style=\"color: rgb(255, 81, 34);\">A noter</span></strong> : les médecins du travail et les médecins des compagnies d'assurance n'ont pas accès au DMP<br />\r\n<br />\r\n<span style=\"color:#ff5122;\"><strong>Pour en savoir plus</strong></span> : <a href=\"http://www.dmp.gouv.fr/faq\" target=\"_blank\">Le site officiel du DMP</a>","format":"text/html"}]}