{"id":"440","uri":"/selfcnil/api/configuration/site/document/440","names":[{"name":"DMP (dossier médical personnel) : qui peut le consulter ?","locale":"fr_FR"}],"metadata":[{"locale":"fr_FR","name":"description","property":null,"content":"Santé, donnée de santé, Dossier Médical Personnel, DMP, dossier informatisé, dossier médical informatisé, assurance maladie, consultation, accès, gestion des accès, lecture, hôpital, médecin, équipe médicale, équipe soignante, soin"}],"content":{"uri":"/selfcnil/api/configuration/site/document/440/content"},"creator":{"uri":"/selfcnil/api/configuration/site/document/440/creator"},"creationDate":1433767382000,"lastModifier":{"uri":"/selfcnil/api/configuration/site/document/440/lastModifier"},"lastModificationDate":1434720023000,"fields":[{"name":"Description","value":null,"fieldType":"TEXT","fieldOrder":null,"fieldLength":null,"listOfValueId":null,"visibleByAgent":null,"visibleBySupervisor":null,"visibleByExternalSpecialist":null,"mandatoryForAgent":null,"mandatoryForSupervisor":null,"readonlyForAgent":null,"readonlyForSupervisor":null,"localisation":[{"label":"Description","value":"Santé, donnée de santé, Dossier Médical Personnel, DMP, dossier informatisé, dossier médical informatisé, assurance maladie, consultation, accès, gestion des accès, lecture, hôpital, médecin, équipe médicale, équipe soignante, soin","locale":"fr_FR"}]},{"name":"OrderTemplate","value":"","fieldType":"STRING","fieldOrder":null,"fieldLength":null,"listOfValueId":null,"visibleByAgent":null,"visibleBySupervisor":null,"visibleByExternalSpecialist":null,"mandatoryForAgent":null,"mandatoryForSupervisor":null,"readonlyForAgent":null,"readonlyForSupervisor":null,"localisation":[{"label":"Ordre d'affichage","value":"","locale":"fr_FR"}]}],"hits":[{"locale":"fr_FR","hits":101}],"ranks":[{"locale":"fr_FR","rank":1.4536082474226804,"count":97}],"contacts":{"uri":"/selfcnil/api/configuration/site/document/440/contacts"},"relatedDocuments":{"uri":"/selfcnil/api/configuration/site/document/440/relatedDocuments"},"attachments":{"uri":"/selfcnil/api/configuration/site/document/440/attachments"},"path":[{"id":"12","uri":"/selfcnil/api/configuration/site/documentGroup/12"},{"id":"49","uri":"/selfcnil/api/configuration/site/documentGroup/49"},{"id":"48","uri":"/selfcnil/api/configuration/site/documentGroup/48"}],"parentGroup":{"id":"48","uri":"/selfcnil/api/configuration/site/documentGroup/48"},"publicationStatus":"None"}