{"id":"442","uri":"/selfcnil/api/configuration/site/document/442","names":[{"name":"DMP (dossier médical personnel) : puis-je en demander une copie complète ?","locale":"fr_FR"}],"metadata":[{"locale":"fr_FR","name":"description","property":null,"content":"Santé, donnée de santé, Dossier Médical Personnel, DMP, dossier informatisé, dossier médical informatisé, assurance maladie, consultation, accès, gestion des accès, hôpital, médecin, équipe médicale, équipe soignante, soin"}],"content":{"uri":"/selfcnil/api/configuration/site/document/442/content"},"creator":{"uri":"/selfcnil/api/configuration/site/document/442/creator"},"creationDate":1433768198000,"lastModifier":{"uri":"/selfcnil/api/configuration/site/document/442/lastModifier"},"lastModificationDate":1434534942000,"fields":[{"name":"Description","value":null,"fieldType":"TEXT","fieldOrder":null,"fieldLength":null,"listOfValueId":null,"visibleByAgent":null,"visibleBySupervisor":null,"visibleByExternalSpecialist":null,"mandatoryForAgent":null,"mandatoryForSupervisor":null,"readonlyForAgent":null,"readonlyForSupervisor":null,"localisation":[{"label":"Description","value":"Santé, donnée de santé, Dossier Médical Personnel, DMP, dossier informatisé, dossier médical informatisé, assurance maladie, consultation, accès, gestion des accès, hôpital, médecin, équipe médicale, équipe soignante, soin","locale":"fr_FR"}]},{"name":"OrderTemplate","value":"","fieldType":"STRING","fieldOrder":null,"fieldLength":null,"listOfValueId":null,"visibleByAgent":null,"visibleBySupervisor":null,"visibleByExternalSpecialist":null,"mandatoryForAgent":null,"mandatoryForSupervisor":null,"readonlyForAgent":null,"readonlyForSupervisor":null,"localisation":[{"label":"Ordre d'affichage","value":"","locale":"fr_FR"}]}],"hits":[{"locale":"fr_FR","hits":100}],"ranks":[{"locale":"fr_FR","rank":1.4736842105263157,"count":57}],"contacts":{"uri":"/selfcnil/api/configuration/site/document/442/contacts"},"relatedDocuments":{"uri":"/selfcnil/api/configuration/site/document/442/relatedDocuments"},"attachments":{"uri":"/selfcnil/api/configuration/site/document/442/attachments"},"path":[{"id":"12","uri":"/selfcnil/api/configuration/site/documentGroup/12"},{"id":"65","uri":"/selfcnil/api/configuration/site/documentGroup/65"},{"id":"72","uri":"/selfcnil/api/configuration/site/documentGroup/72"}],"parentGroup":{"id":"72","uri":"/selfcnil/api/configuration/site/documentGroup/72"},"publicationStatus":"None"}