{"id":"442","uri":"/selfcnil/api/configuration/site/document/442/content","contents":[{"locale":"fr_FR","content":"<strong><span style=\"color:#2179c4;\">Oui.</span></strong><br />\r\n<br />\r\nPour obtenir cette copie, remplissez&nbsp;le formulaire de demande de copie à télécharger sur le <a href=\"http://www.dmp.gouv.fr/documentation/demande-copie\" target=\"_blank\">site officiel du DMP</a>&nbsp;et envoyez le en recommandé avec accusé de réception à l'adresse suivante :<br />\r\n&nbsp;\r\n<div style=\"text-align: center;\">DMP Info service<br />\r\nTSA 20 447<br />\r\nService d'hébergement 86963<br />\r\nFuturoscope Chasseneuil Cedex</div>\r\n","format":"text/html"}]}