{"id":"445","uri":"/selfcnil/api/configuration/site/document/445","names":[{"name":"Assurance maladie : l'historique des remboursements, c'est quoi ?","locale":"fr_FR"}],"metadata":[{"locale":"fr_FR","name":"description","property":null,"content":"Ameli, assurance maladie, médecin, historique, rembouresement"}],"content":{"uri":"/selfcnil/api/configuration/site/document/445/content"},"creator":{"uri":"/selfcnil/api/configuration/site/document/445/creator"},"creationDate":1433773178000,"lastModifier":{"uri":"/selfcnil/api/configuration/site/document/445/lastModifier"},"lastModificationDate":1434534530000,"fields":[{"name":"Description","value":null,"fieldType":"TEXT","fieldOrder":null,"fieldLength":null,"listOfValueId":null,"visibleByAgent":null,"visibleBySupervisor":null,"visibleByExternalSpecialist":null,"mandatoryForAgent":null,"mandatoryForSupervisor":null,"readonlyForAgent":null,"readonlyForSupervisor":null,"localisation":[{"label":"Description","value":"Ameli, assurance maladie, médecin, historique, rembouresement","locale":"fr_FR"}]},{"name":"OrderTemplate","value":"","fieldType":"STRING","fieldOrder":null,"fieldLength":null,"listOfValueId":null,"visibleByAgent":null,"visibleBySupervisor":null,"visibleByExternalSpecialist":null,"mandatoryForAgent":null,"mandatoryForSupervisor":null,"readonlyForAgent":null,"readonlyForSupervisor":null,"localisation":[{"label":"Ordre d'affichage","value":"","locale":"fr_FR"}]}],"hits":[{"locale":"fr_FR","hits":57}],"ranks":[{"locale":"fr_FR","rank":1.421875,"count":64}],"contacts":{"uri":"/selfcnil/api/configuration/site/document/445/contacts"},"relatedDocuments":{"uri":"/selfcnil/api/configuration/site/document/445/relatedDocuments"},"attachments":{"uri":"/selfcnil/api/configuration/site/document/445/attachments"},"path":[{"id":"12","uri":"/selfcnil/api/configuration/site/documentGroup/12"},{"id":"65","uri":"/selfcnil/api/configuration/site/documentGroup/65"},{"id":"72","uri":"/selfcnil/api/configuration/site/documentGroup/72"}],"parentGroup":{"id":"72","uri":"/selfcnil/api/configuration/site/documentGroup/72"},"publicationStatus":"None"}