{"id":"445","uri":"/selfcnil/api/configuration/site/document/445/content","contents":[{"locale":"fr_FR","content":"L'historique des remboursements est un service internet de l'Assurance Maladie qui permet à votre médecin de connaître l'ensemble des soins, médicaments et examens qui vous ont été remboursés au cours des 12 derniers mois.<br />\r\n<br />\r\nVotre médecin ne peut consulter cet historique qu'en votre présence, lors d'une consultation, et avec votre accord car il a besoin de votre carte Vitale.<br />\r\n<br />\r\n<span style=\"color: rgb(255, 81, 34);\"><strong>Pour en savoir plus</strong></span>&nbsp;:&nbsp;<a href=\"http://www.ameli.fr/assures/soins-et-remboursements/l-historique-des-remboursements/qu-est-ce-que-l-historique-des-remboursements.php\" target=\"_blank\">le site&nbsp;Ameli&nbsp;de l'assurance&nbsp;maladie</a>","format":"text/html"}]}