{"id":"456","uri":"/selfcnil/api/configuration/site/document/456","names":[{"name":"Dossier Pharmaceutique (DP), c'est quoi ?","locale":"fr_FR"}],"metadata":[{"locale":"fr_FR","name":"description","property":null,"content":"dossier pharma, dp, pharmacien"}],"content":{"uri":"/selfcnil/api/configuration/site/document/456/content"},"creator":{"uri":"/selfcnil/api/configuration/site/document/456/creator"},"creationDate":1433781053000,"lastModifier":{"uri":"/selfcnil/api/configuration/site/document/456/lastModifier"},"lastModificationDate":1476884262000,"fields":[{"name":"Description","value":null,"fieldType":"TEXT","fieldOrder":null,"fieldLength":null,"listOfValueId":null,"visibleByAgent":null,"visibleBySupervisor":null,"visibleByExternalSpecialist":null,"mandatoryForAgent":null,"mandatoryForSupervisor":null,"readonlyForAgent":null,"readonlyForSupervisor":null,"localisation":[{"label":"Description","value":"dossier pharma, dp, pharmacien","locale":"fr_FR"}]},{"name":"OrderTemplate","value":"","fieldType":"STRING","fieldOrder":null,"fieldLength":null,"listOfValueId":null,"visibleByAgent":null,"visibleBySupervisor":null,"visibleByExternalSpecialist":null,"mandatoryForAgent":null,"mandatoryForSupervisor":null,"readonlyForAgent":null,"readonlyForSupervisor":null,"localisation":[{"label":"Ordre d'affichage","value":"","locale":"fr_FR"}]}],"hits":[{"locale":"fr_FR","hits":59}],"ranks":[{"locale":"fr_FR","rank":1.5205479452054795,"count":73}],"contacts":{"uri":"/selfcnil/api/configuration/site/document/456/contacts"},"relatedDocuments":{"uri":"/selfcnil/api/configuration/site/document/456/relatedDocuments"},"attachments":{"uri":"/selfcnil/api/configuration/site/document/456/attachments"},"path":[{"id":"12","uri":"/selfcnil/api/configuration/site/documentGroup/12"},{"id":"65","uri":"/selfcnil/api/configuration/site/documentGroup/65"},{"id":"72","uri":"/selfcnil/api/configuration/site/documentGroup/72"}],"parentGroup":{"id":"72","uri":"/selfcnil/api/configuration/site/documentGroup/72"},"publicationStatus":"None"}