{"id":"456","uri":"/selfcnil/api/configuration/site/document/456/content","contents":[{"locale":"fr_FR","content":"Le Dossier Pharmaceutique est un dossier informatisé qui peut être consulté par les pharmaciens, y compris ceux qui&nbsp;travaillent en hôpital ou en clinique.<br />\r\n<br />\r\nIl recense tous les médicaments utilisés au cours des 4 derniers mois, qu'ils soient prescrits par un médecin ou conseillés par un pharmacien. Cela permet notamment de lutter contre les risques d'interactions dangereuses entre produits et d'éviter certains traitements redondants.<br />\r\n<br />\r\nLe dossier pharmaceutique n'est <span style=\"color:#2179c4;\"><strong>pas obligatoire</strong></span>. Il est <span style=\"color:#2179c4;\"><strong>gratuit</strong></span>.<br />\r\n<br />\r\nVous pouvez ouvrir votre dossier dans la pharmacie de votre choix, avec votre carte Vitale.<br />\r\n<br />\r\nL'accès à votre dossier est protégé : le pharmacien ne peut le consulter qu'en votre présence puisqu'il a besoin de votre carte Vitale.<br />\r\n<br />\r\n<span style=\"color:#ff5122;\"><strong>Pour en savoir plus</strong></span> : <a href=\"https://www.cnil.fr/fr/le-dossier-pharmaceutique-dp\" target=\"_blank\">Le dossier pharmaceutique</a>","format":"text/html"}]}