{"id":"457","uri":"/selfcnil/api/configuration/site/document/457","names":[{"name":"Dossier Pharmaceutique (DP) : puis-je le fermer quand je veux ?","locale":"fr_FR"}],"metadata":[{"locale":"fr_FR","name":"description","property":null,"content":"dossier pharma, dp, clôture, pharmacien, médicaments"}],"content":{"uri":"/selfcnil/api/configuration/site/document/457/content"},"creator":{"uri":"/selfcnil/api/configuration/site/document/457/creator"},"creationDate":1433781532000,"lastModifier":{"uri":"/selfcnil/api/configuration/site/document/457/lastModifier"},"lastModificationDate":1476885806000,"fields":[{"name":"Description","value":null,"fieldType":"TEXT","fieldOrder":null,"fieldLength":null,"listOfValueId":null,"visibleByAgent":null,"visibleBySupervisor":null,"visibleByExternalSpecialist":null,"mandatoryForAgent":null,"mandatoryForSupervisor":null,"readonlyForAgent":null,"readonlyForSupervisor":null,"localisation":[{"label":"Description","value":"dossier pharma, dp, clôture, pharmacien, médicaments","locale":"fr_FR"}]},{"name":"OrderTemplate","value":"","fieldType":"STRING","fieldOrder":null,"fieldLength":null,"listOfValueId":null,"visibleByAgent":null,"visibleBySupervisor":null,"visibleByExternalSpecialist":null,"mandatoryForAgent":null,"mandatoryForSupervisor":null,"readonlyForAgent":null,"readonlyForSupervisor":null,"localisation":[{"label":"Ordre d'affichage","value":"","locale":"fr_FR"}]}],"hits":[{"locale":"fr_FR","hits":99}],"ranks":[{"locale":"fr_FR","rank":1.5058823529411764,"count":85}],"contacts":{"uri":"/selfcnil/api/configuration/site/document/457/contacts"},"relatedDocuments":{"uri":"/selfcnil/api/configuration/site/document/457/relatedDocuments"},"attachments":{"uri":"/selfcnil/api/configuration/site/document/457/attachments"},"path":[{"id":"12","uri":"/selfcnil/api/configuration/site/documentGroup/12"},{"id":"65","uri":"/selfcnil/api/configuration/site/documentGroup/65"},{"id":"72","uri":"/selfcnil/api/configuration/site/documentGroup/72"}],"parentGroup":{"id":"72","uri":"/selfcnil/api/configuration/site/documentGroup/72"},"publicationStatus":"None"}