{"id":"457","uri":"/selfcnil/api/configuration/site/document/457/content","contents":[{"locale":"fr_FR","content":"<strong><span style=\"color:#2179c4;\">Oui.</span></strong><br />\r\n<br />\r\nVous pouvez demander la clôture de votre dossier à tout moment auprès d'un pharmacien de votre choix, même dans un établissement de soins (hôpital, clinique).<br />\r\n<br />\r\nLe Dossier Pharmaceutique est automatiquement clos s'il n'a pas été ouvert pendant une durée de 3 ans. Lorsque le Dossier est clos, son contenu est détruit en totalité.","format":"text/html"}]}