{"id":"459","uri":"/selfcnil/api/configuration/site/document/459","names":[{"name":"Dossier Pharmaceutique (DP) : qui peut le consulter ?","locale":"fr_FR"}],"metadata":[{"locale":"fr_FR","name":"description","property":null,"content":"dossier pharma, dp, pharmacien, médicaments"}],"content":{"uri":"/selfcnil/api/configuration/site/document/459/content"},"creator":{"uri":"/selfcnil/api/configuration/site/document/459/creator"},"creationDate":1433841032000,"lastModifier":{"uri":"/selfcnil/api/configuration/site/document/459/lastModifier"},"lastModificationDate":1434539028000,"fields":[{"name":"Description","value":null,"fieldType":"TEXT","fieldOrder":null,"fieldLength":null,"listOfValueId":null,"visibleByAgent":null,"visibleBySupervisor":null,"visibleByExternalSpecialist":null,"mandatoryForAgent":null,"mandatoryForSupervisor":null,"readonlyForAgent":null,"readonlyForSupervisor":null,"localisation":[{"label":"Description","value":"dossier pharma, dp, pharmacien, médicaments","locale":"fr_FR"}]},{"name":"OrderTemplate","value":"","fieldType":"STRING","fieldOrder":null,"fieldLength":null,"listOfValueId":null,"visibleByAgent":null,"visibleBySupervisor":null,"visibleByExternalSpecialist":null,"mandatoryForAgent":null,"mandatoryForSupervisor":null,"readonlyForAgent":null,"readonlyForSupervisor":null,"localisation":[{"label":"Ordre d'affichage","value":"","locale":"fr_FR"}]}],"hits":[{"locale":"fr_FR","hits":60}],"ranks":[{"locale":"fr_FR","rank":1.459016393442623,"count":61}],"contacts":{"uri":"/selfcnil/api/configuration/site/document/459/contacts"},"relatedDocuments":{"uri":"/selfcnil/api/configuration/site/document/459/relatedDocuments"},"attachments":{"uri":"/selfcnil/api/configuration/site/document/459/attachments"},"path":[{"id":"12","uri":"/selfcnil/api/configuration/site/documentGroup/12"},{"id":"65","uri":"/selfcnil/api/configuration/site/documentGroup/65"},{"id":"72","uri":"/selfcnil/api/configuration/site/documentGroup/72"}],"parentGroup":{"id":"72","uri":"/selfcnil/api/configuration/site/documentGroup/72"},"publicationStatus":"None"}