{"id":"461","uri":"/selfcnil/api/configuration/site/document/461","names":[{"name":"Le \"Quantified self\", c'est quoi ?","locale":"fr_FR"}],"metadata":[{"locale":"fr_FR","name":"description","property":null,"content":"quantified self, mesure de soi, soi quantifié, quantification de soi, objet connecté, m-santé"}],"content":{"uri":"/selfcnil/api/configuration/site/document/461/content"},"creator":{"uri":"/selfcnil/api/configuration/site/document/461/creator"},"creationDate":1433845027000,"lastModifier":{"uri":"/selfcnil/api/configuration/site/document/461/lastModifier"},"lastModificationDate":1434538053000,"fields":[{"name":"Description","value":null,"fieldType":"TEXT","fieldOrder":null,"fieldLength":null,"listOfValueId":null,"visibleByAgent":null,"visibleBySupervisor":null,"visibleByExternalSpecialist":null,"mandatoryForAgent":null,"mandatoryForSupervisor":null,"readonlyForAgent":null,"readonlyForSupervisor":null,"localisation":[{"label":"Description","value":"quantified self, mesure de soi, soi quantifié, quantification de soi, objet connecté, m-santé","locale":"fr_FR"}]},{"name":"OrderTemplate","value":"","fieldType":"STRING","fieldOrder":null,"fieldLength":null,"listOfValueId":null,"visibleByAgent":null,"visibleBySupervisor":null,"visibleByExternalSpecialist":null,"mandatoryForAgent":null,"mandatoryForSupervisor":null,"readonlyForAgent":null,"readonlyForSupervisor":null,"localisation":[{"label":"Ordre d'affichage","value":"","locale":"fr_FR"}]}],"hits":[{"locale":"fr_FR","hits":172}],"ranks":[{"locale":"fr_FR","rank":1.5125,"count":80}],"contacts":{"uri":"/selfcnil/api/configuration/site/document/461/contacts"},"relatedDocuments":{"uri":"/selfcnil/api/configuration/site/document/461/relatedDocuments"},"attachments":{"uri":"/selfcnil/api/configuration/site/document/461/attachments"},"path":[{"id":"12","uri":"/selfcnil/api/configuration/site/documentGroup/12"},{"id":"65","uri":"/selfcnil/api/configuration/site/documentGroup/65"},{"id":"72","uri":"/selfcnil/api/configuration/site/documentGroup/72"}],"parentGroup":{"id":"72","uri":"/selfcnil/api/configuration/site/documentGroup/72"},"publicationStatus":"None"}