{"id":"461","uri":"/selfcnil/api/configuration/site/document/461/content","contents":[{"locale":"fr_FR","content":"<strong><span style=\"color: rgb(33, 121, 196);\">Le \"Quantified self\"&nbsp; ou \"mesure de soi\"</span><span style=\"color: rgb(33, 121, 196);\"> </span></strong>est un ensemble de nouvelles pratiques qui consistent à analyser son activité physique ou son mode de vie : poids, tension, calories consommées, nombre de pas dans la journée, rythme cardiaque, etc.\r\n\r\n<ul>\r\n\t<li>Il utilise plusieurs technologies : bracelets, podomètres, montres ou applications mobiles connectées aux capteurs d'un smartphone, etc. ;</li>\r\n\t<li>Les informations issues de ces applications sont généralement stockées sur des serveurs extérieurs. Elles ne sont donc plus contrôlées par la personne concernée et peuvent être réutilisées ;</li>\r\n\t<li>Les utilisateurs partagent souvent ces informations sur des réseaux sociaux&nbsp;pour obtenir des conseils ou des encouragements ;</li>\r\n\t<li>Le \"Quantified self\" pose des problèmes de sécurité et de confidentialité des données.</li>\r\n</ul>\r\n<br />\r\n<strong><span style=\"color: rgb(33, 121, 196);\">Quelques recommandations :</span></strong>\r\n\r\n<ul>\r\n\t<li>Utilisez un pseudonyme si vous partagez des informations personnelles ;</li>\r\n\t<li>N''automatisez pas&nbsp;le partage des informations vers d'autres services (par exemple, réseaux sociaux) ;</li>\r\n\t<li>Ne&nbsp;publiez les informations que parmi un cercle restreint de personne de confiance ;</li>\r\n\t<li>Effacez ou récupérez les informations communiquées lorsqu'un service n'est plus utilisé.</li>\r\n</ul>\r\n","format":"text/html"}]}