{"id":"464","uri":"/selfcnil/api/configuration/site/document/464","names":[{"name":"Qui peut me demander mon numéro de sécurité sociale (NIR) ?","locale":"fr_FR"}],"metadata":[{"locale":"fr_FR","name":"description","property":null,"content":"NIR, n° sécu, numéro de sécu, n° INSEE, RNIPP"}],"content":{"uri":"/selfcnil/api/configuration/site/document/464/content"},"creator":{"uri":"/selfcnil/api/configuration/site/document/464/creator"},"creationDate":1433854339000,"lastModifier":{"uri":"/selfcnil/api/configuration/site/document/464/lastModifier"},"lastModificationDate":1455709654000,"fields":[{"name":"Description","value":null,"fieldType":"TEXT","fieldOrder":null,"fieldLength":null,"listOfValueId":null,"visibleByAgent":null,"visibleBySupervisor":null,"visibleByExternalSpecialist":null,"mandatoryForAgent":null,"mandatoryForSupervisor":null,"readonlyForAgent":null,"readonlyForSupervisor":null,"localisation":[{"label":"Description","value":"NIR, n° sécu, numéro de sécu, n° INSEE, RNIPP","locale":"fr_FR"}]},{"name":"OrderTemplate","value":"","fieldType":"STRING","fieldOrder":null,"fieldLength":null,"listOfValueId":null,"visibleByAgent":null,"visibleBySupervisor":null,"visibleByExternalSpecialist":null,"mandatoryForAgent":null,"mandatoryForSupervisor":null,"readonlyForAgent":null,"readonlyForSupervisor":null,"localisation":[{"label":"Ordre d'affichage","value":"","locale":"fr_FR"}]}],"hits":[{"locale":"fr_FR","hits":483}],"ranks":[{"locale":"fr_FR","rank":1.5018726591760299,"count":534}],"contacts":{"uri":"/selfcnil/api/configuration/site/document/464/contacts"},"relatedDocuments":{"uri":"/selfcnil/api/configuration/site/document/464/relatedDocuments"},"attachments":{"uri":"/selfcnil/api/configuration/site/document/464/attachments"},"path":[{"id":"12","uri":"/selfcnil/api/configuration/site/documentGroup/12"},{"id":"65","uri":"/selfcnil/api/configuration/site/documentGroup/65"},{"id":"72","uri":"/selfcnil/api/configuration/site/documentGroup/72"}],"parentGroup":{"id":"72","uri":"/selfcnil/api/configuration/site/documentGroup/72"},"publicationStatus":"None"}