{"id":"468","uri":"/selfcnil/api/configuration/site/document/468","names":[{"name":"Numéro de sécurité sociale (NIR) des enfants en école primaire : une mairie peut-elle le demander ?","locale":"fr_FR"}],"metadata":[{"locale":"fr_FR","name":"description","property":null,"content":"NIR, école, mairie, élèves, enfants, mineur, rentrée, formulaire"}],"content":{"uri":"/selfcnil/api/configuration/site/document/468/content"},"creator":{"uri":"/selfcnil/api/configuration/site/document/468/creator"},"creationDate":1433863564000,"lastModifier":{"uri":"/selfcnil/api/configuration/site/document/468/lastModifier"},"lastModificationDate":1505290049000,"fields":[{"name":"Description","value":null,"fieldType":"TEXT","fieldOrder":null,"fieldLength":null,"listOfValueId":null,"visibleByAgent":null,"visibleBySupervisor":null,"visibleByExternalSpecialist":null,"mandatoryForAgent":null,"mandatoryForSupervisor":null,"readonlyForAgent":null,"readonlyForSupervisor":null,"localisation":[{"label":"Description","value":"NIR, école, mairie, élèves, enfants, mineur, rentrée, formulaire","locale":"fr_FR"}]},{"name":"OrderTemplate","value":"","fieldType":"STRING","fieldOrder":null,"fieldLength":null,"listOfValueId":null,"visibleByAgent":null,"visibleBySupervisor":null,"visibleByExternalSpecialist":null,"mandatoryForAgent":null,"mandatoryForSupervisor":null,"readonlyForAgent":null,"readonlyForSupervisor":null,"localisation":[{"label":"Ordre d'affichage","value":"","locale":"fr_FR"}]}],"hits":[{"locale":"fr_FR","hits":75}],"ranks":[{"locale":"fr_FR","rank":1.596774193548387,"count":62}],"contacts":{"uri":"/selfcnil/api/configuration/site/document/468/contacts"},"relatedDocuments":{"uri":"/selfcnil/api/configuration/site/document/468/relatedDocuments"},"attachments":{"uri":"/selfcnil/api/configuration/site/document/468/attachments"},"path":[{"id":"12","uri":"/selfcnil/api/configuration/site/documentGroup/12"},{"id":"49","uri":"/selfcnil/api/configuration/site/documentGroup/49"},{"id":"15","uri":"/selfcnil/api/configuration/site/documentGroup/15"}],"parentGroup":{"id":"15","uri":"/selfcnil/api/configuration/site/documentGroup/15"},"publicationStatus":"None"}