{"id":"469","uri":"/selfcnil/api/configuration/site/document/469","names":[{"name":"Peut-on utiliser le numéro de sécurité sociale (NIR) pour la gestion des ressources humaines ?","locale":"fr_FR"}],"metadata":[{"locale":"fr_FR","name":"description","property":null,"content":"NIR, n° sécu, numéro de sécu, paye, RH, salaires"}],"content":{"uri":"/selfcnil/api/configuration/site/document/469/content"},"creator":{"uri":"/selfcnil/api/configuration/site/document/469/creator"},"creationDate":1433863983000,"lastModifier":{"uri":"/selfcnil/api/configuration/site/document/469/lastModifier"},"lastModificationDate":1527686237000,"fields":[{"name":"Description","value":null,"fieldType":"TEXT","fieldOrder":null,"fieldLength":null,"listOfValueId":null,"visibleByAgent":null,"visibleBySupervisor":null,"visibleByExternalSpecialist":null,"mandatoryForAgent":null,"mandatoryForSupervisor":null,"readonlyForAgent":null,"readonlyForSupervisor":null,"localisation":[{"label":"Description","value":"NIR, n° sécu, numéro de sécu, paye, RH, salaires","locale":"fr_FR"}]},{"name":"OrderTemplate","value":"","fieldType":"STRING","fieldOrder":null,"fieldLength":null,"listOfValueId":null,"visibleByAgent":null,"visibleBySupervisor":null,"visibleByExternalSpecialist":null,"mandatoryForAgent":null,"mandatoryForSupervisor":null,"readonlyForAgent":null,"readonlyForSupervisor":null,"localisation":[{"label":"Ordre d'affichage","value":"","locale":"fr_FR"}]}],"hits":[{"locale":"fr_FR","hits":192}],"ranks":[{"locale":"fr_FR","rank":1.5648535564853556,"count":239}],"contacts":{"uri":"/selfcnil/api/configuration/site/document/469/contacts"},"relatedDocuments":{"uri":"/selfcnil/api/configuration/site/document/469/relatedDocuments"},"attachments":{"uri":"/selfcnil/api/configuration/site/document/469/attachments"},"path":[{"id":"12","uri":"/selfcnil/api/configuration/site/documentGroup/12"},{"id":"49","uri":"/selfcnil/api/configuration/site/documentGroup/49"},{"id":"35","uri":"/selfcnil/api/configuration/site/documentGroup/35"}],"parentGroup":{"id":"35","uri":"/selfcnil/api/configuration/site/documentGroup/35"},"publicationStatus":"None"}