{"id":"469","uri":"/selfcnil/api/configuration/site/document/469/content","contents":[{"locale":"fr_FR","content":"<strong><span style=\"color:#2179c4;\">Non.</span></strong><br />\r\n<br />\r\nPour les fichiers concernant la gestion des ressources humaines (en dehors de la paie), la&nbsp;CNIL&nbsp;considère que cette utilisation n'est <span style=\"color:#2179c4;\"><strong>pas justifiée</strong></span> et qu'elle ne répond à <span style=\"color:#2179c4;\"><strong>aucun impératif </strong></span>d'intérêt général. En effet, les règles de protection des données personnelles imposent que&nbsp;les informations enregistrées dans un fichier soient&nbsp;pertinentes, adéquates et non excessives&nbsp;au regard de l'utilisation qui en sera faite.<br />\r\n<br />\r\nL'utilisation du numéro de sécurité sociale est autorisée dans les secteurs de la santé et de la protection sociale, ce qui <span style=\"color:#2179c4;\"><strong>permet son utilisation pour la paie du personnel</strong></span>&nbsp;par exemple.<br />\r\n&nbsp;","format":"text/html"}]}