{"id":"470","uri":"/selfcnil/api/configuration/site/document/470","names":[{"name":"Les MDPH peuvent-elles utiliser le numéro de sécurité sociale des personnes qui déposent un dossier ?","locale":"fr_FR"}],"metadata":[{"locale":"fr_FR","name":"description","property":null,"content":"maison départementale, MDPH, handicap, NIR, n° sécu, n° INSEE, numéro de sécu"}],"content":{"uri":"/selfcnil/api/configuration/site/document/470/content"},"creator":{"uri":"/selfcnil/api/configuration/site/document/470/creator"},"creationDate":1433864308000,"lastModifier":null,"lastModificationDate":1434725261000,"fields":[{"name":"Description","value":null,"fieldType":"TEXT","fieldOrder":null,"fieldLength":null,"listOfValueId":null,"visibleByAgent":null,"visibleBySupervisor":null,"visibleByExternalSpecialist":null,"mandatoryForAgent":null,"mandatoryForSupervisor":null,"readonlyForAgent":null,"readonlyForSupervisor":null,"localisation":[{"label":"Description","value":"maison départementale, MDPH, handicap, NIR, n° sécu, n° INSEE, numéro de sécu","locale":"fr_FR"}]},{"name":"OrderTemplate","value":"","fieldType":"STRING","fieldOrder":null,"fieldLength":null,"listOfValueId":null,"visibleByAgent":null,"visibleBySupervisor":null,"visibleByExternalSpecialist":null,"mandatoryForAgent":null,"mandatoryForSupervisor":null,"readonlyForAgent":null,"readonlyForSupervisor":null,"localisation":[{"label":"Ordre d'affichage","value":"","locale":"fr_FR"}]}],"hits":[{"locale":"fr_FR","hits":73}],"ranks":[{"locale":"fr_FR","rank":1.5862068965517242,"count":58}],"contacts":{"uri":"/selfcnil/api/configuration/site/document/470/contacts"},"relatedDocuments":{"uri":"/selfcnil/api/configuration/site/document/470/relatedDocuments"},"attachments":{"uri":"/selfcnil/api/configuration/site/document/470/attachments"},"path":[{"id":"12","uri":"/selfcnil/api/configuration/site/documentGroup/12"},{"id":"65","uri":"/selfcnil/api/configuration/site/documentGroup/65"},{"id":"72","uri":"/selfcnil/api/configuration/site/documentGroup/72"}],"parentGroup":{"id":"72","uri":"/selfcnil/api/configuration/site/documentGroup/72"},"publicationStatus":"None"}