{"id":"470","uri":"/selfcnil/api/configuration/site/document/470/content","contents":[{"locale":"fr_FR","content":"<strong><span style=\"color: rgb(33, 121, 196);\">Oui.</span></strong><br />\r\n<br />\r\nLa loi prévoit que les maisons départementales des personnes handicapées (MDPH) peuvent enregistrer le numéro de sécurité sociale (NIR) des personnes handicapées, ou de leur représentant légal quand il s'agit d'un mineur ou d'un majeur sous tutelle.<br />\r\n<br />\r\nLa CNIL considère que ce numéro peut être utilisé comme identifiant des personnes handicapées et dans le cadre des relations avec les organismes qui interviennent à la suite des décisions de la MDPH : Conseil départemental, Caisse d'allocation familiale, CPAM, etc.<br />\r\n&nbsp;","format":"text/html"}]}