{"id":"471","uri":"/selfcnil/api/configuration/site/document/471","names":[{"name":"Les MDPH peuvent-elles utiliser le numéro de sécurité sociale des personnes qui déposent un dossier ?","locale":"fr_FR"}],"metadata":[{"locale":"fr_FR","name":"description","property":null,"content":"maison départementale, MDPH, handicap, NIR, n° sécu, n° INSEE, numéro de sécu"}],"content":{"uri":"/selfcnil/api/configuration/site/document/471/content"},"creator":{"uri":"/selfcnil/api/configuration/site/document/471/creator"},"creationDate":1433864413000,"lastModifier":{"uri":"/selfcnil/api/configuration/site/document/471/lastModifier"},"lastModificationDate":1455724678000,"fields":[{"name":"Description","value":null,"fieldType":"TEXT","fieldOrder":null,"fieldLength":null,"listOfValueId":null,"visibleByAgent":null,"visibleBySupervisor":null,"visibleByExternalSpecialist":null,"mandatoryForAgent":null,"mandatoryForSupervisor":null,"readonlyForAgent":null,"readonlyForSupervisor":null,"localisation":[{"label":"Description","value":"maison départementale, MDPH, handicap, NIR, n° sécu, n° INSEE, numéro de sécu","locale":"fr_FR"}]},{"name":"OrderTemplate","value":"","fieldType":"STRING","fieldOrder":null,"fieldLength":null,"listOfValueId":null,"visibleByAgent":null,"visibleBySupervisor":null,"visibleByExternalSpecialist":null,"mandatoryForAgent":null,"mandatoryForSupervisor":null,"readonlyForAgent":null,"readonlyForSupervisor":null,"localisation":[{"label":"Ordre d'affichage","value":"","locale":"fr_FR"}]}],"hits":[{"locale":"fr_FR","hits":73}],"ranks":[{"locale":"fr_FR","rank":1.5441176470588236,"count":68}],"contacts":{"uri":"/selfcnil/api/configuration/site/document/471/contacts"},"relatedDocuments":{"uri":"/selfcnil/api/configuration/site/document/471/relatedDocuments"},"attachments":{"uri":"/selfcnil/api/configuration/site/document/471/attachments"},"path":[{"id":"12","uri":"/selfcnil/api/configuration/site/documentGroup/12"},{"id":"49","uri":"/selfcnil/api/configuration/site/documentGroup/49"},{"id":"48","uri":"/selfcnil/api/configuration/site/documentGroup/48"}],"parentGroup":{"id":"48","uri":"/selfcnil/api/configuration/site/documentGroup/48"},"publicationStatus":"None"}