{"id":"472","uri":"/selfcnil/api/configuration/site/document/472/content","contents":[{"locale":"fr_FR","content":"Les médecins et les responsables de laboratoires d'analyses médicales ont obligation de déclarer aux agences régionales de santé (ARS) certaines maladies graves ou contagieuses, pour lutter contre&nbsp; les risques d'épidémie.<br />\r\n<br />\r\nCes maladies sont au nombre de 31, dont la diphtérie, la légionellose, le paludisme, la rage, la rougeole, la tuberculose, l'hépatite B, le tétanos, le VIH (Sida), etc.<br />\r\n<br />\r\nCette déclaration est faite de façon <span style=\"color:#2179c4;\"><strong>anonyme</strong></span>.<br />\r\n<br />\r\n<strong><span style=\"color: rgb(255, 81, 34);\">A noter</span></strong> : les centres de dépistage anonymes et gratuits du VIH (CDAG) ne sont pas soumis à cette obligation de déclaration.<br />\r\n<br />\r\n<span style=\"color: rgb(255, 81, 34);\"><strong>Pour en savoir plus</strong></span>&nbsp;:&nbsp;<a href=\"http://vosdroits.service-public.fr/professionnels-entreprises/F981.xhtml\" target=\"_blank\">Les maladies à déclaration obligatoire</a>","format":"text/html"}]}