{"id":"473","uri":"/selfcnil/api/configuration/site/document/473","names":[{"name":"Maladies à déclaration obligatoire:  l'anonymat est-il garanti ?","locale":"fr_FR"}],"metadata":[{"locale":"fr_FR","name":"description","property":null,"content":"données de santé, secret médical, maladies, transmission obligatoire, déclaration obligatoire, autorité sanitaire, ARS, information préalable, patient, personne"}],"content":{"uri":"/selfcnil/api/configuration/site/document/473/content"},"creator":{"uri":"/selfcnil/api/configuration/site/document/473/creator"},"creationDate":1433866354000,"lastModifier":{"uri":"/selfcnil/api/configuration/site/document/473/lastModifier"},"lastModificationDate":1434538756000,"fields":[{"name":"Description","value":null,"fieldType":"TEXT","fieldOrder":null,"fieldLength":null,"listOfValueId":null,"visibleByAgent":null,"visibleBySupervisor":null,"visibleByExternalSpecialist":null,"mandatoryForAgent":null,"mandatoryForSupervisor":null,"readonlyForAgent":null,"readonlyForSupervisor":null,"localisation":[{"label":"Description","value":"données de santé, secret médical, maladies, transmission obligatoire, déclaration obligatoire, autorité sanitaire, ARS, information préalable, patient, personne","locale":"fr_FR"}]},{"name":"OrderTemplate","value":"","fieldType":"STRING","fieldOrder":null,"fieldLength":null,"listOfValueId":null,"visibleByAgent":null,"visibleBySupervisor":null,"visibleByExternalSpecialist":null,"mandatoryForAgent":null,"mandatoryForSupervisor":null,"readonlyForAgent":null,"readonlyForSupervisor":null,"localisation":[{"label":"Ordre d'affichage","value":"","locale":"fr_FR"}]}],"hits":[{"locale":"fr_FR","hits":154}],"ranks":[{"locale":"fr_FR","rank":1.4109589041095891,"count":73}],"contacts":{"uri":"/selfcnil/api/configuration/site/document/473/contacts"},"relatedDocuments":{"uri":"/selfcnil/api/configuration/site/document/473/relatedDocuments"},"attachments":{"uri":"/selfcnil/api/configuration/site/document/473/attachments"},"path":[{"id":"12","uri":"/selfcnil/api/configuration/site/documentGroup/12"},{"id":"65","uri":"/selfcnil/api/configuration/site/documentGroup/65"},{"id":"72","uri":"/selfcnil/api/configuration/site/documentGroup/72"}],"parentGroup":{"id":"72","uri":"/selfcnil/api/configuration/site/documentGroup/72"},"publicationStatus":"None"}