{"id":"473","uri":"/selfcnil/api/configuration/site/document/473/content","contents":[{"locale":"fr_FR","content":"<strong><span style=\"color:#2179c4;\">Oui.</span></strong><br />\r\n<br />\r\nLa notification des maladies à déclaration obligatoire aux agences régionales de santé est <span style=\"color:#2179c4;\"><strong>anonyme</strong></span>.<br />\r\n<br />\r\nLe patient est identifié par un numéro. Il est donc impossible de connaître son identité. Les médecins et les laboratoires disposent d'un même logiciel d'anonymisation qu'ils doivent obligatoirement utiliser pour cette déclaration.<br />\r\n<br />\r\nLa liste des correspondances entre les notifications et les patients concernés doit être conservée, de façon confidentielle, pendant 12 mois, afin de permettre les contrôles nécessaires et éventuellement le droit d'accès de ces personnes. Elle doit ensuite être détruite.","format":"text/html"}]}