{"id":"474","uri":"/selfcnil/api/configuration/site/document/474","names":[{"name":"Maladie à déclaration obligatoire : suis-je informé du signalement aux autorités sanitaires ?","locale":"fr_FR"}],"metadata":[{"locale":"fr_FR","name":"description","property":null,"content":"données de santé, secret médical, maladies, transmission obligatoire, déclaration obligatoire, autorité sanitaire, ARS, information préalable, patient, personne, INVS"}],"content":{"uri":"/selfcnil/api/configuration/site/document/474/content"},"creator":{"uri":"/selfcnil/api/configuration/site/document/474/creator"},"creationDate":1433866908000,"lastModifier":null,"lastModificationDate":1434725377000,"fields":[{"name":"Description","value":null,"fieldType":"TEXT","fieldOrder":null,"fieldLength":null,"listOfValueId":null,"visibleByAgent":null,"visibleBySupervisor":null,"visibleByExternalSpecialist":null,"mandatoryForAgent":null,"mandatoryForSupervisor":null,"readonlyForAgent":null,"readonlyForSupervisor":null,"localisation":[{"label":"Description","value":"données de santé, secret médical, maladies, transmission obligatoire, déclaration obligatoire, autorité sanitaire, ARS, information préalable, patient, personne, INVS","locale":"fr_FR"}]},{"name":"OrderTemplate","value":"","fieldType":"STRING","fieldOrder":null,"fieldLength":null,"listOfValueId":null,"visibleByAgent":null,"visibleBySupervisor":null,"visibleByExternalSpecialist":null,"mandatoryForAgent":null,"mandatoryForSupervisor":null,"readonlyForAgent":null,"readonlyForSupervisor":null,"localisation":[{"label":"Ordre d'affichage","value":"","locale":"fr_FR"}]}],"hits":[{"locale":"fr_FR","hits":76}],"ranks":[{"locale":"fr_FR","rank":1.45,"count":60}],"contacts":{"uri":"/selfcnil/api/configuration/site/document/474/contacts"},"relatedDocuments":{"uri":"/selfcnil/api/configuration/site/document/474/relatedDocuments"},"attachments":{"uri":"/selfcnil/api/configuration/site/document/474/attachments"},"path":[{"id":"12","uri":"/selfcnil/api/configuration/site/documentGroup/12"},{"id":"65","uri":"/selfcnil/api/configuration/site/documentGroup/65"},{"id":"72","uri":"/selfcnil/api/configuration/site/documentGroup/72"}],"parentGroup":{"id":"72","uri":"/selfcnil/api/configuration/site/documentGroup/72"},"publicationStatus":"None"}