{"id":"475","uri":"/selfcnil/api/configuration/site/document/475/content","contents":[{"locale":"fr_FR","content":"<strong><span style=\"color:#2179c4;\">Oui.</span></strong><br />\r\n<br />\r\nLe médecin ou le laboratoire qui signale une maladie à déclaration obligatoire doit en informer la personne concernée. Il doit notamment lui&nbsp;préciser quelles informations seront transmises aux autorités sanitaires et le caractère anonyme de la transmission.<br />\r\n<br />\r\nUn dépliant d'information fourni par l'institut de veille sanitaire (INVS) doit également être remis au patient.","format":"text/html"}]}