{"id":"476","uri":"/selfcnil/api/configuration/site/document/476","names":[{"name":"Télémédecine : dois-je donner mon accord ?","locale":"fr_FR"}],"metadata":[{"locale":"fr_FR","name":"description","property":null,"content":"données de santé, médecine, télémédecine, télésanté, médecine à distance, consentement, accord, opposition, information préalable, assistance médicale"}],"content":{"uri":"/selfcnil/api/configuration/site/document/476/content"},"creator":{"uri":"/selfcnil/api/configuration/site/document/476/creator"},"creationDate":1433926605000,"lastModifier":null,"lastModificationDate":1434725593000,"fields":[{"name":"Description","value":null,"fieldType":"TEXT","fieldOrder":null,"fieldLength":null,"listOfValueId":null,"visibleByAgent":null,"visibleBySupervisor":null,"visibleByExternalSpecialist":null,"mandatoryForAgent":null,"mandatoryForSupervisor":null,"readonlyForAgent":null,"readonlyForSupervisor":null,"localisation":[{"label":"Description","value":"données de santé, médecine, télémédecine, télésanté, médecine à distance, consentement, accord, opposition, information préalable, assistance médicale","locale":"fr_FR"}]},{"name":"OrderTemplate","value":"","fieldType":"STRING","fieldOrder":null,"fieldLength":null,"listOfValueId":null,"visibleByAgent":null,"visibleBySupervisor":null,"visibleByExternalSpecialist":null,"mandatoryForAgent":null,"mandatoryForSupervisor":null,"readonlyForAgent":null,"readonlyForSupervisor":null,"localisation":[{"label":"Ordre d'affichage","value":"","locale":"fr_FR"}]}],"hits":[{"locale":"fr_FR","hits":75}],"ranks":[{"locale":"fr_FR","rank":1.5416666666666667,"count":48}],"contacts":{"uri":"/selfcnil/api/configuration/site/document/476/contacts"},"relatedDocuments":{"uri":"/selfcnil/api/configuration/site/document/476/relatedDocuments"},"attachments":{"uri":"/selfcnil/api/configuration/site/document/476/attachments"},"path":[{"id":"12","uri":"/selfcnil/api/configuration/site/documentGroup/12"},{"id":"65","uri":"/selfcnil/api/configuration/site/documentGroup/65"},{"id":"72","uri":"/selfcnil/api/configuration/site/documentGroup/72"}],"parentGroup":{"id":"72","uri":"/selfcnil/api/configuration/site/documentGroup/72"},"publicationStatus":"None"}