{"id":"476","uri":"/selfcnil/api/configuration/site/document/476/content","contents":[{"locale":"fr_FR","content":"<strong><span style=\"color: rgb(33, 121, 196);\">Oui.</span></strong><br />\r\n<br />\r\nLes actes de télémédecine (consultation médicale à distance via un ordinateur, appel à un médecin expert extérieur, etc.&nbsp;)&nbsp;ne doivent être réalisés qu'avec<strong><span style=\"color: rgb(33, 121, 196);\"> votre consentement libre et éclairé</span></strong>.<br />\r\n<br />\r\nAvant de donner votre accord, vous devez recevoir une information préalable sur les traitements et les actes à réaliser en télémédecine.","format":"text/html"}]}