{"id":"477","uri":"/selfcnil/api/configuration/site/document/477","names":[{"name":"Télémédecine : faut-il l'accord du patient ?","locale":"fr_FR"}],"metadata":[{"locale":"fr_FR","name":"description","property":null,"content":"données de santé, médecine, télémédecine, télésanté, médecine à distance, consentement, accord, opposition, information préalable, assistance médicale"}],"content":{"uri":"/selfcnil/api/configuration/site/document/477/content"},"creator":{"uri":"/selfcnil/api/configuration/site/document/477/creator"},"creationDate":1433927624000,"lastModifier":{"uri":"/selfcnil/api/configuration/site/document/477/lastModifier"},"lastModificationDate":1434725595000,"fields":[{"name":"Description","value":null,"fieldType":"TEXT","fieldOrder":null,"fieldLength":null,"listOfValueId":null,"visibleByAgent":null,"visibleBySupervisor":null,"visibleByExternalSpecialist":null,"mandatoryForAgent":null,"mandatoryForSupervisor":null,"readonlyForAgent":null,"readonlyForSupervisor":null,"localisation":[{"label":"Description","value":"données de santé, médecine, télémédecine, télésanté, médecine à distance, consentement, accord, opposition, information préalable, assistance médicale","locale":"fr_FR"}]},{"name":"OrderTemplate","value":"","fieldType":"STRING","fieldOrder":null,"fieldLength":null,"listOfValueId":null,"visibleByAgent":null,"visibleBySupervisor":null,"visibleByExternalSpecialist":null,"mandatoryForAgent":null,"mandatoryForSupervisor":null,"readonlyForAgent":null,"readonlyForSupervisor":null,"localisation":[{"label":"Ordre d'affichage","value":"","locale":"fr_FR"}]}],"hits":[{"locale":"fr_FR","hits":117}],"ranks":[{"locale":"fr_FR","rank":1.513157894736842,"count":76}],"contacts":{"uri":"/selfcnil/api/configuration/site/document/477/contacts"},"relatedDocuments":{"uri":"/selfcnil/api/configuration/site/document/477/relatedDocuments"},"attachments":{"uri":"/selfcnil/api/configuration/site/document/477/attachments"},"path":[{"id":"12","uri":"/selfcnil/api/configuration/site/documentGroup/12"},{"id":"49","uri":"/selfcnil/api/configuration/site/documentGroup/49"},{"id":"48","uri":"/selfcnil/api/configuration/site/documentGroup/48"}],"parentGroup":{"id":"48","uri":"/selfcnil/api/configuration/site/documentGroup/48"},"publicationStatus":"None"}