{"id":"477","uri":"/selfcnil/api/configuration/site/document/477/content","contents":[{"locale":"fr_FR","content":"<strong><span style=\"color:#2179c4;\">Oui.</span></strong><br />\r\n<br />\r\nLes actes de télémédecine (consultation médicale à distance via un ordinateur, appel à un médecin expert extérieur ect.&nbsp;)&nbsp;ne doivent être réalisés qu'avec <span style=\"color:#2179c4;\"><strong>le consentement libre et éclairé du patient</strong></span>.<br />\r\n<br />\r\nAvant de donner son accord, celui-ci&nbsp;doit recevoir une information préalable sur les traitements et les actes à réaliser en télémédecine.","format":"text/html"}]}