{"id":"478","uri":"/selfcnil/api/configuration/site/document/478/content","contents":[{"locale":"fr_FR","content":"<strong><span style=\"color: rgb(33, 121, 196);\">Oui.</span></strong><br />\r\n<br />\r\nLes professionnels de santé (médecins, infirmiers, etc.) participant à un acte de télémédecine peuvent échanger des informations sur vous, <span style=\"color: rgb(33, 121, 196);\"><strong>sauf opposition</strong></span> de votre part.<br />\r\n<br />\r\nVous devez&nbsp;avoir été informé au préalable de l'utilisation de la télémédecine et des actes ou examens médicaux qui seront réalisés de cette façon.","format":"text/html"}]}