{"id":"479","uri":"/selfcnil/api/configuration/site/document/479/content","contents":[{"locale":"fr_FR","content":"<span style=\"color:#2179c4;\"><strong>Oui.</strong></span><br />\r\n<br />\r\nLes professionnels de santé (médecins, infirmiers etc.) participant à un acte de télémédecine peuvent échanger des informations sur le patient, <span style=\"color:#2179c4;\"><strong>sauf opposition</strong></span> de celui-ci.<br />\r\n<br />\r\nLe patient doit avoir été informé au préalable de l'utilisation de la télémédecine et des actes ou examens médicaux qui seront réalisés de cette façon.","format":"text/html"}]}