{"id":"481","uri":"/selfcnil/api/configuration/site/document/481","names":[{"name":"Télémédecine : quelles formalités à la CNIL ?","locale":"fr_FR"}],"metadata":[{"locale":"fr_FR","name":"description","property":null,"content":"données de santé, médecine, télémédecine, télésanté, médecine à distance, consultation médicale, assistance médicale, formalité, autorisation"}],"content":{"uri":"/selfcnil/api/configuration/site/document/481/content"},"creator":{"uri":"/selfcnil/api/configuration/site/document/481/creator"},"creationDate":1433930857000,"lastModifier":null,"lastModificationDate":1506693451000,"fields":[{"name":"Description","value":null,"fieldType":"TEXT","fieldOrder":null,"fieldLength":null,"listOfValueId":null,"visibleByAgent":null,"visibleBySupervisor":null,"visibleByExternalSpecialist":null,"mandatoryForAgent":null,"mandatoryForSupervisor":null,"readonlyForAgent":null,"readonlyForSupervisor":null,"localisation":[{"label":"Description","value":"données de santé, médecine, télémédecine, télésanté, médecine à distance, consultation médicale, assistance médicale, formalité, autorisation","locale":"fr_FR"}]},{"name":"OrderTemplate","value":"","fieldType":"STRING","fieldOrder":null,"fieldLength":null,"listOfValueId":null,"visibleByAgent":null,"visibleBySupervisor":null,"visibleByExternalSpecialist":null,"mandatoryForAgent":null,"mandatoryForSupervisor":null,"readonlyForAgent":null,"readonlyForSupervisor":null,"localisation":[{"label":"Ordre d'affichage","value":"","locale":"fr_FR"}]}],"hits":[{"locale":"fr_FR","hits":191}],"ranks":[{"locale":"fr_FR","rank":1.4111111111111112,"count":90}],"contacts":{"uri":"/selfcnil/api/configuration/site/document/481/contacts"},"relatedDocuments":{"uri":"/selfcnil/api/configuration/site/document/481/relatedDocuments"},"attachments":{"uri":"/selfcnil/api/configuration/site/document/481/attachments"},"path":[{"id":"12","uri":"/selfcnil/api/configuration/site/documentGroup/12"},{"id":"49","uri":"/selfcnil/api/configuration/site/documentGroup/49"},{"id":"48","uri":"/selfcnil/api/configuration/site/documentGroup/48"}],"parentGroup":{"id":"48","uri":"/selfcnil/api/configuration/site/documentGroup/48"},"publicationStatus":"None"}