{"id":"482","uri":"/selfcnil/api/configuration/site/document/482","names":[{"name":"Combien de temps une crèche peut-elle conserver des informations sur vous et vos enfants ?","locale":"fr_FR"}],"metadata":[{"locale":"fr_FR","name":"description","property":null,"content":"délai, durée, conservation, information, enfant, famille, parent, fichier, crèche, accueil, jeune enfant, petite enfance, bébé, anonymisation"}],"content":{"uri":"/selfcnil/api/configuration/site/document/482/content"},"creator":{"uri":"/selfcnil/api/configuration/site/document/482/creator"},"creationDate":1433937097000,"lastModifier":{"uri":"/selfcnil/api/configuration/site/document/482/lastModifier"},"lastModificationDate":1434719740000,"fields":[{"name":"Description","value":null,"fieldType":"TEXT","fieldOrder":null,"fieldLength":null,"listOfValueId":null,"visibleByAgent":null,"visibleBySupervisor":null,"visibleByExternalSpecialist":null,"mandatoryForAgent":null,"mandatoryForSupervisor":null,"readonlyForAgent":null,"readonlyForSupervisor":null,"localisation":[{"label":"Description","value":"délai, durée, conservation, information, enfant, famille, parent, fichier, crèche, accueil, jeune enfant, petite enfance, bébé, anonymisation ","locale":"fr_FR"}]},{"name":"OrderTemplate","value":"","fieldType":"STRING","fieldOrder":null,"fieldLength":null,"listOfValueId":null,"visibleByAgent":null,"visibleBySupervisor":null,"visibleByExternalSpecialist":null,"mandatoryForAgent":null,"mandatoryForSupervisor":null,"readonlyForAgent":null,"readonlyForSupervisor":null,"localisation":[{"label":"Ordre d'affichage","value":"","locale":"fr_FR"}]}],"hits":[{"locale":"fr_FR","hits":186}],"ranks":[{"locale":"fr_FR","rank":1.5178571428571428,"count":56}],"contacts":{"uri":"/selfcnil/api/configuration/site/document/482/contacts"},"relatedDocuments":{"uri":"/selfcnil/api/configuration/site/document/482/relatedDocuments"},"attachments":{"uri":"/selfcnil/api/configuration/site/document/482/attachments"},"path":[{"id":"12","uri":"/selfcnil/api/configuration/site/documentGroup/12"},{"id":"65","uri":"/selfcnil/api/configuration/site/documentGroup/65"},{"id":"82","uri":"/selfcnil/api/configuration/site/documentGroup/82"}],"parentGroup":{"id":"82","uri":"/selfcnil/api/configuration/site/documentGroup/82"},"publicationStatus":"None"}