{"id":"483","uri":"/selfcnil/api/configuration/site/document/483/content","contents":[{"locale":"fr_FR","content":"Les crèches et les autres structures d'accueil de jeunes enfants sont amenées à enregistrer dans leur logiciel de gestion des informations personnelles sur les enfants accueillis et sur leurs parents.<br />\r\n<br />\r\nLa durée de conservation de ces informations ne doit pas dépasser la durée nécessaire aux finalités pour lesquelles ces informations sont collectées et traitées.<br />\r\n<br />\r\nDans le cas de l'accueil de jeunes enfants, la CNIL recommande que ces informations soient effacées&nbsp;<strong><span style=\"color: rgb(33, 121, 196);\">au plus tard trois ans après leur départ</span></strong>. Au-delà de ce délai, elles ne peuvent être conservées que de manière anonymisée, dans un but statistique par exemple.","format":"text/html"}]}