{"id":"484","uri":"/selfcnil/api/configuration/site/document/484","names":[{"name":"Un travailleur social peut-il partager des informations sur vous avec d'autres professionnels ?","locale":"fr_FR"}],"metadata":[{"locale":"fr_FR","name":"description","property":null,"content":"secret professionnel, action sociale, aide sociale, assistante sociale, travailleur social, échange, partage, secret partagé"}],"content":{"uri":"/selfcnil/api/configuration/site/document/484/content"},"creator":{"uri":"/selfcnil/api/configuration/site/document/484/creator"},"creationDate":1433938239000,"lastModifier":{"uri":"/selfcnil/api/configuration/site/document/484/lastModifier"},"lastModificationDate":1435242797000,"fields":[{"name":"Description","value":null,"fieldType":"TEXT","fieldOrder":null,"fieldLength":null,"listOfValueId":null,"visibleByAgent":null,"visibleBySupervisor":null,"visibleByExternalSpecialist":null,"mandatoryForAgent":null,"mandatoryForSupervisor":null,"readonlyForAgent":null,"readonlyForSupervisor":null,"localisation":[{"label":"Description","value":"secret professionnel, action sociale, aide sociale, assistante sociale, travailleur social, échange, partage, secret partagé","locale":"fr_FR"}]},{"name":"OrderTemplate","value":"","fieldType":"STRING","fieldOrder":null,"fieldLength":null,"listOfValueId":null,"visibleByAgent":null,"visibleBySupervisor":null,"visibleByExternalSpecialist":null,"mandatoryForAgent":null,"mandatoryForSupervisor":null,"readonlyForAgent":null,"readonlyForSupervisor":null,"localisation":[{"label":"Ordre d'affichage","value":"","locale":"fr_FR"}]}],"hits":[{"locale":"fr_FR","hits":57}],"ranks":[{"locale":"fr_FR","rank":1.4857142857142858,"count":70}],"contacts":{"uri":"/selfcnil/api/configuration/site/document/484/contacts"},"relatedDocuments":{"uri":"/selfcnil/api/configuration/site/document/484/relatedDocuments"},"attachments":{"uri":"/selfcnil/api/configuration/site/document/484/attachments"},"path":[{"id":"12","uri":"/selfcnil/api/configuration/site/documentGroup/12"},{"id":"65","uri":"/selfcnil/api/configuration/site/documentGroup/65"},{"id":"72","uri":"/selfcnil/api/configuration/site/documentGroup/72"}],"parentGroup":{"id":"72","uri":"/selfcnil/api/configuration/site/documentGroup/72"},"publicationStatus":"None"}