{"id":"485","uri":"/selfcnil/api/configuration/site/document/485","names":[{"name":"Un travailleur social peut-il partager des informations sur un usager avec d'autres professionnels ?","locale":"fr_FR"}],"metadata":[{"locale":"fr_FR","name":"description","property":null,"content":"secret professionnel, action sociale, aide sociale, assistante sociale, travailleur social, échange, partage, secret partagé"}],"content":{"uri":"/selfcnil/api/configuration/site/document/485/content"},"creator":{"uri":"/selfcnil/api/configuration/site/document/485/creator"},"creationDate":1433940621000,"lastModifier":{"uri":"/selfcnil/api/configuration/site/document/485/lastModifier"},"lastModificationDate":1434726194000,"fields":[{"name":"Description","value":null,"fieldType":"TEXT","fieldOrder":null,"fieldLength":null,"listOfValueId":null,"visibleByAgent":null,"visibleBySupervisor":null,"visibleByExternalSpecialist":null,"mandatoryForAgent":null,"mandatoryForSupervisor":null,"readonlyForAgent":null,"readonlyForSupervisor":null,"localisation":[{"label":"Description","value":"secret professionnel, action sociale, aide sociale, assistante sociale, travailleur social, échange, partage, secret partagé","locale":"fr_FR"}]},{"name":"OrderTemplate","value":"","fieldType":"STRING","fieldOrder":null,"fieldLength":null,"listOfValueId":null,"visibleByAgent":null,"visibleBySupervisor":null,"visibleByExternalSpecialist":null,"mandatoryForAgent":null,"mandatoryForSupervisor":null,"readonlyForAgent":null,"readonlyForSupervisor":null,"localisation":[{"label":"Ordre d'affichage","value":"","locale":"fr_FR"}]}],"hits":[{"locale":"fr_FR","hits":104}],"ranks":[{"locale":"fr_FR","rank":1.4952380952380953,"count":105}],"contacts":{"uri":"/selfcnil/api/configuration/site/document/485/contacts"},"relatedDocuments":{"uri":"/selfcnil/api/configuration/site/document/485/relatedDocuments"},"attachments":{"uri":"/selfcnil/api/configuration/site/document/485/attachments"},"path":[{"id":"12","uri":"/selfcnil/api/configuration/site/documentGroup/12"},{"id":"49","uri":"/selfcnil/api/configuration/site/documentGroup/49"},{"id":"48","uri":"/selfcnil/api/configuration/site/documentGroup/48"}],"parentGroup":{"id":"48","uri":"/selfcnil/api/configuration/site/documentGroup/48"},"publicationStatus":"None"}