{"id":"486","uri":"/selfcnil/api/configuration/site/document/486","names":[{"name":"Quelles informations un centre social ou socioculturel peut-il demander aux familles ?","locale":"fr_FR"}],"metadata":[{"locale":"fr_FR","name":"description","property":null,"content":"famille, ressources, revenu, centre social, information, CCAS"}],"content":{"uri":"/selfcnil/api/configuration/site/document/486/content"},"creator":{"uri":"/selfcnil/api/configuration/site/document/486/creator"},"creationDate":1433943330000,"lastModifier":{"uri":"/selfcnil/api/configuration/site/document/486/lastModifier"},"lastModificationDate":1455724788000,"fields":[{"name":"Description","value":null,"fieldType":"TEXT","fieldOrder":null,"fieldLength":null,"listOfValueId":null,"visibleByAgent":null,"visibleBySupervisor":null,"visibleByExternalSpecialist":null,"mandatoryForAgent":null,"mandatoryForSupervisor":null,"readonlyForAgent":null,"readonlyForSupervisor":null,"localisation":[{"label":"Description","value":"famille, ressources, revenu, centre social, information, CCAS","locale":"fr_FR"}]},{"name":"OrderTemplate","value":"","fieldType":"STRING","fieldOrder":null,"fieldLength":null,"listOfValueId":null,"visibleByAgent":null,"visibleBySupervisor":null,"visibleByExternalSpecialist":null,"mandatoryForAgent":null,"mandatoryForSupervisor":null,"readonlyForAgent":null,"readonlyForSupervisor":null,"localisation":[{"label":"Ordre d'affichage","value":"","locale":"fr_FR"}]}],"hits":[{"locale":"fr_FR","hits":29}],"ranks":[{"locale":"fr_FR","rank":1.456140350877193,"count":57}],"contacts":{"uri":"/selfcnil/api/configuration/site/document/486/contacts"},"relatedDocuments":{"uri":"/selfcnil/api/configuration/site/document/486/relatedDocuments"},"attachments":{"uri":"/selfcnil/api/configuration/site/document/486/attachments"},"path":[{"id":"12","uri":"/selfcnil/api/configuration/site/documentGroup/12"},{"id":"49","uri":"/selfcnil/api/configuration/site/documentGroup/49"},{"id":"48","uri":"/selfcnil/api/configuration/site/documentGroup/48"}],"parentGroup":{"id":"48","uri":"/selfcnil/api/configuration/site/documentGroup/48"},"publicationStatus":"None"}