{"id":"486","uri":"/selfcnil/api/configuration/site/document/486/content","contents":[{"locale":"fr_FR","content":"Comme le prévoit la loi Informatique et Libertés, les informations sur les enfants et les familles qui participent&nbsp;aux activités des centres sociaux ou socioculturels doivent être pertinentes, adéquates et non excessives par rapport à l'utilisation qui en sera faite.<br />\r\n<br />\r\nPar exemple, la profession des usagers est&nbsp;souvent demandée pour déterminer l'organisme de prestations familiales compétent (CAF, régime agricole, autre régime spécial etc.).<br />\r\nOr, la CNIL rappelle que pour&nbsp;connaître cet organisme compétent, il n'est pas nécessaire de connaître la profession de la personne concernée&nbsp;: il suffit de lui demander directement à quel régime elle est rattachée.<br />\r\n<br />\r\nAutre exemple :&nbsp;il n'est pas indispensable de connaître les revenus des parents pour calculer le tarif applicable à certaines activités. Il suffit de renseigner dans quelle fourchette de revenus ils se situent.","format":"text/html"}]}