{"id":"494","uri":"/selfcnil/api/configuration/site/document/494","names":[{"name":"Un traitement de données à caractère personnel, c'est quoi ?","locale":"fr_FR"}],"metadata":[{"locale":"fr_FR","name":"description","property":null,"content":"principe, traitement, donnée à caractère personnel, fichier, opération, informatique, nominative, traitement automatisé, papier, définition,"}],"content":{"uri":"/selfcnil/api/configuration/site/document/494/content"},"creator":{"uri":"/selfcnil/api/configuration/site/document/494/creator"},"creationDate":1434098725000,"lastModifier":{"uri":"/selfcnil/api/configuration/site/document/494/lastModifier"},"lastModificationDate":1527173073000,"fields":[{"name":"Description","value":null,"fieldType":"TEXT","fieldOrder":null,"fieldLength":null,"listOfValueId":null,"visibleByAgent":null,"visibleBySupervisor":null,"visibleByExternalSpecialist":null,"mandatoryForAgent":null,"mandatoryForSupervisor":null,"readonlyForAgent":null,"readonlyForSupervisor":null,"localisation":[{"label":"Description","value":"principe, traitement, donnée à caractère personnel, fichier, opération, informatique, nominative, traitement automatisé, papier, définition,","locale":"fr_FR"}]},{"name":"OrderTemplate","value":"","fieldType":"STRING","fieldOrder":null,"fieldLength":null,"listOfValueId":null,"visibleByAgent":null,"visibleBySupervisor":null,"visibleByExternalSpecialist":null,"mandatoryForAgent":null,"mandatoryForSupervisor":null,"readonlyForAgent":null,"readonlyForSupervisor":null,"localisation":[{"label":"Ordre d'affichage","value":"","locale":"fr_FR"}]}],"hits":[{"locale":"fr_FR","hits":234}],"ranks":[{"locale":"fr_FR","rank":1.351931330472103,"count":466}],"contacts":{"uri":"/selfcnil/api/configuration/site/document/494/contacts"},"relatedDocuments":{"uri":"/selfcnil/api/configuration/site/document/494/relatedDocuments"},"attachments":{"uri":"/selfcnil/api/configuration/site/document/494/attachments"},"path":[{"id":"12","uri":"/selfcnil/api/configuration/site/documentGroup/12"},{"id":"49","uri":"/selfcnil/api/configuration/site/documentGroup/49"},{"id":"63","uri":"/selfcnil/api/configuration/site/documentGroup/63"}],"parentGroup":{"id":"63","uri":"/selfcnil/api/configuration/site/documentGroup/63"},"publicationStatus":"None"}