{"id":"494","uri":"/selfcnil/api/configuration/site/document/494/content","contents":[{"locale":"fr_FR","content":"C'est&nbsp;<span style=\"color: rgb(33, 121, 196);\"><strong>toute opération portant sur des données personnelles, quel que soit le procédé utilisé.</strong></span>&nbsp;<br />\r\nPar exemple, enregistrer, organiser, conserver, modifier,&nbsp;rapprocher avec d'autres données, transmettre, etc. des données personnelles.<br />\r\n&nbsp;<br />\r\n<strong><span style=\"color: rgb(33, 121, 196);\">Des fichiers mais pas seulement :</span></strong>\r\n<ul>\r\n\t<li>Un traitement n'est donc pas uniquement un fichier, une base de données ou un tableau Excel. Il peut s'agir aussi d'une installation de vidéosurveillance, d'un système de paiement par carte bancaire ou de reconnaissance biométrique, d'une application pour smartphone, etc. ;</li>\r\n\t<li>Des traitements apparaissent et évoluent selon les innovations technologiques.</li>\r\n</ul>\r\n<strong><span style=\"color: rgb(33, 121, 196);\">Informatisés mais pas uniquement :</span></strong>\r\n\r\n<ul>\r\n\t<li>Un traitement de données à caractère personnel peut être informatisé ou non ;</li>\r\n\t<li>Un fichier papier organisé selon un plan de classement, des formulaires papiers nominatifs ou des dossiers de candidatures classés par ordre alphabétique ou chronologique sont aussi des traitements de données personnelles.</li>\r\n</ul>\r\n","format":"text/html"}]}