{"id":"495","uri":"/selfcnil/api/configuration/site/document/495","names":[{"name":"Les données sensibles, c'est quoi ?","locale":"fr_FR"}],"metadata":[{"locale":"fr_FR","name":"description","property":null,"content":"principe, donnée sensible, définition, traitement, interdiction, exception, infractions, autorisation, race, discrimination, syndicat"}],"content":{"uri":"/selfcnil/api/configuration/site/document/495/content"},"creator":{"uri":"/selfcnil/api/configuration/site/document/495/creator"},"creationDate":1434099966000,"lastModifier":{"uri":"/selfcnil/api/configuration/site/document/495/lastModifier"},"lastModificationDate":1557240741000,"fields":[{"name":"Description","value":null,"fieldType":"TEXT","fieldOrder":null,"fieldLength":null,"listOfValueId":null,"visibleByAgent":null,"visibleBySupervisor":null,"visibleByExternalSpecialist":null,"mandatoryForAgent":null,"mandatoryForSupervisor":null,"readonlyForAgent":null,"readonlyForSupervisor":null,"localisation":[{"label":"Description","value":"principe, donnée sensible, définition, traitement, interdiction, exception, infractions, autorisation, race, discrimination, syndicat","locale":"fr_FR"}]},{"name":"OrderTemplate","value":"","fieldType":"STRING","fieldOrder":null,"fieldLength":null,"listOfValueId":null,"visibleByAgent":null,"visibleBySupervisor":null,"visibleByExternalSpecialist":null,"mandatoryForAgent":null,"mandatoryForSupervisor":null,"readonlyForAgent":null,"readonlyForSupervisor":null,"localisation":[{"label":"Ordre d'affichage","value":"","locale":"fr_FR"}]}],"hits":[{"locale":"fr_FR","hits":354}],"ranks":[{"locale":"fr_FR","rank":1.628440366972477,"count":436}],"contacts":{"uri":"/selfcnil/api/configuration/site/document/495/contacts"},"relatedDocuments":{"uri":"/selfcnil/api/configuration/site/document/495/relatedDocuments"},"attachments":{"uri":"/selfcnil/api/configuration/site/document/495/attachments"},"path":[{"id":"12","uri":"/selfcnil/api/configuration/site/documentGroup/12"},{"id":"49","uri":"/selfcnil/api/configuration/site/documentGroup/49"},{"id":"63","uri":"/selfcnil/api/configuration/site/documentGroup/63"}],"parentGroup":{"id":"63","uri":"/selfcnil/api/configuration/site/documentGroup/63"},"publicationStatus":"None"}