{"id":"496","uri":"/selfcnil/api/configuration/site/document/496","names":[{"name":"Quels sont les grands principes des règles de protection des données personnelles ?","locale":"fr_FR"}],"metadata":[{"locale":"fr_FR","name":"description","property":null,"content":"obligations, loi 6 janvier 1978, loi \"Informatique et Libertés\", principes, droits, finalité, pertinence, proportionnalité, durée de conservation, confidentialité, sécurité, principe"}],"content":{"uri":"/selfcnil/api/configuration/site/document/496/content"},"creator":{"uri":"/selfcnil/api/configuration/site/document/496/creator"},"creationDate":1434101663000,"lastModifier":{"uri":"/selfcnil/api/configuration/site/document/496/lastModifier"},"lastModificationDate":1527172327000,"fields":[{"name":"Description","value":null,"fieldType":"TEXT","fieldOrder":null,"fieldLength":null,"listOfValueId":null,"visibleByAgent":null,"visibleBySupervisor":null,"visibleByExternalSpecialist":null,"mandatoryForAgent":null,"mandatoryForSupervisor":null,"readonlyForAgent":null,"readonlyForSupervisor":null,"localisation":[{"label":"Description","value":"obligations,rgpd, gdpr, règlement européen , principes, droits, finalité, pertinence, proportionnalité, durée de conservation, confidentialité, sécurité, principe","locale":"fr_FR"}]},{"name":"OrderTemplate","value":"","fieldType":"STRING","fieldOrder":null,"fieldLength":null,"listOfValueId":null,"visibleByAgent":null,"visibleBySupervisor":null,"visibleByExternalSpecialist":null,"mandatoryForAgent":null,"mandatoryForSupervisor":null,"readonlyForAgent":null,"readonlyForSupervisor":null,"localisation":[{"label":"Ordre d'affichage","value":"","locale":"fr_FR"}]}],"hits":[{"locale":"fr_FR","hits":365}],"ranks":[{"locale":"fr_FR","rank":1.3737704918032787,"count":305}],"contacts":{"uri":"/selfcnil/api/configuration/site/document/496/contacts"},"relatedDocuments":{"uri":"/selfcnil/api/configuration/site/document/496/relatedDocuments"},"attachments":{"uri":"/selfcnil/api/configuration/site/document/496/attachments"},"path":[{"id":"12","uri":"/selfcnil/api/configuration/site/documentGroup/12"},{"id":"49","uri":"/selfcnil/api/configuration/site/documentGroup/49"},{"id":"63","uri":"/selfcnil/api/configuration/site/documentGroup/63"}],"parentGroup":{"id":"63","uri":"/selfcnil/api/configuration/site/documentGroup/63"},"publicationStatus":"None"}