{"id":"500","uri":"/selfcnil/api/configuration/site/document/500","names":[{"name":"Transférer des données personnelles hors de l'Union Européenne, c'est possible ?","locale":"fr_FR"}],"metadata":[{"locale":"fr_FR","name":"description","property":null,"content":"transfert, Union européenne, étranger, pays, protection, niveau, encadrement, adéquat, équivalent, safe harbor, UE, privacy shield, CCT, BCR"}],"content":{"uri":"/selfcnil/api/configuration/site/document/500/content"},"creator":{"uri":"/selfcnil/api/configuration/site/document/500/creator"},"creationDate":1434115834000,"lastModifier":{"uri":"/selfcnil/api/configuration/site/document/500/lastModifier"},"lastModificationDate":1527161902000,"fields":[{"name":"Description","value":null,"fieldType":"TEXT","fieldOrder":null,"fieldLength":null,"listOfValueId":null,"visibleByAgent":null,"visibleBySupervisor":null,"visibleByExternalSpecialist":null,"mandatoryForAgent":null,"mandatoryForSupervisor":null,"readonlyForAgent":null,"readonlyForSupervisor":null,"localisation":[{"label":"Description","value":"transfert, Union européenne, étranger, pays, protection, niveau, encadrement, adéquat, équivalent, safe harbor, UE, privacy shield, CCT, BCR","locale":"fr_FR"}]},{"name":"OrderTemplate","value":"","fieldType":"STRING","fieldOrder":null,"fieldLength":null,"listOfValueId":null,"visibleByAgent":null,"visibleBySupervisor":null,"visibleByExternalSpecialist":null,"mandatoryForAgent":null,"mandatoryForSupervisor":null,"readonlyForAgent":null,"readonlyForSupervisor":null,"localisation":[{"label":"Ordre d'affichage","value":"","locale":"fr_FR"}]}],"hits":[{"locale":"fr_FR","hits":24}],"ranks":[{"locale":"fr_FR","rank":1.3548387096774193,"count":62}],"contacts":{"uri":"/selfcnil/api/configuration/site/document/500/contacts"},"relatedDocuments":{"uri":"/selfcnil/api/configuration/site/document/500/relatedDocuments"},"attachments":{"uri":"/selfcnil/api/configuration/site/document/500/attachments"},"path":[{"id":"12","uri":"/selfcnil/api/configuration/site/documentGroup/12"},{"id":"49","uri":"/selfcnil/api/configuration/site/documentGroup/49"},{"id":"63","uri":"/selfcnil/api/configuration/site/documentGroup/63"}],"parentGroup":{"id":"63","uri":"/selfcnil/api/configuration/site/documentGroup/63"},"publicationStatus":"None"}