{"id":"500","uri":"/selfcnil/api/configuration/site/document/500/content","contents":[{"locale":"fr_FR","content":"<strong><span style=\"color: rgb(33, 121, 196);\">Oui, sous condition de respecter l'une des garanties suivantes :</span></strong>\r\n<ul>\r\n\t<li>Si le pays de destination a une <span style=\"color: rgb(33, 121, 196);\"><strong>législation reconnue</strong></span> par la Commission Européenne comme offrant une protection des données personnelles équivalente à celle existante en Europe ;</li>\r\n\t<li>Si les organismes expéditeur et destinataire des données ont signé entre eux des <span style=\"color: rgb(33, 121, 196);\"><strong>clauses contractuelles types</strong></span>, sur la base des modèles de la Commission Européenne ;</li>\r\n\t<li>Si le transfert a lieu entre des entités d'un groupe ayant adopté des \"<span style=\"color: rgb(33, 121, 196);\"><strong>règles internes d'entreprise</strong></span>\" (\"Binding corporate rules\" ou BCR). Ces règles internes constituent un code de conduite propre à l'entreprise, qui encadre la sécurité des transferts de données ;</li>\r\n\t<li>Si le destinataire des données est établi aux États-Unis d'Amérique et adhère au <strong><a href=\"https://www.cnil.fr/fr/le-privacy-shield\" target=\"_blank\"><span style=\"color:#2179c4;\">Privacy Shield</span></a></strong>&nbsp;;</li>\r\n\t<li>Le destinataire des données applique un&nbsp;<span style=\"color:#2179c4;\"><strong>code de conduite</strong></span>&nbsp;adopté par des organisations professionnelles en Europe et approuvé par l'autorité européenne de protection des données compétente ;</li>\r\n\t<li>Une&nbsp;<span style=\"color:#2179c4;\"><strong>certification</strong></span>, assortie de l'engagement contraignant et exécutoire pris par le responsable du fichier ou son sous-traitant dans le pays hors UE d'appliquer les garanties appropriées ;</li>\r\n\t<li>Dans certains cas particuliers prévus par le&nbsp;<a href=\"https://www.cnil.fr/fr/reglement-europeen-protection-donnees\" target=\"_blank\" title=\"RGPD\">Règlement général sur la protection des données</a>&nbsp;(par exemple, la sauvegarde de la vie d'une personne) ;</li>\r\n\t<li>Une autorisation préalable de la CNIL, en cas de clauses contractuelles propres différentes des clauses types ou en cas de dispositions intégrées dans les arrangements entre autorités et organismes publics.</li>\r\n</ul>\r\n<br />\r\n<strong><span style=\"color: rgb(255, 81, 34);\">A savoir</span></strong>&nbsp;: s'il ne respecte pas ces conditions, le responsable de traitement qui transfère les données risque des sanctions.<br />\r\n<br />\r\n<span style=\"color: rgb(255, 81, 34);\"><strong>En savoir plus </strong></span>: <font color=\"#0066cc\"><a href=\"https://www.cnil.fr/fr/transferts-de-donnees-hors-ue-ce-qui-change-avec-le-reglement-general-sur-la-protection-des-donnees\" target=\"_blank\">Transferts de données hors UE, ce qui change avec le RGPD</a></font>","format":"text/html"}]}