{"id":"501","uri":"/selfcnil/api/configuration/site/document/501","names":[{"name":"Les mesures de sécurité, c'est quoi ?","locale":"fr_FR"}],"metadata":[{"locale":"fr_FR","name":"description","property":null,"content":"sécurité, confidentialité, protection, tiers autorisés, accès, mesures utiles, sous-traitance, faille, data breach, manquement, Cci, copie cachée, logique, physique, confidentielle, mot de passe, identifiant, données en clair, chiffrement"}],"content":{"uri":"/selfcnil/api/configuration/site/document/501/content"},"creator":{"uri":"/selfcnil/api/configuration/site/document/501/creator"},"creationDate":1434117821000,"lastModifier":{"uri":"/selfcnil/api/configuration/site/document/501/lastModifier"},"lastModificationDate":1527171911000,"fields":[{"name":"Description","value":null,"fieldType":"TEXT","fieldOrder":null,"fieldLength":null,"listOfValueId":null,"visibleByAgent":null,"visibleBySupervisor":null,"visibleByExternalSpecialist":null,"mandatoryForAgent":null,"mandatoryForSupervisor":null,"readonlyForAgent":null,"readonlyForSupervisor":null,"localisation":[{"label":"Description","value":"sécurité, confidentialité, protection, tiers autorisés, accès, mesures utiles, sous-traitance, faille, data breach, manquement, Cci, copie cachée, logique, physique, confidentielle, mot de passe, identifiant, données en clair, chiffrement","locale":"fr_FR"}]},{"name":"OrderTemplate","value":"","fieldType":"STRING","fieldOrder":null,"fieldLength":null,"listOfValueId":null,"visibleByAgent":null,"visibleBySupervisor":null,"visibleByExternalSpecialist":null,"mandatoryForAgent":null,"mandatoryForSupervisor":null,"readonlyForAgent":null,"readonlyForSupervisor":null,"localisation":[{"label":"Ordre d'affichage","value":"","locale":"fr_FR"}]}],"hits":[{"locale":"fr_FR","hits":129}],"ranks":[{"locale":"fr_FR","rank":1.28,"count":200}],"contacts":{"uri":"/selfcnil/api/configuration/site/document/501/contacts"},"relatedDocuments":{"uri":"/selfcnil/api/configuration/site/document/501/relatedDocuments"},"attachments":{"uri":"/selfcnil/api/configuration/site/document/501/attachments"},"path":[{"id":"12","uri":"/selfcnil/api/configuration/site/documentGroup/12"},{"id":"49","uri":"/selfcnil/api/configuration/site/documentGroup/49"},{"id":"63","uri":"/selfcnil/api/configuration/site/documentGroup/63"}],"parentGroup":{"id":"63","uri":"/selfcnil/api/configuration/site/documentGroup/63"},"publicationStatus":"None"}