{"id":"513","uri":"/selfcnil/api/configuration/site/document/513","names":[{"name":"Le droit d'accès direct, comment ça marche ?","locale":"fr_FR"}],"metadata":[{"locale":"fr_FR","name":"description","property":null,"content":"droit, copie, procédure, démarche, DAI, police, justice, ficoba"}],"content":{"uri":"/selfcnil/api/configuration/site/document/513/content"},"creator":{"uri":"/selfcnil/api/configuration/site/document/513/creator"},"creationDate":1434620642000,"lastModifier":{"uri":"/selfcnil/api/configuration/site/document/513/lastModifier"},"lastModificationDate":1533284583000,"fields":[{"name":"Description","value":null,"fieldType":"TEXT","fieldOrder":null,"fieldLength":null,"listOfValueId":null,"visibleByAgent":null,"visibleBySupervisor":null,"visibleByExternalSpecialist":null,"mandatoryForAgent":null,"mandatoryForSupervisor":null,"readonlyForAgent":null,"readonlyForSupervisor":null,"localisation":[{"label":"Description","value":"droit, copie, procédure, démarche, DAI, police, justice, ficoba","locale":"fr_FR"}]},{"name":"OrderTemplate","value":"11","fieldType":"STRING","fieldOrder":null,"fieldLength":null,"listOfValueId":null,"visibleByAgent":null,"visibleBySupervisor":null,"visibleByExternalSpecialist":null,"mandatoryForAgent":null,"mandatoryForSupervisor":null,"readonlyForAgent":null,"readonlyForSupervisor":null,"localisation":[{"label":"Ordre d'affichage","value":"11","locale":"fr_FR"}]}],"hits":[{"locale":"fr_FR","hits":120}],"ranks":[{"locale":"fr_FR","rank":1.36986301369863,"count":146}],"contacts":{"uri":"/selfcnil/api/configuration/site/document/513/contacts"},"relatedDocuments":{"uri":"/selfcnil/api/configuration/site/document/513/relatedDocuments"},"attachments":{"uri":"/selfcnil/api/configuration/site/document/513/attachments"},"path":[{"id":"12","uri":"/selfcnil/api/configuration/site/documentGroup/12"},{"id":"65","uri":"/selfcnil/api/configuration/site/documentGroup/65"},{"id":"73","uri":"/selfcnil/api/configuration/site/documentGroup/73"}],"parentGroup":{"id":"73","uri":"/selfcnil/api/configuration/site/documentGroup/73"},"publicationStatus":"None"}