{"id":"514","uri":"/selfcnil/api/configuration/site/document/514/content","contents":[{"locale":"fr_FR","content":"<strong><span style=\"color: rgb(33, 121, 196);\">L'opt-in, c'est obtenir l'accord du destinataire de la publicité : s'il n'a pas dit \"oui\", c'est \"non\".</span></strong>\r\n<ul>\r\n\t<li>Avant d'envoyer de la publicité électronique par <span style=\"color: rgb(33, 121, 196);\"><strong>mail, SMS, MMS ou fax</strong></span>, il faut obtenir l'accord du destinataire ;</li>\r\n\t<li>Cet accord s'obtient le plus souvent par une mention comme celle ci : &nbsp;\"Si vous souhaitez recevoir des propositions commerciales de nos partenaires par voie électronique, merci de cocher cette case\" ;</li>\r\n\t<li>Ne pas respecter cette règle&nbsp;constitue infraction qui peut être punie d'une amende de 750 euros par message publicitaire.</li>\r\n</ul>\r\n<br />\r\n<strong><span style=\"color: rgb(33, 121, 196);\">L'opt-out, c'est&nbsp;lorsque le destinataire de la publicité ne s'est pas opposé : </span><font color=\"#2179c4\">s'il n'a pas dit \"non\", c'est \"oui\".</font></strong>\r\n\r\n<ul>\r\n\t<li>C'est donc l'inverse : à défaut de s'opposer à recevoir des publicités, la personne pourra en recevoir ;</li>\r\n\t<li>Cette fois,&nbsp;la mention prend le plus souvent cette forme&nbsp;: \"Si vous ne souhaitez pas recevoir des propositions commerciales de nos partenaires par courrier postal, merci de cocher cette case\" ;</li>\r\n\t<li>Cela concerne notamment la publicité adressée par <span style=\"color: rgb(33, 121, 196);\"><strong>voie postale</strong></span> ou par <span style=\"color: rgb(33, 121, 196);\"><strong>téléphone, ainsi que la publicité par voie électronique pour des produits similaires ou analogues à ceux déjà acquis par un client auprès du&nbsp;professionnel qui le démarche</strong></span>.</li>\r\n</ul>\r\n","format":"text/html"}]}