{"id":"516","uri":"/selfcnil/api/configuration/site/document/516","names":[{"name":"Le droit de rectification, c'est quoi ?","locale":"fr_FR"}],"metadata":[{"locale":"fr_FR","name":"description","property":null,"content":"Loi Informatique et Libertés, donnée à caractère personnel, droit, rectification, information inexacte, supresion, suppression"}],"content":{"uri":"/selfcnil/api/configuration/site/document/516/content"},"creator":{"uri":"/selfcnil/api/configuration/site/document/516/creator"},"creationDate":1434638559000,"lastModifier":{"uri":"/selfcnil/api/configuration/site/document/516/lastModifier"},"lastModificationDate":1533126355000,"fields":[{"name":"Description","value":null,"fieldType":"TEXT","fieldOrder":null,"fieldLength":null,"listOfValueId":null,"visibleByAgent":null,"visibleBySupervisor":null,"visibleByExternalSpecialist":null,"mandatoryForAgent":null,"mandatoryForSupervisor":null,"readonlyForAgent":null,"readonlyForSupervisor":null,"localisation":[{"label":"Description","value":"Loi Informatique et Libertés, donnée à caractère personnel, droit, rectification, information inexacte, supresion, suppression","locale":"fr_FR"}]},{"name":"OrderTemplate","value":"13","fieldType":"STRING","fieldOrder":null,"fieldLength":null,"listOfValueId":null,"visibleByAgent":null,"visibleBySupervisor":null,"visibleByExternalSpecialist":null,"mandatoryForAgent":null,"mandatoryForSupervisor":null,"readonlyForAgent":null,"readonlyForSupervisor":null,"localisation":[{"label":"Ordre d'affichage","value":"13","locale":"fr_FR"}]}],"hits":[{"locale":"fr_FR","hits":55}],"ranks":[{"locale":"fr_FR","rank":1.4320987654320987,"count":162}],"contacts":{"uri":"/selfcnil/api/configuration/site/document/516/contacts"},"relatedDocuments":{"uri":"/selfcnil/api/configuration/site/document/516/relatedDocuments"},"attachments":{"uri":"/selfcnil/api/configuration/site/document/516/attachments"},"path":[{"id":"12","uri":"/selfcnil/api/configuration/site/documentGroup/12"},{"id":"65","uri":"/selfcnil/api/configuration/site/documentGroup/65"},{"id":"73","uri":"/selfcnil/api/configuration/site/documentGroup/73"}],"parentGroup":{"id":"73","uri":"/selfcnil/api/configuration/site/documentGroup/73"},"publicationStatus":"None"}