{"id":"518","uri":"/selfcnil/api/configuration/site/document/518/content","contents":[{"locale":"fr_FR","content":"<strong><span style=\"color: rgb(33, 121, 196);\">Une procédure particulière est prévue par la loi pour accéder aux informations vous concernant enregistrées dans certains fichiers publics. Il s'agit </span></strong>:\r\n<ul>\r\n\t<li>Des fichiers intéressant&nbsp;la sûreté de l'Etat, la défense ou la sécurité publique.</li>\r\n\t<li>De certains fichiers du ministère de la Justice (fichier des détenus, etc.).</li>\r\n\t<li>Du fichier national des comptes bancaires et assimilés, <a href=\"https://www.cnil.fr/cnil-direct/question/765?visiteur=pro\" target=\"_blank\">FICOBA</a>, détenu par&nbsp;l'administration fiscale.</li>\r\n\t<li><span style=\"color:#ff5122;\"><strong>Attention</strong></span> : depuis le <a href=\"https://www.legifrance.gouv.fr/affichTexte.do?cidTexte=JORFTEXT000000241445&amp;categorieLien=cid\">3 août 2018</a>, vous disposez d'un droit d'accès et de rectification direct aux fichiers&nbsp;<a href=\"https://www.cnil.fr/cnil-direct/question/234?visiteur=pro\" target=\"_blank\">TAJ (Traitement des antécédents judiciaires)</a>, <a href=\"https://www.cnil.fr/cnil-direct/question/1423?visiteur=pro\" target=\"_blank\">SIS (Système d'information Schengen)</a><i> </i>et <a href=\"https://www.cnil.fr/cnil-direct/question/1424?visiteur=pro\" target=\"_blank\">FPR (Fichier des personnes recherchées)</a>. Il n'est plus nécessaire de demander à la CNIL d'intervenir.</li>\r\n</ul>\r\n<br />\r\n<strong><span style=\"color: rgb(33, 121, 196);\">Pour exercer votre droit d'accès indirect :</span></strong>\r\n\r\n<ul>\r\n\t<li>Vous devez <a href=\"https://www.cnil.fr/webform/nous-contacter\" target=\"_blank\">adresser une demande à la CNIL</a>, en joignant une copie d'une pièce d'identité et tout document utile (jugement, décision administrative etc.).</li>\r\n\t<li>Vous pouvez aussi vous faire représenter par la personne de votre choix, un avocat par exemple, qui fera la demande à votre place.</li>\r\n</ul>\r\n<br />\r\n<span style=\"color: rgb(33, 121, 196);\"><strong>Procédure : un magistrat de la CNIL se chargera d'entrer en contact avec les organismes qui gèrent les fichiers concernés par votre demande afin de :</strong></span>\r\n\r\n<ul>\r\n\t<li>Vérifier l'existence d'informations vous concernant.</li>\r\n\t<li>Vérifier l'exactitude de ces données; en demander la rectification si nécessaire,</li>\r\n\t<li>Vous communiquer les informations vous concernant, sous réserve de l'accord du gestionnaire du fichier concerné.</li>\r\n</ul>\r\n<br />\r\n<strong><span style=\"color: rgb(255, 81, 34);\">A noter</span></strong>&nbsp;: en raison de leur complexité, ces démarches prennent en général plusieurs mois.<br />\r\n<br />\r\n&nbsp;","format":"text/html"}]}