{"id":"521","uri":"/selfcnil/api/configuration/site/document/521","names":[{"name":"Clients et prospects des assurances : que faire ?","locale":"fr_FR"}],"metadata":[{"locale":"fr_FR","name":"description","property":null,"content":"assureur, assurance, NS56, NS, 56, assurances, procédure"}],"content":{"uri":"/selfcnil/api/configuration/site/document/521/content"},"creator":{"uri":"/selfcnil/api/configuration/site/document/521/creator"},"creationDate":1434964452000,"lastModifier":{"uri":"/selfcnil/api/configuration/site/document/521/lastModifier"},"lastModificationDate":1552573099000,"fields":[{"name":"Description","value":null,"fieldType":"TEXT","fieldOrder":null,"fieldLength":null,"listOfValueId":null,"visibleByAgent":null,"visibleBySupervisor":null,"visibleByExternalSpecialist":null,"mandatoryForAgent":null,"mandatoryForSupervisor":null,"readonlyForAgent":null,"readonlyForSupervisor":null,"localisation":[{"label":"Description","value":"assureur, assurance, rgpd, gdpr, règlement européen","locale":"fr_FR"}]},{"name":"OrderTemplate","value":"","fieldType":"STRING","fieldOrder":null,"fieldLength":null,"listOfValueId":null,"visibleByAgent":null,"visibleBySupervisor":null,"visibleByExternalSpecialist":null,"mandatoryForAgent":null,"mandatoryForSupervisor":null,"readonlyForAgent":null,"readonlyForSupervisor":null,"localisation":[{"label":"Ordre d'affichage","value":"","locale":"fr_FR"}]}],"hits":[{"locale":"fr_FR","hits":76}],"ranks":[{"locale":"fr_FR","rank":1.3823529411764706,"count":68}],"contacts":{"uri":"/selfcnil/api/configuration/site/document/521/contacts"},"relatedDocuments":{"uri":"/selfcnil/api/configuration/site/document/521/relatedDocuments"},"attachments":{"uri":"/selfcnil/api/configuration/site/document/521/attachments"},"path":[{"id":"12","uri":"/selfcnil/api/configuration/site/documentGroup/12"},{"id":"49","uri":"/selfcnil/api/configuration/site/documentGroup/49"},{"id":"16","uri":"/selfcnil/api/configuration/site/documentGroup/16"}],"parentGroup":{"id":"16","uri":"/selfcnil/api/configuration/site/documentGroup/16"},"publicationStatus":"None"}