{"id":"527","uri":"/selfcnil/api/configuration/site/document/527","names":[{"name":"Transports en commun : que faire pour les applications billettiques ?","locale":"fr_FR"}],"metadata":[{"locale":"fr_FR","name":"description","property":null,"content":"billettique, transport public, tram, métro, bus, AU15"}],"content":{"uri":"/selfcnil/api/configuration/site/document/527/content"},"creator":{"uri":"/selfcnil/api/configuration/site/document/527/creator"},"creationDate":1434980531000,"lastModifier":{"uri":"/selfcnil/api/configuration/site/document/527/lastModifier"},"lastModificationDate":1527243807000,"fields":[{"name":"Description","value":null,"fieldType":"TEXT","fieldOrder":null,"fieldLength":null,"listOfValueId":null,"visibleByAgent":null,"visibleBySupervisor":null,"visibleByExternalSpecialist":null,"mandatoryForAgent":null,"mandatoryForSupervisor":null,"readonlyForAgent":null,"readonlyForSupervisor":null,"localisation":[{"label":"Description","value":"billettique, transport public, tram, métro, bus, RGPD, GDPR, règlement européen","locale":"fr_FR"}]},{"name":"OrderTemplate","value":"","fieldType":"STRING","fieldOrder":null,"fieldLength":null,"listOfValueId":null,"visibleByAgent":null,"visibleBySupervisor":null,"visibleByExternalSpecialist":null,"mandatoryForAgent":null,"mandatoryForSupervisor":null,"readonlyForAgent":null,"readonlyForSupervisor":null,"localisation":[{"label":"Ordre d'affichage","value":"","locale":"fr_FR"}]}],"hits":[{"locale":"fr_FR","hits":108}],"ranks":[{"locale":"fr_FR","rank":1.3695652173913044,"count":46}],"contacts":{"uri":"/selfcnil/api/configuration/site/document/527/contacts"},"relatedDocuments":{"uri":"/selfcnil/api/configuration/site/document/527/relatedDocuments"},"attachments":{"uri":"/selfcnil/api/configuration/site/document/527/attachments"},"path":[{"id":"12","uri":"/selfcnil/api/configuration/site/documentGroup/12"},{"id":"49","uri":"/selfcnil/api/configuration/site/documentGroup/49"},{"id":"81","uri":"/selfcnil/api/configuration/site/documentGroup/81"}],"parentGroup":{"id":"81","uri":"/selfcnil/api/configuration/site/documentGroup/81"},"publicationStatus":"None"}