{"id":"531","uri":"/selfcnil/api/configuration/site/document/531","names":[{"name":"Sunshine Act : que faire ?","locale":"fr_FR"}],"metadata":[{"locale":"fr_FR","name":"description","property":null,"content":"Sunshine, transparence, intérêts, conventions, avantages, médical"}],"content":{"uri":"/selfcnil/api/configuration/site/document/531/content"},"creator":{"uri":"/selfcnil/api/configuration/site/document/531/creator"},"creationDate":1434991363000,"lastModifier":{"uri":"/selfcnil/api/configuration/site/document/531/lastModifier"},"lastModificationDate":1527242439000,"fields":[{"name":"Description","value":null,"fieldType":"TEXT","fieldOrder":null,"fieldLength":null,"listOfValueId":null,"visibleByAgent":null,"visibleBySupervisor":null,"visibleByExternalSpecialist":null,"mandatoryForAgent":null,"mandatoryForSupervisor":null,"readonlyForAgent":null,"readonlyForSupervisor":null,"localisation":[{"label":"Description","value":"Sunshine, transparence, intérêts, conventions, avantages, médical","locale":"fr_FR"}]},{"name":"OrderTemplate","value":"","fieldType":"STRING","fieldOrder":null,"fieldLength":null,"listOfValueId":null,"visibleByAgent":null,"visibleBySupervisor":null,"visibleByExternalSpecialist":null,"mandatoryForAgent":null,"mandatoryForSupervisor":null,"readonlyForAgent":null,"readonlyForSupervisor":null,"localisation":[{"label":"Ordre d'affichage","value":"","locale":"fr_FR"}]}],"hits":[{"locale":"fr_FR","hits":76}],"ranks":[{"locale":"fr_FR","rank":1.4363636363636363,"count":55}],"contacts":{"uri":"/selfcnil/api/configuration/site/document/531/contacts"},"relatedDocuments":{"uri":"/selfcnil/api/configuration/site/document/531/relatedDocuments"},"attachments":{"uri":"/selfcnil/api/configuration/site/document/531/attachments"},"path":[{"id":"12","uri":"/selfcnil/api/configuration/site/documentGroup/12"},{"id":"49","uri":"/selfcnil/api/configuration/site/documentGroup/49"},{"id":"48","uri":"/selfcnil/api/configuration/site/documentGroup/48"}],"parentGroup":{"id":"48","uri":"/selfcnil/api/configuration/site/documentGroup/48"},"publicationStatus":"None"}