{"id":"531","uri":"/selfcnil/api/configuration/site/document/531/content","contents":[{"locale":"fr_FR","content":"La loi impose la&nbsp;transparence des liens entre les industries de santé et les autres acteurs du monde de la santé&nbsp;(professionnels de santé, étudiants, sociétés savantes, associations, médias, etc.). Les entreprises concernées sont donc tenues de déclarer ces liens au ministère de la Santé, qui les publie ensuite sur un <a href=\"https://www.transparence.sante.gouv.fr\" target=\"_blank\">site internet dédié</a>.<br />\r\n<br />\r\nPour répondre à cette obligation, des fichiers sont créés afin de recenser ces liens. <span style=\"color: rgb(33, 121, 196);\"><strong>Aucune formalité </strong></span>auprès de la CNIL n'est nécessaire préalablement à la création de ces fichiers, en application d'une <a href=\"https://www.legifrance.gouv.fr/affichTexteArticle.do;jsessionid=6329B4DC1E87F5E8DD8E2A38A0247335.tpdila07v_1?idArticle=LEGIARTI000031932077&amp;cidTexte=LEGITEXT000006068624&amp;dateTexte=20160217\" target=\"_blank\">dispense prévue par la loi Informatique et Libertés</a>.","format":"text/html"}]}