{"id":"532","uri":"/selfcnil/api/configuration/site/document/532","names":[{"name":"Vente en ligne de médicaments : que faire ?","locale":"fr_FR"}],"metadata":[{"locale":"fr_FR","name":"description","property":null,"content":"pharmacie, vente en ligne, ARS"}],"content":{"uri":"/selfcnil/api/configuration/site/document/532/content"},"creator":{"uri":"/selfcnil/api/configuration/site/document/532/creator"},"creationDate":1434992359000,"lastModifier":{"uri":"/selfcnil/api/configuration/site/document/532/lastModifier"},"lastModificationDate":1527243617000,"fields":[{"name":"Description","value":null,"fieldType":"TEXT","fieldOrder":null,"fieldLength":null,"listOfValueId":null,"visibleByAgent":null,"visibleBySupervisor":null,"visibleByExternalSpecialist":null,"mandatoryForAgent":null,"mandatoryForSupervisor":null,"readonlyForAgent":null,"readonlyForSupervisor":null,"localisation":[{"label":"Description","value":"pharmacie, vente en ligne, ARS, RGPD, GDPR, règlement européen","locale":"fr_FR"}]},{"name":"OrderTemplate","value":"","fieldType":"STRING","fieldOrder":null,"fieldLength":null,"listOfValueId":null,"visibleByAgent":null,"visibleBySupervisor":null,"visibleByExternalSpecialist":null,"mandatoryForAgent":null,"mandatoryForSupervisor":null,"readonlyForAgent":null,"readonlyForSupervisor":null,"localisation":[{"label":"Ordre d'affichage","value":"","locale":"fr_FR"}]}],"hits":[{"locale":"fr_FR","hits":128}],"ranks":[{"locale":"fr_FR","rank":1.3943661971830985,"count":71}],"contacts":{"uri":"/selfcnil/api/configuration/site/document/532/contacts"},"relatedDocuments":{"uri":"/selfcnil/api/configuration/site/document/532/relatedDocuments"},"attachments":{"uri":"/selfcnil/api/configuration/site/document/532/attachments"},"path":[{"id":"12","uri":"/selfcnil/api/configuration/site/documentGroup/12"},{"id":"49","uri":"/selfcnil/api/configuration/site/documentGroup/49"},{"id":"48","uri":"/selfcnil/api/configuration/site/documentGroup/48"}],"parentGroup":{"id":"48","uri":"/selfcnil/api/configuration/site/documentGroup/48"},"publicationStatus":"None"}