{"id":"536","uri":"/selfcnil/api/configuration/site/document/536","names":[{"name":"Crédits aux personnes physiques : que faire ?","locale":"fr_FR"}],"metadata":[{"locale":"fr_FR","name":"description","property":null,"content":"Banque, prêt, organisme de crédit, NS13, NS, 13, carte de crédit, formalité, déclaration, procédure"}],"content":{"uri":"/selfcnil/api/configuration/site/document/536/content"},"creator":{"uri":"/selfcnil/api/configuration/site/document/536/creator"},"creationDate":1435228335000,"lastModifier":{"uri":"/selfcnil/api/configuration/site/document/536/lastModifier"},"lastModificationDate":1527163413000,"fields":[{"name":"Description","value":null,"fieldType":"TEXT","fieldOrder":null,"fieldLength":null,"listOfValueId":null,"visibleByAgent":null,"visibleBySupervisor":null,"visibleByExternalSpecialist":null,"mandatoryForAgent":null,"mandatoryForSupervisor":null,"readonlyForAgent":null,"readonlyForSupervisor":null,"localisation":[{"label":"Description","value":"Banque, prêt, organisme de crédit, carte de crédit,rgpd, gdpr, règlement européen","locale":"fr_FR"}]},{"name":"OrderTemplate","value":"","fieldType":"STRING","fieldOrder":null,"fieldLength":null,"listOfValueId":null,"visibleByAgent":null,"visibleBySupervisor":null,"visibleByExternalSpecialist":null,"mandatoryForAgent":null,"mandatoryForSupervisor":null,"readonlyForAgent":null,"readonlyForSupervisor":null,"localisation":[{"label":"Ordre d'affichage","value":"","locale":"fr_FR"}]}],"hits":[{"locale":"fr_FR","hits":72}],"ranks":[{"locale":"fr_FR","rank":1.4651162790697674,"count":43}],"contacts":{"uri":"/selfcnil/api/configuration/site/document/536/contacts"},"relatedDocuments":{"uri":"/selfcnil/api/configuration/site/document/536/relatedDocuments"},"attachments":{"uri":"/selfcnil/api/configuration/site/document/536/attachments"},"path":[{"id":"12","uri":"/selfcnil/api/configuration/site/documentGroup/12"},{"id":"49","uri":"/selfcnil/api/configuration/site/documentGroup/49"},{"id":"16","uri":"/selfcnil/api/configuration/site/documentGroup/16"}],"parentGroup":{"id":"16","uri":"/selfcnil/api/configuration/site/documentGroup/16"},"publicationStatus":"None"}