{"id":"537","uri":"/selfcnil/api/configuration/site/document/537","names":[{"name":"Lutte contre le blanchiment d'argent : que faire ?","locale":"fr_FR"}],"metadata":[{"locale":"fr_FR","name":"description","property":null,"content":"AU3, AU03, argent, formalité, déclaration, procédure"}],"content":{"uri":"/selfcnil/api/configuration/site/document/537/content"},"creator":{"uri":"/selfcnil/api/configuration/site/document/537/creator"},"creationDate":1435235113000,"lastModifier":{"uri":"/selfcnil/api/configuration/site/document/537/lastModifier"},"lastModificationDate":1527177897000,"fields":[{"name":"Description","value":null,"fieldType":"TEXT","fieldOrder":null,"fieldLength":null,"listOfValueId":null,"visibleByAgent":null,"visibleBySupervisor":null,"visibleByExternalSpecialist":null,"mandatoryForAgent":null,"mandatoryForSupervisor":null,"readonlyForAgent":null,"readonlyForSupervisor":null,"localisation":[{"label":"Description","value":"AU3, AU03, argent, rgpd, gdpr, règlement européen","locale":"fr_FR"}]},{"name":"OrderTemplate","value":"","fieldType":"STRING","fieldOrder":null,"fieldLength":null,"listOfValueId":null,"visibleByAgent":null,"visibleBySupervisor":null,"visibleByExternalSpecialist":null,"mandatoryForAgent":null,"mandatoryForSupervisor":null,"readonlyForAgent":null,"readonlyForSupervisor":null,"localisation":[{"label":"Ordre d'affichage","value":"","locale":"fr_FR"}]}],"hits":[{"locale":"fr_FR","hits":90}],"ranks":[{"locale":"fr_FR","rank":1.4473684210526316,"count":76}],"contacts":{"uri":"/selfcnil/api/configuration/site/document/537/contacts"},"relatedDocuments":{"uri":"/selfcnil/api/configuration/site/document/537/relatedDocuments"},"attachments":{"uri":"/selfcnil/api/configuration/site/document/537/attachments"},"path":[{"id":"12","uri":"/selfcnil/api/configuration/site/documentGroup/12"},{"id":"49","uri":"/selfcnil/api/configuration/site/documentGroup/49"},{"id":"16","uri":"/selfcnil/api/configuration/site/documentGroup/16"}],"parentGroup":{"id":"16","uri":"/selfcnil/api/configuration/site/documentGroup/16"},"publicationStatus":"None"}