{"id":"538","uri":"/selfcnil/api/configuration/site/document/538/content","contents":[{"locale":"fr_FR","content":"<p style=\"text-align:justify\">Les fichiers relatifs aux systèmes d'aide&nbsp;à l'évaluation et à la sélection des risques&nbsp;en matière d'octroi de crédit n'ont plus à être déclarés à la CNIL depuis le 25 mai 2018, date d'entrée en application du <a href=\"https://www.cnil.fr/fr/reglement-europeen-protection-donnees\" target=\"_blank\">RGPD</a>.</p>\r\n\r\n<p><strong>Pour vous conformer aux règles de protection des données personnelles, vous devez :</strong></p>\r\n\r\n<ul>\r\n\t<li>Demander conseil et assistance à votre <a href=\"https://www.cnil.fr/fr/devenir-delegue-la-protection-des-donnees\" target=\"_blank\">Délégué à la protection des données</a> (DPO) si vous en avez un.</li>\r\n\t<li>Vérifier, en fonction de votre projet, si vous devez effectuer une <a href=\"https://www.cnil.fr/fr/RGPD-analyse-impact-protection-des-donnees-pia\" target=\"_blank\">analyse d'impact</a> sur la protection des données (PIA).</li>\r\n\t<li>Inscrire votre fichier dans le <a href=\"https://www.cnil.fr/fr/rgpd-et-tpepme-un-nouveau-modele-de-registre-plus-simple-et-plus-didactique\" target=\"_blank\">Registre</a> des activités de traitement tenu par votre société.</li>\r\n\t<li><a href=\"https://www.cnil.fr/fr/rgpd-exemples-de-mentions-dinformation\" target=\"_blank\">Informer</a>&nbsp;les personnes&nbsp;des conditions dans lesquelles vous traitez leurs données.</li>\r\n\t<li>Prévoir des mesures de sécurité adaptées au regard des risques.</li>\r\n</ul>\r\n\r\n<p><strong><span style=\"color:#ff5122;\">A noter !</span></strong> La CNIL vous propose des outils pour vous aider dans ces démarches :</p>\r\n\r\n<ul>\r\n\t<li>Des <a href=\"https://www.cnil.fr/fr/PIA-privacy-impact-assessment\" target=\"_blank\">guides</a> pour réaliser un PIA.</li>\r\n\t<li>Un <a href=\"https://www.cnil.fr/sites/default/files/atoms/files/registre_rgpd_basique.pdf\" target=\"_blank\">modèle</a> de Registre.</li>\r\n\t<li>Un <a href=\"https://www.cnil.fr/fr/principes-cles/guide-de-la-securite-des-donnees-personnelles\" target=\"_blank\">Guide sur la sécurité des données personnelles</a>.</li>\r\n\t<li>Pour vous aider à respecter vos obligations, vous pouvez vous appuyer sur l'ancienne <a href=\"https://www.legifrance.gouv.fr/jo_pdf.do?numJO=0&amp;dateJO=20080805&amp;numTexte=41&amp;pageDebut=&amp;pageFin=\" target=\"_blank\">autorisation unique 005</a> concernant les fichiers relatifs aux systèmes d'aide&nbsp;à l'évaluation et à la sélection des risques&nbsp;en matière d'octroi de crédit.</li>\r\n</ul>\r\n\r\n<p><strong><span style=\"color:#ff5122;\">En savoir plus :</span></strong></p>\r\n\r\n<ul>\r\n\t<li><a href=\"https://www.cnil.fr/fr/principes-cles/rgpd-se-preparer-en-6-etapes\" target=\"_blank\">RGPD : se préparer en 6 étapes</a></li>\r\n\t<li><a href=\"https://www.cnil.fr/fr/transferer-des-donnees-hors-de-lue\" target=\"_blank\">Les transferts de données hors de l'Union européenne</a></li>\r\n</ul>\r\n","format":"text/html"}]}