{"id":"539","uri":"/selfcnil/api/configuration/site/document/539","names":[{"name":"Fichier des impayés par chèque des clients : que faire ?","locale":"fr_FR"}],"metadata":[{"locale":"fr_FR","name":"description","property":null,"content":"AU14, AU, 14, chéquier, chèque, magasins, formalité, déclaration, procédure"}],"content":{"uri":"/selfcnil/api/configuration/site/document/539/content"},"creator":{"uri":"/selfcnil/api/configuration/site/document/539/creator"},"creationDate":1435239017000,"lastModifier":{"uri":"/selfcnil/api/configuration/site/document/539/lastModifier"},"lastModificationDate":1527167206000,"fields":[{"name":"Description","value":null,"fieldType":"TEXT","fieldOrder":null,"fieldLength":null,"listOfValueId":null,"visibleByAgent":null,"visibleBySupervisor":null,"visibleByExternalSpecialist":null,"mandatoryForAgent":null,"mandatoryForSupervisor":null,"readonlyForAgent":null,"readonlyForSupervisor":null,"localisation":[{"label":"Description","value":"chéquier, chèque, magasins, impayés, RGPD, GDPR, règlement européen","locale":"fr_FR"}]},{"name":"OrderTemplate","value":"","fieldType":"STRING","fieldOrder":null,"fieldLength":null,"listOfValueId":null,"visibleByAgent":null,"visibleBySupervisor":null,"visibleByExternalSpecialist":null,"mandatoryForAgent":null,"mandatoryForSupervisor":null,"readonlyForAgent":null,"readonlyForSupervisor":null,"localisation":[{"label":"Ordre d'affichage","value":"","locale":"fr_FR"}]}],"hits":[{"locale":"fr_FR","hits":80}],"ranks":[{"locale":"fr_FR","rank":1.4146341463414633,"count":41}],"contacts":{"uri":"/selfcnil/api/configuration/site/document/539/contacts"},"relatedDocuments":{"uri":"/selfcnil/api/configuration/site/document/539/relatedDocuments"},"attachments":{"uri":"/selfcnil/api/configuration/site/document/539/attachments"},"path":[{"id":"12","uri":"/selfcnil/api/configuration/site/documentGroup/12"},{"id":"49","uri":"/selfcnil/api/configuration/site/documentGroup/49"},{"id":"38","uri":"/selfcnil/api/configuration/site/documentGroup/38"}],"parentGroup":{"id":"38","uri":"/selfcnil/api/configuration/site/documentGroup/38"},"publicationStatus":"None"}