{"id":"540","uri":"/selfcnil/api/configuration/site/document/540","names":[{"name":"Consultation du RNIPP et utilisation du NIR par les assurances : que faire ?","locale":"fr_FR"}],"metadata":[{"locale":"fr_FR","name":"description","property":null,"content":"RNIPP, NIR, n° sécu, assurances, AU031, AU, 31, formalité, déclarations, procédure"}],"content":{"uri":"/selfcnil/api/configuration/site/document/540/content"},"creator":{"uri":"/selfcnil/api/configuration/site/document/540/creator"},"creationDate":1435239507000,"lastModifier":{"uri":"/selfcnil/api/configuration/site/document/540/lastModifier"},"lastModificationDate":1527176107000,"fields":[{"name":"Description","value":null,"fieldType":"TEXT","fieldOrder":null,"fieldLength":null,"listOfValueId":null,"visibleByAgent":null,"visibleBySupervisor":null,"visibleByExternalSpecialist":null,"mandatoryForAgent":null,"mandatoryForSupervisor":null,"readonlyForAgent":null,"readonlyForSupervisor":null,"localisation":[{"label":"Description","value":"RNIPP, NIR, n° sécu, assurances, AU031, AU, 31, rgpd, gdpr, règlement européen","locale":"fr_FR"}]},{"name":"OrderTemplate","value":"","fieldType":"STRING","fieldOrder":null,"fieldLength":null,"listOfValueId":null,"visibleByAgent":null,"visibleBySupervisor":null,"visibleByExternalSpecialist":null,"mandatoryForAgent":null,"mandatoryForSupervisor":null,"readonlyForAgent":null,"readonlyForSupervisor":null,"localisation":[{"label":"Ordre d'affichage","value":"","locale":"fr_FR"}]}],"hits":[{"locale":"fr_FR","hits":374}],"ranks":[{"locale":"fr_FR","rank":1.386138613861386,"count":101}],"contacts":{"uri":"/selfcnil/api/configuration/site/document/540/contacts"},"relatedDocuments":{"uri":"/selfcnil/api/configuration/site/document/540/relatedDocuments"},"attachments":{"uri":"/selfcnil/api/configuration/site/document/540/attachments"},"path":[{"id":"12","uri":"/selfcnil/api/configuration/site/documentGroup/12"},{"id":"49","uri":"/selfcnil/api/configuration/site/documentGroup/49"},{"id":"16","uri":"/selfcnil/api/configuration/site/documentGroup/16"}],"parentGroup":{"id":"16","uri":"/selfcnil/api/configuration/site/documentGroup/16"},"publicationStatus":"None"}