{"id":"541","uri":"/selfcnil/api/configuration/site/document/541","names":[{"name":"Gestion des clients et prospects : que faire ?","locale":"fr_FR"}],"metadata":[{"locale":"fr_FR","name":"description","property":null,"content":"client, clientèle, prospect, commercial, fichier client, mailing, prospection, NS48 , NS, 48, formalité, déclaration, procédure, fidélité, formulaire 048"}],"content":{"uri":"/selfcnil/api/configuration/site/document/541/content"},"creator":{"uri":"/selfcnil/api/configuration/site/document/541/creator"},"creationDate":1435242572000,"lastModifier":{"uri":"/selfcnil/api/configuration/site/document/541/lastModifier"},"lastModificationDate":1549463075000,"fields":[{"name":"Description","value":null,"fieldType":"TEXT","fieldOrder":null,"fieldLength":null,"listOfValueId":null,"visibleByAgent":null,"visibleBySupervisor":null,"visibleByExternalSpecialist":null,"mandatoryForAgent":null,"mandatoryForSupervisor":null,"readonlyForAgent":null,"readonlyForSupervisor":null,"localisation":[{"label":"Description","value":"client, clientèle, prospect, commercial, fichier client, mailing, prospection, fidélité, RGPD, GDPR, règlement européen","locale":"fr_FR"}]},{"name":"OrderTemplate","value":"","fieldType":"STRING","fieldOrder":null,"fieldLength":null,"listOfValueId":null,"visibleByAgent":null,"visibleBySupervisor":null,"visibleByExternalSpecialist":null,"mandatoryForAgent":null,"mandatoryForSupervisor":null,"readonlyForAgent":null,"readonlyForSupervisor":null,"localisation":[{"label":"Ordre d'affichage","value":"","locale":"fr_FR"}]}],"hits":[{"locale":"fr_FR","hits":131}],"ranks":[{"locale":"fr_FR","rank":1.3249211356466877,"count":634}],"contacts":{"uri":"/selfcnil/api/configuration/site/document/541/contacts"},"relatedDocuments":{"uri":"/selfcnil/api/configuration/site/document/541/relatedDocuments"},"attachments":{"uri":"/selfcnil/api/configuration/site/document/541/attachments"},"path":[{"id":"12","uri":"/selfcnil/api/configuration/site/documentGroup/12"},{"id":"49","uri":"/selfcnil/api/configuration/site/documentGroup/49"},{"id":"38","uri":"/selfcnil/api/configuration/site/documentGroup/38"}],"parentGroup":{"id":"38","uri":"/selfcnil/api/configuration/site/documentGroup/38"},"publicationStatus":"None"}