{"id":"542","uri":"/selfcnil/api/configuration/site/document/542","names":[{"name":"Gestion de l'état civil : quelles formalités à la CNIL ?","locale":"fr_FR"}],"metadata":[{"locale":"fr_FR","name":"description","property":null,"content":"mairie, état civil, NS43, NS, 43, formalités, déclaration, naissance, mariage, décès, livret de famille"}],"content":{"uri":"/selfcnil/api/configuration/site/document/542/content"},"creator":{"uri":"/selfcnil/api/configuration/site/document/542/creator"},"creationDate":1435245366000,"lastModifier":{"uri":"/selfcnil/api/configuration/site/document/542/lastModifier"},"lastModificationDate":1455725956000,"fields":[{"name":"Description","value":null,"fieldType":"TEXT","fieldOrder":null,"fieldLength":null,"listOfValueId":null,"visibleByAgent":null,"visibleBySupervisor":null,"visibleByExternalSpecialist":null,"mandatoryForAgent":null,"mandatoryForSupervisor":null,"readonlyForAgent":null,"readonlyForSupervisor":null,"localisation":[{"label":"Description","value":"mairie, état civil, NS43, NS, 43, formalités, déclaration, naissance, mariage, décès, livret de famille","locale":"fr_FR"}]},{"name":"OrderTemplate","value":"","fieldType":"STRING","fieldOrder":null,"fieldLength":null,"listOfValueId":null,"visibleByAgent":null,"visibleBySupervisor":null,"visibleByExternalSpecialist":null,"mandatoryForAgent":null,"mandatoryForSupervisor":null,"readonlyForAgent":null,"readonlyForSupervisor":null,"localisation":[{"label":"Ordre d'affichage","value":"","locale":"fr_FR"}]}],"hits":[{"locale":"fr_FR","hits":66}],"ranks":[{"locale":"fr_FR","rank":1.3866666666666667,"count":75}],"contacts":{"uri":"/selfcnil/api/configuration/site/document/542/contacts"},"relatedDocuments":{"uri":"/selfcnil/api/configuration/site/document/542/relatedDocuments"},"attachments":{"uri":"/selfcnil/api/configuration/site/document/542/attachments"},"path":[{"id":"12","uri":"/selfcnil/api/configuration/site/documentGroup/12"},{"id":"49","uri":"/selfcnil/api/configuration/site/documentGroup/49"},{"id":"15","uri":"/selfcnil/api/configuration/site/documentGroup/15"}],"parentGroup":{"id":"15","uri":"/selfcnil/api/configuration/site/documentGroup/15"},"publicationStatus":"None"}