{"id":"542","uri":"/selfcnil/api/configuration/site/document/542/content","contents":[{"locale":"fr_FR","content":"Les fichiers&nbsp;relatifs à la gestion de l'état civil dans les communes doivent être <a href=\"https://www.cnil.fr/fr/declarer-un-fichier\" target=\"_blank\">déclarés à la CNIL</a> :\r\n\r\n<ul>\r\n\t<li>Par une déclaration simplifiée de conformité à la <a href=\"https://www.legifrance.gouv.fr/jo_pdf.do?numJO=0&amp;dateJO=20040730&amp;numTexte=82&amp;pageDebut=&amp;pageFin=\" target=\"_blank\">norme n°43,</a> si le&nbsp;fichier correspond aux caractéristiques énoncées dans ce texte&nbsp;;</li>\r\n\t<li>Par une&nbsp;déclaration normale si le fichier&nbsp;sort du cadre de cette norme.</li>\r\n</ul>\r\n","format":"text/html"}]}