{"id":"546","uri":"/selfcnil/api/configuration/site/document/546","names":[{"name":"Cabinets médicaux et paramédicaux à titre libéral : que faire ?","locale":"fr_FR"}],"metadata":[{"locale":"fr_FR","name":"description","property":null,"content":"dossier patients, NS50, NS, 50, médecin, docteur, infirmières, patient, kiné, orthophoniste, infirmier, masseur, osthéopathe, podologue, dentiste, patientèle"}],"content":{"uri":"/selfcnil/api/configuration/site/document/546/content"},"creator":{"uri":"/selfcnil/api/configuration/site/document/546/creator"},"creationDate":1435310230000,"lastModifier":{"uri":"/selfcnil/api/configuration/site/document/546/lastModifier"},"lastModificationDate":1530268057000,"fields":[{"name":"Description","value":null,"fieldType":"TEXT","fieldOrder":null,"fieldLength":null,"listOfValueId":null,"visibleByAgent":null,"visibleBySupervisor":null,"visibleByExternalSpecialist":null,"mandatoryForAgent":null,"mandatoryForSupervisor":null,"readonlyForAgent":null,"readonlyForSupervisor":null,"localisation":[{"label":"Description","value":"dossier patients, médecin, docteur, infirmières, patient, kiné, orthophoniste, infirmier, masseur, osthéopathe, podologue, dentiste, patientèle, RGPD, GDPR, règlement européen","locale":"fr_FR"}]},{"name":"OrderTemplate","value":"","fieldType":"STRING","fieldOrder":null,"fieldLength":null,"listOfValueId":null,"visibleByAgent":null,"visibleBySupervisor":null,"visibleByExternalSpecialist":null,"mandatoryForAgent":null,"mandatoryForSupervisor":null,"readonlyForAgent":null,"readonlyForSupervisor":null,"localisation":[{"label":"Ordre d'affichage","value":"","locale":"fr_FR"}]}],"hits":[{"locale":"fr_FR","hits":283}],"ranks":[{"locale":"fr_FR","rank":1.3206521739130435,"count":184}],"contacts":{"uri":"/selfcnil/api/configuration/site/document/546/contacts"},"relatedDocuments":{"uri":"/selfcnil/api/configuration/site/document/546/relatedDocuments"},"attachments":{"uri":"/selfcnil/api/configuration/site/document/546/attachments"},"path":[{"id":"12","uri":"/selfcnil/api/configuration/site/documentGroup/12"},{"id":"49","uri":"/selfcnil/api/configuration/site/documentGroup/49"},{"id":"48","uri":"/selfcnil/api/configuration/site/documentGroup/48"}],"parentGroup":{"id":"48","uri":"/selfcnil/api/configuration/site/documentGroup/48"},"publicationStatus":"None"}