{"id":"547","uri":"/selfcnil/api/configuration/site/document/547","names":[{"name":"Fichiers constitués à partir des rôles des impôts directs locaux : quelles formalités à la CNIL ?","locale":"fr_FR"}],"metadata":[{"locale":"fr_FR","name":"description","property":null,"content":"NS45, NS 45, VisuDGFIP, assiette des impôts locaux"}],"content":{"uri":"/selfcnil/api/configuration/site/document/547/content"},"creator":{"uri":"/selfcnil/api/configuration/site/document/547/creator"},"creationDate":1435315702000,"lastModifier":null,"lastModificationDate":1506697489000,"fields":[{"name":"Description","value":null,"fieldType":"TEXT","fieldOrder":null,"fieldLength":null,"listOfValueId":null,"visibleByAgent":null,"visibleBySupervisor":null,"visibleByExternalSpecialist":null,"mandatoryForAgent":null,"mandatoryForSupervisor":null,"readonlyForAgent":null,"readonlyForSupervisor":null,"localisation":[{"label":"Description","value":"NS45, NS 45, VisuDGFIP, assiette des impôts locaux","locale":"fr_FR"}]},{"name":"OrderTemplate","value":"","fieldType":"STRING","fieldOrder":null,"fieldLength":null,"listOfValueId":null,"visibleByAgent":null,"visibleBySupervisor":null,"visibleByExternalSpecialist":null,"mandatoryForAgent":null,"mandatoryForSupervisor":null,"readonlyForAgent":null,"readonlyForSupervisor":null,"localisation":[{"label":"Ordre d'affichage","value":"","locale":"fr_FR"}]}],"hits":[{"locale":"fr_FR","hits":62}],"ranks":[{"locale":"fr_FR","rank":1.4027777777777777,"count":72}],"contacts":{"uri":"/selfcnil/api/configuration/site/document/547/contacts"},"relatedDocuments":{"uri":"/selfcnil/api/configuration/site/document/547/relatedDocuments"},"attachments":{"uri":"/selfcnil/api/configuration/site/document/547/attachments"},"path":[{"id":"12","uri":"/selfcnil/api/configuration/site/documentGroup/12"},{"id":"49","uri":"/selfcnil/api/configuration/site/documentGroup/49"},{"id":"15","uri":"/selfcnil/api/configuration/site/documentGroup/15"}],"parentGroup":{"id":"15","uri":"/selfcnil/api/configuration/site/documentGroup/15"},"publicationStatus":"None"}