{"id":"548","uri":"/selfcnil/api/configuration/site/document/548","names":[{"name":"Fichier de communication politique : que faire ?","locale":"fr_FR"}],"metadata":[{"locale":"fr_FR","name":"description","property":null,"content":"parti politique, élections, propagande, politique, élu, candidat, député, sénateur, maire, conseiller, mouvement"}],"content":{"uri":"/selfcnil/api/configuration/site/document/548/content"},"creator":{"uri":"/selfcnil/api/configuration/site/document/548/creator"},"creationDate":1435318909000,"lastModifier":{"uri":"/selfcnil/api/configuration/site/document/548/lastModifier"},"lastModificationDate":1527167102000,"fields":[{"name":"Description","value":null,"fieldType":"TEXT","fieldOrder":null,"fieldLength":null,"listOfValueId":null,"visibleByAgent":null,"visibleBySupervisor":null,"visibleByExternalSpecialist":null,"mandatoryForAgent":null,"mandatoryForSupervisor":null,"readonlyForAgent":null,"readonlyForSupervisor":null,"localisation":[{"label":"Description","value":"parti politique, élections, propagande, politique, élu, candidat, député, sénateur, maire, conseiller, mouvement, rgpd, gdpr, règlement européen","locale":"fr_FR"}]},{"name":"OrderTemplate","value":"","fieldType":"STRING","fieldOrder":null,"fieldLength":null,"listOfValueId":null,"visibleByAgent":null,"visibleBySupervisor":null,"visibleByExternalSpecialist":null,"mandatoryForAgent":null,"mandatoryForSupervisor":null,"readonlyForAgent":null,"readonlyForSupervisor":null,"localisation":[{"label":"Ordre d'affichage","value":"","locale":"fr_FR"}]}],"hits":[{"locale":"fr_FR","hits":67}],"ranks":[{"locale":"fr_FR","rank":1.372093023255814,"count":86}],"contacts":{"uri":"/selfcnil/api/configuration/site/document/548/contacts"},"relatedDocuments":{"uri":"/selfcnil/api/configuration/site/document/548/relatedDocuments"},"attachments":{"uri":"/selfcnil/api/configuration/site/document/548/attachments"},"path":[{"id":"12","uri":"/selfcnil/api/configuration/site/documentGroup/12"},{"id":"49","uri":"/selfcnil/api/configuration/site/documentGroup/49"},{"id":"63","uri":"/selfcnil/api/configuration/site/documentGroup/63"}],"parentGroup":{"id":"63","uri":"/selfcnil/api/configuration/site/documentGroup/63"},"publicationStatus":"None"}