{"id":"552","uri":"/selfcnil/api/configuration/site/document/552","names":[{"name":"Tenue de comptes par les établissements bancaires et assimilés : que faire ?","locale":"fr_FR"}],"metadata":[{"locale":"fr_FR","name":"description","property":null,"content":"NS12, NS 12, dépôt, retrait, espèces, chèques, virements, effets, prélèvements, cartes, mouvements de fonds, RIB, extraits, arrêtés périodiques, oppositions, délivrance de chéquiers, relevés d'identité bancaires, attestations"}],"content":{"uri":"/selfcnil/api/configuration/site/document/552/content"},"creator":{"uri":"/selfcnil/api/configuration/site/document/552/creator"},"creationDate":1435328035000,"lastModifier":{"uri":"/selfcnil/api/configuration/site/document/552/lastModifier"},"lastModificationDate":1527178411000,"fields":[{"name":"Description","value":null,"fieldType":"TEXT","fieldOrder":null,"fieldLength":null,"listOfValueId":null,"visibleByAgent":null,"visibleBySupervisor":null,"visibleByExternalSpecialist":null,"mandatoryForAgent":null,"mandatoryForSupervisor":null,"readonlyForAgent":null,"readonlyForSupervisor":null,"localisation":[{"label":"Description","value":"dépôt, retrait, espèces, chèques, virements, effets, prélèvements, cartes, mouvements de fonds, RIB, extraits, arrêtés périodiques, oppositions, délivrance de chéquiers, relevés d'identité bancaires, attestations, rgpd, gdpr, règlement européen","locale":"fr_FR"}]},{"name":"OrderTemplate","value":"","fieldType":"STRING","fieldOrder":null,"fieldLength":null,"listOfValueId":null,"visibleByAgent":null,"visibleBySupervisor":null,"visibleByExternalSpecialist":null,"mandatoryForAgent":null,"mandatoryForSupervisor":null,"readonlyForAgent":null,"readonlyForSupervisor":null,"localisation":[{"label":"Ordre d'affichage","value":"","locale":"fr_FR"}]}],"hits":[{"locale":"fr_FR","hits":68}],"ranks":[{"locale":"fr_FR","rank":1.4318181818181819,"count":132}],"contacts":{"uri":"/selfcnil/api/configuration/site/document/552/contacts"},"relatedDocuments":{"uri":"/selfcnil/api/configuration/site/document/552/relatedDocuments"},"attachments":{"uri":"/selfcnil/api/configuration/site/document/552/attachments"},"path":[{"id":"12","uri":"/selfcnil/api/configuration/site/documentGroup/12"},{"id":"49","uri":"/selfcnil/api/configuration/site/documentGroup/49"},{"id":"16","uri":"/selfcnil/api/configuration/site/documentGroup/16"}],"parentGroup":{"id":"16","uri":"/selfcnil/api/configuration/site/documentGroup/16"},"publicationStatus":"None"}