{"id":"553","uri":"/selfcnil/api/configuration/site/document/553/content","contents":[{"locale":"fr_FR","content":"Les fichiers&nbsp;relatifs à la mise en recouvrement, par les collectivités territoriales, des taxes et redevances&nbsp;(notamment, droit de voirie, droits de place des taxi, droits immobiliers, taxes des halles et marchés, taxes sur le chauffage et l'éclairage par électricité taxes et redevances des cimetières, facturations des ordures ménagères) lorsque la collectivité a opté pour le régime TVA doivent être <a href=\"https://www.cnil.fr/fr/declarer-un-fichier\" target=\"_blank\"><font color=\"#0066cc\">déclarés à la CNIL</font></a> :\r\n\r\n<ul>\r\n\t<li>Par une déclaration simplifiée de conformité à la <a href=\"https://www.legifrance.gouv.fr/affichCnil.do?oldAction=rechExpCnil&amp;id=CNILTEXT000017654261&amp;fastReqId=215543930&amp;fastPos=1\" target=\"_blank\">norme 10</a><a href=\"http://www.cnil.fr/documentation/deliberations/deliberation/delib/180/\" target=\"_blank\"><font color=\"#0066cc\">,</font></a> si le&nbsp;fichier correspond aux caractéristiques énoncées dans ce texte&nbsp;;</li>\r\n\t<li>Par une&nbsp;déclaration normale si le fichier&nbsp;sort du cadre de cette norme.</li>\r\n</ul>\r\n","format":"text/html"}]}