{"id":"554","uri":"/selfcnil/api/configuration/site/document/554","names":[{"name":"Le maire peut-il utiliser le fichier d'état civil pour adresser des félicitations ou condoléances ?","locale":"fr_FR"}],"metadata":[{"locale":"fr_FR","name":"description","property":null,"content":"mariage, décès, naissance, magazine municipal, mairie"}],"content":{"uri":"/selfcnil/api/configuration/site/document/554/content"},"creator":{"uri":"/selfcnil/api/configuration/site/document/554/creator"},"creationDate":1435330586000,"lastModifier":{"uri":"/selfcnil/api/configuration/site/document/554/lastModifier"},"lastModificationDate":1504692258000,"fields":[{"name":"Description","value":null,"fieldType":"TEXT","fieldOrder":null,"fieldLength":null,"listOfValueId":null,"visibleByAgent":null,"visibleBySupervisor":null,"visibleByExternalSpecialist":null,"mandatoryForAgent":null,"mandatoryForSupervisor":null,"readonlyForAgent":null,"readonlyForSupervisor":null,"localisation":[{"label":"Description","value":"mariage, décès, naissance, magazine municipal, mairie","locale":"fr_FR"}]},{"name":"OrderTemplate","value":"","fieldType":"STRING","fieldOrder":null,"fieldLength":null,"listOfValueId":null,"visibleByAgent":null,"visibleBySupervisor":null,"visibleByExternalSpecialist":null,"mandatoryForAgent":null,"mandatoryForSupervisor":null,"readonlyForAgent":null,"readonlyForSupervisor":null,"localisation":[{"label":"Ordre d'affichage","value":"","locale":"fr_FR"}]}],"hits":[{"locale":"fr_FR","hits":12}],"ranks":[{"locale":"fr_FR","rank":1.7560975609756098,"count":82}],"contacts":{"uri":"/selfcnil/api/configuration/site/document/554/contacts"},"relatedDocuments":{"uri":"/selfcnil/api/configuration/site/document/554/relatedDocuments"},"attachments":{"uri":"/selfcnil/api/configuration/site/document/554/attachments"},"path":[{"id":"12","uri":"/selfcnil/api/configuration/site/documentGroup/12"},{"id":"49","uri":"/selfcnil/api/configuration/site/documentGroup/49"},{"id":"15","uri":"/selfcnil/api/configuration/site/documentGroup/15"}],"parentGroup":{"id":"15","uri":"/selfcnil/api/configuration/site/documentGroup/15"},"publicationStatus":"None"}