{"id":"554","uri":"/selfcnil/api/configuration/site/document/554/content","contents":[{"locale":"fr_FR","content":"<span style=\"color:#2179c4;\"><strong>Non</strong></span>.<br />\r\n<br />\r\nLe maire, en tant que représentant de l'Etat, est responsable de la tenue des registres d'état civil dans sa commune. Les informations enregistrées par les services d'état civil à l'occasion de l'établissement ou de l'actualisation d'un acte ne peuvent être utilisées que pour l'accomplissement des missions dont sont investis les maires en leur qualité d'officier de l'état civil. Elles ne peuvent donc pas être utilisées par les élus municipaux pour adresser des félicitations ou des condoléances.<br />\r\n<br />\r\n<span style=\"color:#ff5122;\"><strong>A noter</strong></span> : ces informations ne peuvent par ailleurs être diffusées, dans la presse ou sur tout autre support, que si les personnes concernées ont, au moment de l'établissement de l'acte, donné leur accord.<br />\r\n<br />\r\nDès lors, si les personnes n'ont pas répondu \"oui\" à la demande visant à publier ces informations dans le bulletin municipal, ces données ne peuvent pas être diffusées.","format":"text/html"}]}