{"id":"555","uri":"/selfcnil/api/configuration/site/document/555","names":[{"name":"Prêts (livres, supports audiovisuels, oeuvres artistiques) et consultations de documents d'archives publiques, quelles formalités auprès de la CNIL ?","locale":"fr_FR"}],"metadata":[{"locale":"fr_FR","name":"description","property":null,"content":"NS9, NS, bibliothèque, emprunteurs, DVD, Blue ray"}],"content":{"uri":"/selfcnil/api/configuration/site/document/555/content"},"creator":{"uri":"/selfcnil/api/configuration/site/document/555/creator"},"creationDate":1435567626000,"lastModifier":{"uri":"/selfcnil/api/configuration/site/document/555/lastModifier"},"lastModificationDate":1455726075000,"fields":[{"name":"Description","value":null,"fieldType":"TEXT","fieldOrder":null,"fieldLength":null,"listOfValueId":null,"visibleByAgent":null,"visibleBySupervisor":null,"visibleByExternalSpecialist":null,"mandatoryForAgent":null,"mandatoryForSupervisor":null,"readonlyForAgent":null,"readonlyForSupervisor":null,"localisation":[{"label":"Description","value":"NS9, NS, bibliothèque, emprunteurs, DVD, Blue ray","locale":"fr_FR"}]},{"name":"OrderTemplate","value":"","fieldType":"STRING","fieldOrder":null,"fieldLength":null,"listOfValueId":null,"visibleByAgent":null,"visibleBySupervisor":null,"visibleByExternalSpecialist":null,"mandatoryForAgent":null,"mandatoryForSupervisor":null,"readonlyForAgent":null,"readonlyForSupervisor":null,"localisation":[{"label":"Ordre d'affichage","value":"","locale":"fr_FR"}]}],"hits":[{"locale":"fr_FR","hits":84}],"ranks":[{"locale":"fr_FR","rank":1.44,"count":75}],"contacts":{"uri":"/selfcnil/api/configuration/site/document/555/contacts"},"relatedDocuments":{"uri":"/selfcnil/api/configuration/site/document/555/relatedDocuments"},"attachments":{"uri":"/selfcnil/api/configuration/site/document/555/attachments"},"path":[{"id":"12","uri":"/selfcnil/api/configuration/site/documentGroup/12"},{"id":"49","uri":"/selfcnil/api/configuration/site/documentGroup/49"},{"id":"15","uri":"/selfcnil/api/configuration/site/documentGroup/15"}],"parentGroup":{"id":"15","uri":"/selfcnil/api/configuration/site/documentGroup/15"},"publicationStatus":"None"}