{"id":"571","uri":"/selfcnil/api/configuration/site/document/571","names":[{"name":"Demande d'acte d'état-civil en ligne : comment faire ?","locale":"fr_FR"}],"metadata":[{"locale":"fr_FR","name":"description","property":null,"content":"etat civil, extrait, acte, mairie, collectivité, commune"}],"content":{"uri":"/selfcnil/api/configuration/site/document/571/content"},"creator":{"uri":"/selfcnil/api/configuration/site/document/571/creator"},"creationDate":1435664736000,"lastModifier":{"uri":"/selfcnil/api/configuration/site/document/571/lastModifier"},"lastModificationDate":1435664743000,"fields":[{"name":"Description","value":null,"fieldType":"TEXT","fieldOrder":null,"fieldLength":null,"listOfValueId":null,"visibleByAgent":null,"visibleBySupervisor":null,"visibleByExternalSpecialist":null,"mandatoryForAgent":null,"mandatoryForSupervisor":null,"readonlyForAgent":null,"readonlyForSupervisor":null,"localisation":[{"label":"Description","value":"etat civil, extrait, acte, mairie, collectivité, commune","locale":"fr_FR"}]},{"name":"OrderTemplate","value":"","fieldType":"STRING","fieldOrder":null,"fieldLength":null,"listOfValueId":null,"visibleByAgent":null,"visibleBySupervisor":null,"visibleByExternalSpecialist":null,"mandatoryForAgent":null,"mandatoryForSupervisor":null,"readonlyForAgent":null,"readonlyForSupervisor":null,"localisation":[{"label":"Ordre d'affichage","value":"","locale":"fr_FR"}]}],"hits":[{"locale":"fr_FR","hits":69}],"ranks":[{"locale":"fr_FR","rank":1.5454545454545454,"count":77}],"contacts":{"uri":"/selfcnil/api/configuration/site/document/571/contacts"},"relatedDocuments":{"uri":"/selfcnil/api/configuration/site/document/571/relatedDocuments"},"attachments":{"uri":"/selfcnil/api/configuration/site/document/571/attachments"},"path":[{"id":"12","uri":"/selfcnil/api/configuration/site/documentGroup/12"},{"id":"65","uri":"/selfcnil/api/configuration/site/documentGroup/65"},{"id":"82","uri":"/selfcnil/api/configuration/site/documentGroup/82"}],"parentGroup":{"id":"82","uri":"/selfcnil/api/configuration/site/documentGroup/82"},"publicationStatus":"None"}