{"id":"582","uri":"/selfcnil/api/configuration/site/document/582","names":[{"name":"Paye des employés : que faire ?","locale":"fr_FR"}],"metadata":[{"locale":"fr_FR","name":"description","property":null,"content":"formalité, paye, paie, rémunération, rémunérations, salaires, salariés, employeur, employés"}],"content":{"uri":"/selfcnil/api/configuration/site/document/582/content"},"creator":{"uri":"/selfcnil/api/configuration/site/document/582/creator"},"creationDate":1435840207000,"lastModifier":{"uri":"/selfcnil/api/configuration/site/document/582/lastModifier"},"lastModificationDate":1527686082000,"fields":[{"name":"Description","value":null,"fieldType":"TEXT","fieldOrder":null,"fieldLength":null,"listOfValueId":null,"visibleByAgent":null,"visibleBySupervisor":null,"visibleByExternalSpecialist":null,"mandatoryForAgent":null,"mandatoryForSupervisor":null,"readonlyForAgent":null,"readonlyForSupervisor":null,"localisation":[{"label":"Description","value":"formalité, paye, paie, rémunération, rémunérations, salaires, salariés, employeur, employés","locale":"fr_FR"}]},{"name":"OrderTemplate","value":"","fieldType":"STRING","fieldOrder":null,"fieldLength":null,"listOfValueId":null,"visibleByAgent":null,"visibleBySupervisor":null,"visibleByExternalSpecialist":null,"mandatoryForAgent":null,"mandatoryForSupervisor":null,"readonlyForAgent":null,"readonlyForSupervisor":null,"localisation":[{"label":"Ordre d'affichage","value":"","locale":"fr_FR"}]}],"hits":[{"locale":"fr_FR","hits":68}],"ranks":[{"locale":"fr_FR","rank":1.404494382022472,"count":89}],"contacts":{"uri":"/selfcnil/api/configuration/site/document/582/contacts"},"relatedDocuments":{"uri":"/selfcnil/api/configuration/site/document/582/relatedDocuments"},"attachments":{"uri":"/selfcnil/api/configuration/site/document/582/attachments"},"path":[{"id":"12","uri":"/selfcnil/api/configuration/site/documentGroup/12"},{"id":"49","uri":"/selfcnil/api/configuration/site/documentGroup/49"},{"id":"35","uri":"/selfcnil/api/configuration/site/documentGroup/35"}],"parentGroup":{"id":"35","uri":"/selfcnil/api/configuration/site/documentGroup/35"},"publicationStatus":"None"}