{"id":"583","uri":"/selfcnil/api/configuration/site/document/583/content","contents":[{"locale":"fr_FR","content":"<span style=\"color:#2179c4;\"><strong>Oui</strong></span>.<br />\r\n<br />\r\nToutefois, comme pour tout dispositif de vidéosurveillance, il convient de respecter plusieurs points avant d'installer des caméras dans les espaces communs d'une copropriété :\r\n<ul>\r\n\t<li>vote en assemblée générale de copropriétaires ;</li>\r\n\t<li>Conformité au&nbsp;<a href=\"https://www.cnil.fr/fr/principes-cles/rgpd-se-preparer-en-6-etapes\" target=\"_blank\">RGPD</a>&nbsp;si les caméras filment des lieux réservés aux habitants de la copropriété avec enregistrement des images sur disque dur ;</li>\r\n\t<li><a href=\"https://www.televideoprotection.interieur.gouv.fr/gup/PhpVideo/TeleDeclaration/vpConnexion.php\" target=\"_blank\">demande d'autorisation</a> auprès de la préfecture si les caméras filment des lieux accessible au public, c'est-à-dire à toute personne sans restriction d'accès ;</li>\r\n\t<li>durée de conservation des images enregistrées limitée à un mois maximum ;</li>\r\n\t<li>information des habitants par l'apposition d'un panneau ou d'un affichage ;</li>\r\n\t<li>mesures de sécurité pour limiter l'accès au dispositif d'enregistrement des images aux personnes habilitées en raison de leurs fonctions.</li>\r\n</ul>\r\n<br />\r\n<span style=\"color:#ff5122;\"><strong>A noter</strong></span> : le dispositif ne doit pas être utilisé pour espionner les habitants et surveiller leurs allées et venues&nbsp;!<br />\r\n<br />\r\n&nbsp;","format":"text/html"}]}