{"id":"584","uri":"/selfcnil/api/configuration/site/document/584","names":[{"name":"Organisation de jeux-concours : que faire ?","locale":"fr_FR"}],"metadata":[{"locale":"fr_FR","name":"description","property":null,"content":"jeu, concours, jeu-concours, lot, lots, jeux, concours, NS 48, NS48, déclaration, formalité, client, prospect, divertissement, promotion, "}],"content":{"uri":"/selfcnil/api/configuration/site/document/584/content"},"creator":{"uri":"/selfcnil/api/configuration/site/document/584/creator"},"creationDate":1435855918000,"lastModifier":{"uri":"/selfcnil/api/configuration/site/document/584/lastModifier"},"lastModificationDate":1527167790000,"fields":[{"name":"Description","value":null,"fieldType":"TEXT","fieldOrder":null,"fieldLength":null,"listOfValueId":null,"visibleByAgent":null,"visibleBySupervisor":null,"visibleByExternalSpecialist":null,"mandatoryForAgent":null,"mandatoryForSupervisor":null,"readonlyForAgent":null,"readonlyForSupervisor":null,"localisation":[{"label":"Description","value":"jeu, concours, jeu-concours, lot, lots, jeux, concours, RGPD, GDPR, règlement européen, client, prospect, divertissement, promotion, ","locale":"fr_FR"}]},{"name":"OrderTemplate","value":"","fieldType":"STRING","fieldOrder":null,"fieldLength":null,"listOfValueId":null,"visibleByAgent":null,"visibleBySupervisor":null,"visibleByExternalSpecialist":null,"mandatoryForAgent":null,"mandatoryForSupervisor":null,"readonlyForAgent":null,"readonlyForSupervisor":null,"localisation":[{"label":"Ordre d'affichage","value":"","locale":"fr_FR"}]}],"hits":[{"locale":"fr_FR","hits":281}],"ranks":[{"locale":"fr_FR","rank":1.272,"count":250}],"contacts":{"uri":"/selfcnil/api/configuration/site/document/584/contacts"},"relatedDocuments":{"uri":"/selfcnil/api/configuration/site/document/584/relatedDocuments"},"attachments":{"uri":"/selfcnil/api/configuration/site/document/584/attachments"},"path":[{"id":"12","uri":"/selfcnil/api/configuration/site/documentGroup/12"},{"id":"49","uri":"/selfcnil/api/configuration/site/documentGroup/49"},{"id":"38","uri":"/selfcnil/api/configuration/site/documentGroup/38"}],"parentGroup":{"id":"38","uri":"/selfcnil/api/configuration/site/documentGroup/38"},"publicationStatus":"None"}