{"id":"607","uri":"/selfcnil/api/configuration/site/document/607","names":[{"name":"Système factice de vidéosurveillance au travail : la CNIL est-elle compétente ?","locale":"fr_FR"}],"metadata":[{"locale":"fr_FR","name":"description","property":null,"content":"vidéosurveillance, factice, fausse caméra, incompétence CNIL, loi"}],"content":{"uri":"/selfcnil/api/configuration/site/document/607/content"},"creator":{"uri":"/selfcnil/api/configuration/site/document/607/creator"},"creationDate":1438089186000,"lastModifier":{"uri":"/selfcnil/api/configuration/site/document/607/lastModifier"},"lastModificationDate":1527688363000,"fields":[{"name":"Description","value":null,"fieldType":"TEXT","fieldOrder":null,"fieldLength":null,"listOfValueId":null,"visibleByAgent":null,"visibleBySupervisor":null,"visibleByExternalSpecialist":null,"mandatoryForAgent":null,"mandatoryForSupervisor":null,"readonlyForAgent":null,"readonlyForSupervisor":null,"localisation":[{"label":"Description","value":"vidéosurveillance, factice, fausse caméra, incompétence CNIL, loi ","locale":"fr_FR"}]},{"name":"OrderTemplate","value":"","fieldType":"STRING","fieldOrder":null,"fieldLength":null,"listOfValueId":null,"visibleByAgent":null,"visibleBySupervisor":null,"visibleByExternalSpecialist":null,"mandatoryForAgent":null,"mandatoryForSupervisor":null,"readonlyForAgent":null,"readonlyForSupervisor":null,"localisation":[{"label":"Ordre d'affichage","value":"","locale":"fr_FR"}]}],"hits":[{"locale":"fr_FR","hits":92}],"ranks":[{"locale":"fr_FR","rank":1.6829268292682926,"count":164}],"contacts":{"uri":"/selfcnil/api/configuration/site/document/607/contacts"},"relatedDocuments":{"uri":"/selfcnil/api/configuration/site/document/607/relatedDocuments"},"attachments":{"uri":"/selfcnil/api/configuration/site/document/607/attachments"},"path":[{"id":"12","uri":"/selfcnil/api/configuration/site/documentGroup/12"},{"id":"49","uri":"/selfcnil/api/configuration/site/documentGroup/49"},{"id":"35","uri":"/selfcnil/api/configuration/site/documentGroup/35"}],"parentGroup":{"id":"35","uri":"/selfcnil/api/configuration/site/documentGroup/35"},"publicationStatus":"None"}