{"id":"647","uri":"/selfcnil/api/configuration/site/document/647","names":[{"name":"Harcèlement par téléphone : la CNIL est-elle compétente ?","locale":"fr_FR"}],"metadata":[{"locale":"fr_FR","name":"description","property":null,"content":"harcele, appels"}],"content":{"uri":"/selfcnil/api/configuration/site/document/647/content"},"creator":{"uri":"/selfcnil/api/configuration/site/document/647/creator"},"creationDate":1443602933000,"lastModifier":{"uri":"/selfcnil/api/configuration/site/document/647/lastModifier"},"lastModificationDate":1539873178000,"fields":[{"name":"Description","value":null,"fieldType":"TEXT","fieldOrder":null,"fieldLength":null,"listOfValueId":null,"visibleByAgent":null,"visibleBySupervisor":null,"visibleByExternalSpecialist":null,"mandatoryForAgent":null,"mandatoryForSupervisor":null,"readonlyForAgent":null,"readonlyForSupervisor":null,"localisation":[{"label":"Description","value":"harcele, appels","locale":"fr_FR"}]},{"name":"OrderTemplate","value":"","fieldType":"STRING","fieldOrder":null,"fieldLength":null,"listOfValueId":null,"visibleByAgent":null,"visibleBySupervisor":null,"visibleByExternalSpecialist":null,"mandatoryForAgent":null,"mandatoryForSupervisor":null,"readonlyForAgent":null,"readonlyForSupervisor":null,"localisation":[{"label":"Ordre d'affichage","value":"","locale":"fr_FR"}]}],"hits":[{"locale":"fr_FR","hits":197}],"ranks":[{"locale":"fr_FR","rank":1.296875,"count":704}],"contacts":{"uri":"/selfcnil/api/configuration/site/document/647/contacts"},"relatedDocuments":{"uri":"/selfcnil/api/configuration/site/document/647/relatedDocuments"},"attachments":{"uri":"/selfcnil/api/configuration/site/document/647/attachments"},"path":[{"id":"12","uri":"/selfcnil/api/configuration/site/documentGroup/12"},{"id":"65","uri":"/selfcnil/api/configuration/site/documentGroup/65"},{"id":"83","uri":"/selfcnil/api/configuration/site/documentGroup/83"}],"parentGroup":{"id":"83","uri":"/selfcnil/api/configuration/site/documentGroup/83"},"publicationStatus":"None"}