{"id":"647","uri":"/selfcnil/api/configuration/site/document/647/content","contents":[{"locale":"fr_FR","content":"<span style=\"color:#2179c4;\"><strong>Non</strong></span>.<br />\r\n<br />\r\nLes faits consistant en la réception de très nombreux appels téléphonique anonymes ne relèvent pas de la compétence de la CNIL.<br />\r\n<br />\r\nVous pouvez, si vous l'estimez nécessaire,&nbsp;<span style=\"color:#2179c4;\"><strong>déposer une plainte</strong></span> auprès des services de police ou de gendarmerie sur le fondement de l'<a href=\"http://www.legifrance.gouv.fr/affichCodeArticle.do?idArticle=LEGIARTI000029336934&amp;cidTexte=LEGITEXT000006070719&amp;dateTexte=20150925&amp;oldAction=rechCodeArticle&amp;fastReqId=773381567&amp;nbResultRech=1\" target=\"_blank\">article 222-16 du code pénal</a>&nbsp;qui réprime les faits de harcèlement téléphonique.<br />\r\n<br />\r\nVous pouvez également en informer votre opérateur télécom.<br />\r\n<br />\r\nEnfin, vous pouvez <span style=\"color:#2179c4;\"><strong>alerter l'opérateur telecom</strong></span> de la société qui vous harcèle. Pour identifier l'opérateur concerné, utiliser le service&nbsp;<a href=\"http://www.arcep.fr/index.php?id=interactivenumeros\" target=\"_blank\"><span style=\"color:#2179c4;\"><strong>Base numérotation</strong></span></a> de l'Autorité de Régulation des Communications Électroniques et des Postes (ARCEP) en indiquant les six premiers chiffres du numéro de téléphone de l'appelant.","format":"text/html"}]}