{"id":"649","uri":"/selfcnil/api/configuration/site/document/649","names":[{"name":"Qu'est ce qu'un \"tiers autorisé\" ?","locale":"fr_FR"}],"metadata":[{"locale":"fr_FR","name":"description","property":null,"content":"tiers autorisés, destinataires, tiers, huissier, police, gendarmerie, justice"}],"content":{"uri":"/selfcnil/api/configuration/site/document/649/content"},"creator":{"uri":"/selfcnil/api/configuration/site/document/649/creator"},"creationDate":1443622047000,"lastModifier":{"uri":"/selfcnil/api/configuration/site/document/649/lastModifier"},"lastModificationDate":1484572427000,"fields":[{"name":"Description","value":null,"fieldType":"TEXT","fieldOrder":null,"fieldLength":null,"listOfValueId":null,"visibleByAgent":null,"visibleBySupervisor":null,"visibleByExternalSpecialist":null,"mandatoryForAgent":null,"mandatoryForSupervisor":null,"readonlyForAgent":null,"readonlyForSupervisor":null,"localisation":[{"label":"Description","value":"tiers autorisés, destinataires, tiers, huissier, police, gendarmerie, justice","locale":"fr_FR"}]},{"name":"OrderTemplate","value":"","fieldType":"STRING","fieldOrder":null,"fieldLength":null,"listOfValueId":null,"visibleByAgent":null,"visibleBySupervisor":null,"visibleByExternalSpecialist":null,"mandatoryForAgent":null,"mandatoryForSupervisor":null,"readonlyForAgent":null,"readonlyForSupervisor":null,"localisation":[{"label":"Ordre d'affichage","value":"","locale":"fr_FR"}]}],"hits":[{"locale":"fr_FR","hits":284}],"ranks":[{"locale":"fr_FR","rank":1.6424116424116424,"count":481}],"contacts":{"uri":"/selfcnil/api/configuration/site/document/649/contacts"},"relatedDocuments":{"uri":"/selfcnil/api/configuration/site/document/649/relatedDocuments"},"attachments":{"uri":"/selfcnil/api/configuration/site/document/649/attachments"},"path":[{"id":"12","uri":"/selfcnil/api/configuration/site/documentGroup/12"},{"id":"65","uri":"/selfcnil/api/configuration/site/documentGroup/65"},{"id":"73","uri":"/selfcnil/api/configuration/site/documentGroup/73"}],"parentGroup":{"id":"73","uri":"/selfcnil/api/configuration/site/documentGroup/73"},"publicationStatus":"None"}