{"id":"649","uri":"/selfcnil/api/configuration/site/document/649/content","contents":[{"locale":"fr_FR","content":"Un \"tiers autorisé\" est un organisme qui peut accéder à certaines données contenues dans des fichiers publics ou privés parce qu'une loi l'y autorise expressément.<br />\r\n<br />\r\nCes \"tiers autorisés\" sont&nbsp;des autorités publiques ou des auxiliaires de justice.<br />\r\n<br />\r\n<strong><span style=\"color: rgb(33, 121, 196);\">Quelques exemples de \"tiers autorisés\"</span></strong> :\r\n\r\n<ul>\r\n\t<li>L'administration fiscale.</li>\r\n\t<li>Les organismes de sécurité sociale, dans le cadre de la lutte contre la fraude, et les organismes en charge de l'instruction, du versement et du contrôle du RSA.</li>\r\n\t<li>Les administrations de la justice, de la police et de la gendarmerie.</li>\r\n\t<li>Les huissiers de justice.</li>\r\n</ul>\r\n<strong><span style=\"color: rgb(33, 121, 196);\">Les conditions pour qu'un \"tiers autorisés\" puisse obtenir des informations contenues dans un fichier :</span></strong>\r\n\r\n<ul>\r\n\t<li>Sa&nbsp;demande&nbsp;doit être écrite et préciser le texte législatif&nbsp;justifiant la demande.</li>\r\n\t<li>Sa demande&nbsp;doit viser des personnes nommément identifiées ou identifiables (le tiers autorisé ne peut pas avoir accès&nbsp;à l'intégralité d'un fichier).</li>\r\n\t<li>Sa demande doit être ponctuelle.</li>\r\n\t<li>Sa demande doit préciser les catégories de données auxquelles il souhaite accèder.</li>\r\n</ul>\r\n","format":"text/html"}]}