{"id":"661","uri":"/selfcnil/api/configuration/site/document/661/content","contents":[{"locale":"fr_FR","content":"L'inscription sur la liste électorale est obligatoire, mais il doit s'agir d'une démarche volontaire de l'électeur.<br />\r\n<br />\r\nUne fois inscrit, <span style=\"color:#2179c4;\"><strong>l'électeur ne peut être radié que s'il ne remplit plus les conditions pour y figurer</strong></span> (nationalité française, capacité juridique, jouissance des droits civiques, domicile sur la commune concernée).","format":"text/html"}]}