{"id":"665","uri":"/selfcnil/api/configuration/site/document/665","names":[{"name":"Comment faire supprimer un compte Badoo ?","locale":"fr_FR"}],"metadata":[{"locale":"fr_FR","name":"description","property":null,"content":"Badoo, site de rencontre, suppression"}],"content":{"uri":"/selfcnil/api/configuration/site/document/665/content"},"creator":{"uri":"/selfcnil/api/configuration/site/document/665/creator"},"creationDate":1445354658000,"lastModifier":{"uri":"/selfcnil/api/configuration/site/document/665/lastModifier"},"lastModificationDate":1457533223000,"fields":[{"name":"Description","value":null,"fieldType":"TEXT","fieldOrder":null,"fieldLength":null,"listOfValueId":null,"visibleByAgent":null,"visibleBySupervisor":null,"visibleByExternalSpecialist":null,"mandatoryForAgent":null,"mandatoryForSupervisor":null,"readonlyForAgent":null,"readonlyForSupervisor":null,"localisation":[{"label":"Description","value":"Badoo, site de rencontre, suppression","locale":"fr_FR"}]},{"name":"OrderTemplate","value":"","fieldType":"STRING","fieldOrder":null,"fieldLength":null,"listOfValueId":null,"visibleByAgent":null,"visibleBySupervisor":null,"visibleByExternalSpecialist":null,"mandatoryForAgent":null,"mandatoryForSupervisor":null,"readonlyForAgent":null,"readonlyForSupervisor":null,"localisation":[{"label":"Ordre d'affichage","value":"","locale":"fr_FR"}]}],"hits":[{"locale":"fr_FR","hits":119}],"ranks":[{"locale":"fr_FR","rank":1.4722222222222223,"count":72}],"contacts":{"uri":"/selfcnil/api/configuration/site/document/665/contacts"},"relatedDocuments":{"uri":"/selfcnil/api/configuration/site/document/665/relatedDocuments"},"attachments":{"uri":"/selfcnil/api/configuration/site/document/665/attachments"},"path":[{"id":"12","uri":"/selfcnil/api/configuration/site/documentGroup/12"},{"id":"65","uri":"/selfcnil/api/configuration/site/documentGroup/65"},{"id":"70","uri":"/selfcnil/api/configuration/site/documentGroup/70"}],"parentGroup":{"id":"70","uri":"/selfcnil/api/configuration/site/documentGroup/70"},"publicationStatus":"None"}