{"id":"665","uri":"/selfcnil/api/configuration/site/document/665/content","contents":[{"locale":"fr_FR","content":"<ul>\r\n\t<li><strong><span style=\"color: rgb(33, 121, 196);\">Vous disposez d'un compte Badoo :</span></strong>\r\n\r\n\t<ul>\r\n\t\t<li>Connectez-vous à votre&nbsp;compte Badoo ;</li>\r\n\t\t<li>Allez dans&nbsp; \"Paramètres\" ;</li>\r\n\t\t<li>Descendez tout en bas de la page où&nbsp;vous pourrez alors cliquer sur \"Supprimer le profil\" ;</li>\r\n\t\t<li>Suivez&nbsp;les instructions données.</li>\r\n\t</ul>\r\n\t</li>\r\n</ul>\r\n&nbsp;\r\n\r\n<ul>\r\n\t<li><strong><span style=\"color: rgb(33, 121, 196);\">Un compte Badoo a été ouvert en votre nom :</span></strong> sans qu'il soit nécessaire de vous identifier, <a href=\"https://badoo.com/fr/feedback/\" target=\"_blank\">contactez Badoo</a>.</li>\r\n</ul>\r\n&nbsp;<br />\r\n<strong><span style=\"color: rgb(33, 121, 196);\">Si votre demande n'est pas prise en considération</span></strong>, vous pourrez <font color=\"#0066cc\"><a href=\"https://ico.org.uk/complaints/handling\" target=\"_blank\">saisir l'autorité britannique&nbsp;de protection des données</a></font>, seule compétente pour intervenir.&nbsp;<br />\r\n<br />\r\n<strong><span style=\"color: rgb(255, 81, 34);\">Attention :&nbsp;</span></strong>vous devez vous être préalablement adressé(e)&nbsp;à Badoo, en effectuant l'une des procédures indiquées ci-dessus et avoir conservé des justificatifs de vos démarches en réalisant, par exemple, des copies d'écran.","format":"text/html"}]}