{"id":"672","uri":"/selfcnil/api/configuration/site/document/672","names":[{"name":"Le \"numéro de déclaration à la CNIL\", c'était quoi ?","locale":"fr_FR"}],"metadata":[],"content":{"uri":"/selfcnil/api/configuration/site/document/672/content"},"creator":{"uri":"/selfcnil/api/configuration/site/document/672/creator"},"creationDate":1445603662000,"lastModifier":{"uri":"/selfcnil/api/configuration/site/document/672/lastModifier"},"lastModificationDate":1527171670000,"fields":[{"name":"Description","value":null,"fieldType":"TEXT","fieldOrder":null,"fieldLength":null,"listOfValueId":null,"visibleByAgent":null,"visibleBySupervisor":null,"visibleByExternalSpecialist":null,"mandatoryForAgent":null,"mandatoryForSupervisor":null,"readonlyForAgent":null,"readonlyForSupervisor":null,"localisation":[{"label":"Description","value":"","locale":"fr_FR"}]},{"name":"OrderTemplate","value":"","fieldType":"STRING","fieldOrder":null,"fieldLength":null,"listOfValueId":null,"visibleByAgent":null,"visibleBySupervisor":null,"visibleByExternalSpecialist":null,"mandatoryForAgent":null,"mandatoryForSupervisor":null,"readonlyForAgent":null,"readonlyForSupervisor":null,"localisation":[{"label":"Ordre d'affichage","value":"","locale":"fr_FR"}]}],"hits":[{"locale":"fr_FR","hits":62}],"ranks":[{"locale":"fr_FR","rank":1.4516129032258065,"count":527}],"contacts":{"uri":"/selfcnil/api/configuration/site/document/672/contacts"},"relatedDocuments":{"uri":"/selfcnil/api/configuration/site/document/672/relatedDocuments"},"attachments":{"uri":"/selfcnil/api/configuration/site/document/672/attachments"},"path":[{"id":"12","uri":"/selfcnil/api/configuration/site/documentGroup/12"},{"id":"49","uri":"/selfcnil/api/configuration/site/documentGroup/49"},{"id":"63","uri":"/selfcnil/api/configuration/site/documentGroup/63"}],"parentGroup":{"id":"63","uri":"/selfcnil/api/configuration/site/documentGroup/63"},"publicationStatus":"None"}