{"id":"68","uri":"/selfcnil/api/configuration/site/document/68","names":[{"name":"Démarchage par téléphone : comment les sociétés et les associations ont-elles eu mes coordonnées ?","locale":"fr_FR"}],"metadata":[{"locale":"fr_FR","name":"description","property":null,"content":"téléphone, pub, origine, donner mon numéro de téléphone, récupérer mon numéro, connaitre mon numéro de téléphone"}],"content":{"uri":"/selfcnil/api/configuration/site/document/68/content"},"creator":{"uri":"/selfcnil/api/configuration/site/document/68/creator"},"creationDate":1422985468000,"lastModifier":{"uri":"/selfcnil/api/configuration/site/document/68/lastModifier"},"lastModificationDate":1539873057000,"fields":[{"name":"Description","value":null,"fieldType":"TEXT","fieldOrder":null,"fieldLength":null,"listOfValueId":null,"visibleByAgent":null,"visibleBySupervisor":null,"visibleByExternalSpecialist":null,"mandatoryForAgent":null,"mandatoryForSupervisor":null,"readonlyForAgent":null,"readonlyForSupervisor":null,"localisation":[{"label":"Description","value":"téléphone, pub, origine","locale":"fr_FR"}]},{"name":"OrderTemplate","value":"","fieldType":"STRING","fieldOrder":null,"fieldLength":null,"listOfValueId":null,"visibleByAgent":null,"visibleBySupervisor":null,"visibleByExternalSpecialist":null,"mandatoryForAgent":null,"mandatoryForSupervisor":null,"readonlyForAgent":null,"readonlyForSupervisor":null,"localisation":[{"label":"Ordre d'affichage","value":"","locale":"fr_FR"}]}],"hits":[{"locale":"fr_FR","hits":88}],"ranks":[{"locale":"fr_FR","rank":1.3829787234042554,"count":94}],"contacts":{"uri":"/selfcnil/api/configuration/site/document/68/contacts"},"relatedDocuments":{"uri":"/selfcnil/api/configuration/site/document/68/relatedDocuments"},"attachments":{"uri":"/selfcnil/api/configuration/site/document/68/attachments"},"path":[{"id":"12","uri":"/selfcnil/api/configuration/site/documentGroup/12"},{"id":"65","uri":"/selfcnil/api/configuration/site/documentGroup/65"},{"id":"85","uri":"/selfcnil/api/configuration/site/documentGroup/85"}],"parentGroup":{"id":"85","uri":"/selfcnil/api/configuration/site/documentGroup/85"},"publicationStatus":"None"}