{"id":"704","uri":"/selfcnil/api/configuration/site/document/704","names":[{"name":"Interrogation du casier judiciaire par les notaires : quelles formalités à la CNIL ?","locale":"fr_FR"}],"metadata":[{"locale":"fr_FR","name":"description","property":null,"content":"vente, notaire, casier judiciaire, ADSN, CIL, acte authentique de vente, condamnations, acheteur"}],"content":{"uri":"/selfcnil/api/configuration/site/document/704/content"},"creator":{"uri":"/selfcnil/api/configuration/site/document/704/creator"},"creationDate":1451493821000,"lastModifier":{"uri":"/selfcnil/api/configuration/site/document/704/lastModifier"},"lastModificationDate":1455715778000,"fields":[{"name":"Description","value":null,"fieldType":"TEXT","fieldOrder":null,"fieldLength":null,"listOfValueId":null,"visibleByAgent":null,"visibleBySupervisor":null,"visibleByExternalSpecialist":null,"mandatoryForAgent":null,"mandatoryForSupervisor":null,"readonlyForAgent":null,"readonlyForSupervisor":null,"localisation":[{"label":"Description","value":"vente, notaire, casier judiciaire, ADSN, CIL, acte authentique de vente, condamnations, acheteur","locale":"fr_FR"}]},{"name":"OrderTemplate","value":"","fieldType":"STRING","fieldOrder":null,"fieldLength":null,"listOfValueId":null,"visibleByAgent":null,"visibleBySupervisor":null,"visibleByExternalSpecialist":null,"mandatoryForAgent":null,"mandatoryForSupervisor":null,"readonlyForAgent":null,"readonlyForSupervisor":null,"localisation":[{"label":"Ordre d'affichage","value":"","locale":"fr_FR"}]}],"hits":[{"locale":"fr_FR","hits":5000}],"ranks":[{"locale":"fr_FR","rank":1.6629834254143647,"count":181}],"contacts":{"uri":"/selfcnil/api/configuration/site/document/704/contacts"},"relatedDocuments":{"uri":"/selfcnil/api/configuration/site/document/704/relatedDocuments"},"attachments":{"uri":"/selfcnil/api/configuration/site/document/704/attachments"},"path":[{"id":"12","uri":"/selfcnil/api/configuration/site/documentGroup/12"},{"id":"49","uri":"/selfcnil/api/configuration/site/documentGroup/49"},{"id":"15","uri":"/selfcnil/api/configuration/site/documentGroup/15"}],"parentGroup":{"id":"15","uri":"/selfcnil/api/configuration/site/documentGroup/15"},"publicationStatus":"None"}