{"id":"710","uri":"/selfcnil/api/configuration/site/document/710/content","contents":[{"locale":"fr_FR","content":"<strong><span style=\"color: rgb(33, 121, 196);\">Non.</span></strong>\r\n\r\n<ul>\r\n\t<li>Le&nbsp;\"piratage\" ou l'intrusion dans des systèmes informatisés relèvent de la compétence exclusive des tribunaux&nbsp;(loi du 5 janvier 1988 dite loi \"Godfrain\").&nbsp;</li>\r\n\t<li>Facebook propose <a href=\"https://www.facebook.com/help/1216349518398524?helpref=hc_global_nav\" target=\"_blank\">plusieurs procédures</a> pour signaler ce types de difficultés.</li>\r\n</ul>\r\n<br />\r\n<strong><span style=\"color: rgb(255, 81, 34);\">En savoir plus</span></strong> sur le \"piratage\" des comptes des réseaux sociaux <strong><a href=\"https://www.cnil.fr/fr/prevenir-reperer-et-reagir-face-au-piratage-de-ses-comptes-sociaux\" target=\"_blank\">ici.</a></strong>","format":"text/html"}]}