{"id":"717","uri":"/selfcnil/api/configuration/site/document/717","names":[{"name":"Base de données économiques et sociales (BDES) : faut-il faire quelque chose ?","locale":"fr_FR"}],"metadata":[{"locale":"fr_FR","name":"description","property":null,"content":"BDES, base de données, comité d'entreprise,"}],"content":{"uri":"/selfcnil/api/configuration/site/document/717/content"},"creator":{"uri":"/selfcnil/api/configuration/site/document/717/creator"},"creationDate":1454076219000,"lastModifier":{"uri":"/selfcnil/api/configuration/site/document/717/lastModifier"},"lastModificationDate":1527585930000,"fields":[{"name":"Description","value":null,"fieldType":"TEXT","fieldOrder":null,"fieldLength":null,"listOfValueId":null,"visibleByAgent":null,"visibleBySupervisor":null,"visibleByExternalSpecialist":null,"mandatoryForAgent":null,"mandatoryForSupervisor":null,"readonlyForAgent":null,"readonlyForSupervisor":null,"localisation":[{"label":"Description","value":"BDES, base de données, comité d'entreprise, ","locale":"fr_FR"}]},{"name":"OrderTemplate","value":"","fieldType":"STRING","fieldOrder":null,"fieldLength":null,"listOfValueId":null,"visibleByAgent":null,"visibleBySupervisor":null,"visibleByExternalSpecialist":null,"mandatoryForAgent":null,"mandatoryForSupervisor":null,"readonlyForAgent":null,"readonlyForSupervisor":null,"localisation":[{"label":"Ordre d'affichage","value":"","locale":"fr_FR"}]}],"hits":[{"locale":"fr_FR","hits":130}],"ranks":[{"locale":"fr_FR","rank":1.4753086419753085,"count":162}],"contacts":{"uri":"/selfcnil/api/configuration/site/document/717/contacts"},"relatedDocuments":{"uri":"/selfcnil/api/configuration/site/document/717/relatedDocuments"},"attachments":{"uri":"/selfcnil/api/configuration/site/document/717/attachments"},"path":[{"id":"12","uri":"/selfcnil/api/configuration/site/documentGroup/12"},{"id":"49","uri":"/selfcnil/api/configuration/site/documentGroup/49"},{"id":"35","uri":"/selfcnil/api/configuration/site/documentGroup/35"}],"parentGroup":{"id":"35","uri":"/selfcnil/api/configuration/site/documentGroup/35"},"publicationStatus":"None"}