{"id":"717","uri":"/selfcnil/api/configuration/site/document/717/content","contents":[{"locale":"fr_FR","content":"<span style=\"color:#2179c4;\"><strong>Non !</strong></span><br />\r\n<br />\r\nLa \"Base de données économiques et sociales\" prévue par le code du travail&nbsp;<strong>ne contient aucune donnée à caractère personnel</strong> (<a href=\"http://www.legifrance.gouv.fr/affichTexte.do?cidTexte=JORFTEXT000028409508&amp;fastPos=1&amp;fastReqId=758524869&amp;categorieLien=cid&amp;oldAction=rechTexte\" target=\"_blank\">décret n°2013-1305 du 27 décembre 2013 relatif à la base de données économiques et sociales et aux délais de consultation du comité d'entreprise et d'expertise</a>).<br />\r\n<br />\r\n<span style=\"color:#ff5122;\"><strong>A noter</strong></span> :&nbsp;les données à caractère personnel éventuellement utilisées pour constituer cette base anonymisée sont celles figurant dans des fichiers dont vous devez vous assurer de leur conformité au <a href=\"https://www.cnil.fr/fr/reglement-europeen-protection-donnees\" target=\"_blank\"><b>RGPD</b></a>&nbsp;(paye&nbsp;ou&nbsp;gestion du&nbsp;personnel).","format":"text/html"}]}