{"id":"746","uri":"/selfcnil/api/configuration/site/document/746","names":[{"name":"Recherche de bénéficiaires d'une assurance sur la vie : peut-on solliciter les mairies ?","locale":"fr_FR"}],"metadata":[{"locale":"fr_FR","name":"description","property":null,"content":"Loi Eckert, assurance vie, recherche, bénéficiaire, ficovie"}],"content":{"uri":"/selfcnil/api/configuration/site/document/746/content"},"creator":{"uri":"/selfcnil/api/configuration/site/document/746/creator"},"creationDate":1458300539000,"lastModifier":{"uri":"/selfcnil/api/configuration/site/document/746/lastModifier"},"lastModificationDate":1458305446000,"fields":[{"name":"Description","value":null,"fieldType":"TEXT","fieldOrder":null,"fieldLength":null,"listOfValueId":null,"visibleByAgent":null,"visibleBySupervisor":null,"visibleByExternalSpecialist":null,"mandatoryForAgent":null,"mandatoryForSupervisor":null,"readonlyForAgent":null,"readonlyForSupervisor":null,"localisation":[{"label":"Description","value":"Loi Eckert, assurance vie, recherche, bénéficiaire, ficovie","locale":"fr_FR"}]},{"name":"OrderTemplate","value":"","fieldType":"STRING","fieldOrder":null,"fieldLength":null,"listOfValueId":null,"visibleByAgent":null,"visibleBySupervisor":null,"visibleByExternalSpecialist":null,"mandatoryForAgent":null,"mandatoryForSupervisor":null,"readonlyForAgent":null,"readonlyForSupervisor":null,"localisation":[{"label":"Ordre d'affichage","value":"","locale":"fr_FR"}]}],"hits":[{"locale":"fr_FR","hits":68}],"ranks":[{"locale":"fr_FR","rank":1.4666666666666666,"count":75}],"contacts":{"uri":"/selfcnil/api/configuration/site/document/746/contacts"},"relatedDocuments":{"uri":"/selfcnil/api/configuration/site/document/746/relatedDocuments"},"attachments":{"uri":"/selfcnil/api/configuration/site/document/746/attachments"},"path":[{"id":"12","uri":"/selfcnil/api/configuration/site/documentGroup/12"},{"id":"49","uri":"/selfcnil/api/configuration/site/documentGroup/49"},{"id":"16","uri":"/selfcnil/api/configuration/site/documentGroup/16"}],"parentGroup":{"id":"16","uri":"/selfcnil/api/configuration/site/documentGroup/16"},"publicationStatus":"None"}