{"id":"746","uri":"/selfcnil/api/configuration/site/document/746/content","contents":[{"locale":"fr_FR","content":"<span style=\"color:#2179c4;\"><strong>Non</strong></span>.<br />\r\n<br />\r\nLes collectivités territoriales ne sont pas habilitées à communiquer à des tiers les données personnelles&nbsp;qu'elles&nbsp;détiennent, sauf si un texte&nbsp;l'autorise&nbsp;expressément.<br />\r\n<br />\r\nLa compagnie d'assurance qui a connaissance du décès d'un assuré est tenu de <span style=\"color:#2179c4;\"><strong>rechercher activement les bénéficiaires</strong></span> du contrat d'assurance vie souscrit afin de leur verser les capitaux qui leur reviennent.<br />\r\n<br />\r\nPour cela, elle peut demander des informations à <span style=\"color:#2179c4;\"><strong>l'administration fiscale</strong></span> ou au <span style=\"color:#2179c4;\"><strong>notaire chargé de la succession</strong></span>, et&nbsp;demander à la mairie du lieu du décès uniquement&nbsp;une <span style=\"color:#2179c4;\"><strong>copie intégrale de l'acte de décès</strong></span>.<br />\r\n<br />\r\nLes assureurs <span style=\"color:#2179c4;\"><strong>ne sont pas autorisés</strong></span> à demander aux mairies les coordonnées des bénéficiaires identifiés.","format":"text/html"}]}