{"id":"75","uri":"/selfcnil/api/configuration/site/document/75","names":[{"name":"Comment savoir qui m'a fiché au FCC (Fichier central des chèques) ?","locale":"fr_FR"}],"metadata":[{"locale":"fr_FR","name":"description","property":null,"content":"origine, inscription, FCC, Banque de France, interdit bancaire, CB, carte bancaire"}],"content":{"uri":"/selfcnil/api/configuration/site/document/75/content"},"creator":{"uri":"/selfcnil/api/configuration/site/document/75/creator"},"creationDate":1423063844000,"lastModifier":{"uri":"/selfcnil/api/configuration/site/document/75/lastModifier"},"lastModificationDate":1531326785000,"fields":[{"name":"Description","value":null,"fieldType":"TEXT","fieldOrder":null,"fieldLength":null,"listOfValueId":null,"visibleByAgent":null,"visibleBySupervisor":null,"visibleByExternalSpecialist":null,"mandatoryForAgent":null,"mandatoryForSupervisor":null,"readonlyForAgent":null,"readonlyForSupervisor":null,"localisation":[{"label":"Description","value":"origine, inscription, FCC, Banque de France, interdit bancaire, CB, carte bancaire","locale":"fr_FR"}]},{"name":"OrderTemplate","value":"","fieldType":"STRING","fieldOrder":null,"fieldLength":null,"listOfValueId":null,"visibleByAgent":null,"visibleBySupervisor":null,"visibleByExternalSpecialist":null,"mandatoryForAgent":null,"mandatoryForSupervisor":null,"readonlyForAgent":null,"readonlyForSupervisor":null,"localisation":[{"label":"Ordre d'affichage","value":"","locale":"fr_FR"}]}],"hits":[{"locale":"fr_FR","hits":292}],"ranks":[{"locale":"fr_FR","rank":145.0,"count":188}],"contacts":{"uri":"/selfcnil/api/configuration/site/document/75/contacts"},"relatedDocuments":{"uri":"/selfcnil/api/configuration/site/document/75/relatedDocuments"},"attachments":{"uri":"/selfcnil/api/configuration/site/document/75/attachments"},"path":[{"id":"12","uri":"/selfcnil/api/configuration/site/documentGroup/12"},{"id":"65","uri":"/selfcnil/api/configuration/site/documentGroup/65"},{"id":"84","uri":"/selfcnil/api/configuration/site/documentGroup/84"}],"parentGroup":{"id":"84","uri":"/selfcnil/api/configuration/site/documentGroup/84"},"publicationStatus":"None"}