{"id":"750","uri":"/selfcnil/api/configuration/site/document/750","names":[{"name":"Extrait de casier judiciaire : l'employeur peut-il le demander et le conserver ?","locale":"fr_FR"}],"metadata":[{"locale":"fr_FR","name":"description","property":null,"content":"casier, bulletin, recrutement, B2, B3"}],"content":{"uri":"/selfcnil/api/configuration/site/document/750/content"},"creator":{"uri":"/selfcnil/api/configuration/site/document/750/creator"},"creationDate":1463136875000,"lastModifier":{"uri":"/selfcnil/api/configuration/site/document/750/lastModifier"},"lastModificationDate":1463139579000,"fields":[{"name":"Description","value":null,"fieldType":"TEXT","fieldOrder":null,"fieldLength":null,"listOfValueId":null,"visibleByAgent":null,"visibleBySupervisor":null,"visibleByExternalSpecialist":null,"mandatoryForAgent":null,"mandatoryForSupervisor":null,"readonlyForAgent":null,"readonlyForSupervisor":null,"localisation":[{"label":"Description","value":"casier, bulletin, recrutement, B2, B3","locale":"fr_FR"}]},{"name":"OrderTemplate","value":"","fieldType":"STRING","fieldOrder":null,"fieldLength":null,"listOfValueId":null,"visibleByAgent":null,"visibleBySupervisor":null,"visibleByExternalSpecialist":null,"mandatoryForAgent":null,"mandatoryForSupervisor":null,"readonlyForAgent":null,"readonlyForSupervisor":null,"localisation":[{"label":"Ordre d'affichage","value":"","locale":"fr_FR"}]}],"hits":[{"locale":"fr_FR","hits":527}],"ranks":[{"locale":"fr_FR","rank":1.7006633499170813,"count":1206}],"contacts":{"uri":"/selfcnil/api/configuration/site/document/750/contacts"},"relatedDocuments":{"uri":"/selfcnil/api/configuration/site/document/750/relatedDocuments"},"attachments":{"uri":"/selfcnil/api/configuration/site/document/750/attachments"},"path":[{"id":"12","uri":"/selfcnil/api/configuration/site/documentGroup/12"},{"id":"49","uri":"/selfcnil/api/configuration/site/documentGroup/49"},{"id":"35","uri":"/selfcnil/api/configuration/site/documentGroup/35"}],"parentGroup":{"id":"35","uri":"/selfcnil/api/configuration/site/documentGroup/35"},"publicationStatus":"None"}