{"id":"754","uri":"/selfcnil/api/configuration/site/document/754/content","contents":[{"locale":"fr_FR","content":"<span style=\"color:#2179c4;\"><strong>Non</strong></span>.<br />\r\n<br />\r\nUn <a href=\"http://eur-lex.europa.eu/legal-content/EN/TXT/?qid=1464341613225&amp;uri=CELEX:32016R0347\" target=\"_blank\">nouveau texte européen</a> précisant le format des listes d'initiés et leurs modalités de mise à jour fait état de la possibilité de collecter un \"identifiant national\" pour parfaire l'identification des personnes concernées.<br />\r\n<br />\r\nCe texte n'impose pas de collecter le numéro de sécurité sociale (NIR). La collecte du NIR&nbsp;dans ce cadre serait non pertinente et excessive selon la CNIL.<br />\r\n<br />\r\n&nbsp;","format":"text/html"}]}