{"id":"757","uri":"/selfcnil/api/configuration/site/document/757","names":[{"name":"FICOBA (Fichier national des comptes bancaires et assimilés) : comment y avoir accès ?","locale":"fr_FR"}],"metadata":[{"locale":"fr_FR","name":"description","property":null,"content":"Compte bancaire, liste des comptes, compte en banque, ficova, livret A, compte épargne, impôts, livret, compte, comptes"}],"content":{"uri":"/selfcnil/api/configuration/site/document/757/content"},"creator":{"uri":"/selfcnil/api/configuration/site/document/757/creator"},"creationDate":1465566681000,"lastModifier":{"uri":"/selfcnil/api/configuration/site/document/757/lastModifier"},"lastModificationDate":1574070273000,"fields":[{"name":"Description","value":null,"fieldType":"TEXT","fieldOrder":null,"fieldLength":null,"listOfValueId":null,"visibleByAgent":null,"visibleBySupervisor":null,"visibleByExternalSpecialist":null,"mandatoryForAgent":null,"mandatoryForSupervisor":null,"readonlyForAgent":null,"readonlyForSupervisor":null,"localisation":[{"label":"Description","value":"Compte bancaire, liste des comptes, compte en banque, ficova, livret A, compte épargne, impôts, livret, compte, comptes","locale":"fr_FR"}]},{"name":"OrderTemplate","value":"","fieldType":"STRING","fieldOrder":null,"fieldLength":null,"listOfValueId":null,"visibleByAgent":null,"visibleBySupervisor":null,"visibleByExternalSpecialist":null,"mandatoryForAgent":null,"mandatoryForSupervisor":null,"readonlyForAgent":null,"readonlyForSupervisor":null,"localisation":[{"label":"Ordre d'affichage","value":"","locale":"fr_FR"}]}],"hits":[{"locale":"fr_FR","hits":255}],"ranks":[{"locale":"fr_FR","rank":1.3493333333333333,"count":375}],"contacts":{"uri":"/selfcnil/api/configuration/site/document/757/contacts"},"relatedDocuments":{"uri":"/selfcnil/api/configuration/site/document/757/relatedDocuments"},"attachments":{"uri":"/selfcnil/api/configuration/site/document/757/attachments"},"path":[{"id":"12","uri":"/selfcnil/api/configuration/site/documentGroup/12"},{"id":"65","uri":"/selfcnil/api/configuration/site/documentGroup/65"},{"id":"82","uri":"/selfcnil/api/configuration/site/documentGroup/82"}],"parentGroup":{"id":"82","uri":"/selfcnil/api/configuration/site/documentGroup/82"},"publicationStatus":"Updated"}