{"id":"757","uri":"/selfcnil/api/configuration/site/document/757/content","contents":[{"locale":"fr_FR","content":"<ol>\r\n\t<li style=\"text-align: justify;\">Pour avoir des informations <span style=\"color:#2179c4;\"><strong>sur les comptes bancaires eux-mêmes</strong></span>, les titulaires des comptes ont un <a href=\"https://www.cnil.fr/fr/ficoba-fichier-national-des-comptes-bancaires-et-assimiles\" target=\"_blank\">droit d'accès indirect</a>, par l'intermédiaire de la CNIL.</li>\r\n\t<li style=\"text-align: justify;\">Si vous êtes <span style=\"color:#2179c4;\"><strong>héritier</strong></span>, vous pouvez, depuis le 1er janvier, 2016 <span style=\"color:#2179c4;\"><strong>obtenir directement les données</strong></span> relatives aux comptes ouverts par la personne décédée en vous adressant à&nbsp;:</li>\r\n</ol>\r\n\r\n<div style=\"text-align: center;\">Centre National de Traitement FBFV<br />\r\nBP31<br />\r\n77421 MARNE LA VALLEE CEDEX 02</div>\r\n","format":"text/html"}]}