{"id":"758","uri":"/selfcnil/api/configuration/site/document/758","names":[{"name":"Facebook : pour supprimer mon compte, Facebook me demande une copie d'une pièce d'identité. Est-ce normal ?","locale":"fr_FR"}],"metadata":[],"content":{"uri":"/selfcnil/api/configuration/site/document/758/content"},"creator":{"uri":"/selfcnil/api/configuration/site/document/758/creator"},"creationDate":1466502661000,"lastModifier":{"uri":"/selfcnil/api/configuration/site/document/758/lastModifier"},"lastModificationDate":1474301199000,"fields":[{"name":"Description","value":null,"fieldType":"TEXT","fieldOrder":null,"fieldLength":null,"listOfValueId":null,"visibleByAgent":null,"visibleBySupervisor":null,"visibleByExternalSpecialist":null,"mandatoryForAgent":null,"mandatoryForSupervisor":null,"readonlyForAgent":null,"readonlyForSupervisor":null,"localisation":[{"label":"Description","value":"","locale":"fr_FR"}]},{"name":"OrderTemplate","value":"","fieldType":"STRING","fieldOrder":null,"fieldLength":null,"listOfValueId":null,"visibleByAgent":null,"visibleBySupervisor":null,"visibleByExternalSpecialist":null,"mandatoryForAgent":null,"mandatoryForSupervisor":null,"readonlyForAgent":null,"readonlyForSupervisor":null,"localisation":[{"label":"Ordre d'affichage","value":"","locale":"fr_FR"}]}],"hits":[{"locale":"fr_FR","hits":88}],"ranks":[{"locale":"fr_FR","rank":1.3833333333333333,"count":180}],"contacts":{"uri":"/selfcnil/api/configuration/site/document/758/contacts"},"relatedDocuments":{"uri":"/selfcnil/api/configuration/site/document/758/relatedDocuments"},"attachments":{"uri":"/selfcnil/api/configuration/site/document/758/attachments"},"path":[{"id":"12","uri":"/selfcnil/api/configuration/site/documentGroup/12"},{"id":"65","uri":"/selfcnil/api/configuration/site/documentGroup/65"},{"id":"70","uri":"/selfcnil/api/configuration/site/documentGroup/70"}],"parentGroup":{"id":"70","uri":"/selfcnil/api/configuration/site/documentGroup/70"},"publicationStatus":"None"}