{"id":"760","uri":"/selfcnil/api/configuration/site/document/760/content","contents":[{"locale":"fr_FR","content":"Pour exercer votre droit d'accès et de rectification à vos données personnelles auprès de Facebook, vous pouvez :&nbsp;\r\n<ul>\r\n\t<li>Soit faire votre demande en ligne en suivant&nbsp;<a href=\"https://www.facebook.com/your_information/\" target=\"_blank\"><strong>la procédure prévue</strong></a>.</li>\r\n\t<li>Soit en contactant <a href=\"https://www.facebook.com/help/contact/540977946302970\" target=\"_blank\">le délégué à la protection des données de Facebook</a></li>\r\n\t<li>Soit envoyer un courrier, en joignant une photocopie d'une pièce d'identité, à :</li>\r\n</ul>\r\n\r\n<div style=\"text-align: center;\">Facebook Ireland Ltd<br />\r\nHanover Reach, 5-7 Hanover Quay<br />\r\n2 Dublin<br />\r\nIRLANDE</div>\r\n<br />\r\n&nbsp;","format":"text/html"}]}