{"id":"763","uri":"/selfcnil/api/configuration/site/document/763","names":[{"name":"Facebook : mon ex-conjoint a publié une photo de mon enfant mineur sans mon consentement, que faire ?","locale":"fr_FR"}],"metadata":[],"content":{"uri":"/selfcnil/api/configuration/site/document/763/content"},"creator":{"uri":"/selfcnil/api/configuration/site/document/763/creator"},"creationDate":1466687984000,"lastModifier":{"uri":"/selfcnil/api/configuration/site/document/763/lastModifier"},"lastModificationDate":1557482689000,"fields":[{"name":"Description","value":null,"fieldType":"TEXT","fieldOrder":null,"fieldLength":null,"listOfValueId":null,"visibleByAgent":null,"visibleBySupervisor":null,"visibleByExternalSpecialist":null,"mandatoryForAgent":null,"mandatoryForSupervisor":null,"readonlyForAgent":null,"readonlyForSupervisor":null,"localisation":[{"label":"Description","value":"","locale":"fr_FR"}]},{"name":"OrderTemplate","value":"","fieldType":"STRING","fieldOrder":null,"fieldLength":null,"listOfValueId":null,"visibleByAgent":null,"visibleBySupervisor":null,"visibleByExternalSpecialist":null,"mandatoryForAgent":null,"mandatoryForSupervisor":null,"readonlyForAgent":null,"readonlyForSupervisor":null,"localisation":[{"label":"Ordre d'affichage","value":"","locale":"fr_FR"}]}],"hits":[{"locale":"fr_FR","hits":63}],"ranks":[{"locale":"fr_FR","rank":1.5142857142857142,"count":70}],"contacts":{"uri":"/selfcnil/api/configuration/site/document/763/contacts"},"relatedDocuments":{"uri":"/selfcnil/api/configuration/site/document/763/relatedDocuments"},"attachments":{"uri":"/selfcnil/api/configuration/site/document/763/attachments"},"path":[{"id":"12","uri":"/selfcnil/api/configuration/site/documentGroup/12"},{"id":"65","uri":"/selfcnil/api/configuration/site/documentGroup/65"},{"id":"70","uri":"/selfcnil/api/configuration/site/documentGroup/70"}],"parentGroup":{"id":"70","uri":"/selfcnil/api/configuration/site/documentGroup/70"},"publicationStatus":"None"}