{"id":"763","uri":"/selfcnil/api/configuration/site/document/763/content","contents":[{"locale":"fr_FR","content":"<ul>\r\n\t<li>Si vous êtes conjointement titulaire de l'autorité parentale, vous pouvez vous opposer par écrit <strong><span style=\"color: rgb(33, 121, 196);\">auprès de votre conjoint </span></strong>à la diffusion d'une photo de votre enfant mineur sur Facebook.</li>\r\n\t<li>En cas de refus de la part de votre conjoint, il vous appartiendra, si vous l'estimez nécessaire, de saisir les<strong><span style=\"color: rgb(33, 121, 196);\"> juridictions judiciaires compétentes</span></strong>.</li>\r\n</ul>\r\n<strong><span style=\"color: rgb(255, 81, 34);\">A savoir</span></strong> : Facebook a mis en place des outils spécifiques dédiés aux parents et éducateurs accessibles <strong><a href=\"https://www.facebook.com/help/441374602560317/\" target=\"_blank\">ici.</a><br />\r\n<br />\r\n<span style=\"color:#ff5122;\">A noter</span></strong> : vous pouvez aussi contacter&nbsp;<a href=\"https://www.facebook.com/help/contact/540977946302970\" target=\"_blank\">le délégué à la protection des données de Facebook</a>","format":"text/html"}]}