{"id":"765","uri":"/selfcnil/api/configuration/site/document/765","names":[{"name":"FICOBA, c'est quoi ?","locale":"fr_FR"}],"metadata":[{"locale":"fr_FR","name":"description","property":null,"content":"ficooba, compte banquaire, compte, banq,"}],"content":{"uri":"/selfcnil/api/configuration/site/document/765/content"},"creator":{"uri":"/selfcnil/api/configuration/site/document/765/creator"},"creationDate":1466771822000,"lastModifier":{"uri":"/selfcnil/api/configuration/site/document/765/lastModifier"},"lastModificationDate":1520270727000,"fields":[{"name":"Description","value":null,"fieldType":"TEXT","fieldOrder":null,"fieldLength":null,"listOfValueId":null,"visibleByAgent":null,"visibleBySupervisor":null,"visibleByExternalSpecialist":null,"mandatoryForAgent":null,"mandatoryForSupervisor":null,"readonlyForAgent":null,"readonlyForSupervisor":null,"localisation":[{"label":"Description","value":"ficooba, compte banquaire, compte, banq, ","locale":"fr_FR"}]},{"name":"OrderTemplate","value":"","fieldType":"STRING","fieldOrder":null,"fieldLength":null,"listOfValueId":null,"visibleByAgent":null,"visibleBySupervisor":null,"visibleByExternalSpecialist":null,"mandatoryForAgent":null,"mandatoryForSupervisor":null,"readonlyForAgent":null,"readonlyForSupervisor":null,"localisation":[{"label":"Ordre d'affichage","value":"","locale":"fr_FR"}]}],"hits":[{"locale":"fr_FR","hits":51}],"ranks":[{"locale":"fr_FR","rank":1.5138888888888888,"count":72}],"contacts":{"uri":"/selfcnil/api/configuration/site/document/765/contacts"},"relatedDocuments":{"uri":"/selfcnil/api/configuration/site/document/765/relatedDocuments"},"attachments":{"uri":"/selfcnil/api/configuration/site/document/765/attachments"},"path":[{"id":"12","uri":"/selfcnil/api/configuration/site/documentGroup/12"},{"id":"65","uri":"/selfcnil/api/configuration/site/documentGroup/65"},{"id":"82","uri":"/selfcnil/api/configuration/site/documentGroup/82"}],"parentGroup":{"id":"82","uri":"/selfcnil/api/configuration/site/documentGroup/82"},"publicationStatus":"None"}