{"id":"765","uri":"/selfcnil/api/configuration/site/document/765/content","contents":[{"locale":"fr_FR","content":"Le fichier national des comptes bancaires et assimilés, FICOBA, est un fichier détenu par <strong><span style=\"color: rgb(33, 121, 196);\">l'administration fiscale</span></strong>.<br />\r\n<br />\r\nIl enregistre, sur la base des déclarations faites par les établissements bancaires, l'ensemble des <strong><span style=\"color: rgb(33, 121, 196);\">comptes bancaires ou assimilés </span></strong>(comptes postaux, comptes épargne) existant sur le territoire national.<br />\r\n<br />\r\nCela représente plus de <strong><span style=\"color: rgb(33, 121, 196);\">80 millions de personnes physiques</span></strong>, françaises ou non, qui ont un compte bancaire en France.<br />\r\n<br />\r\n<strong><span style=\"color: rgb(33, 121, 196);\">Sont enregistrés dans FICOBA</span></strong> :\r\n<ul>\r\n\t<li>Des données d'identification du titulaire du compte bancaire : nom, prénom, nom marital, sexe, date de naissance.</li>\r\n\t<li>Des éléments d'identification du compte : établissement, numéro, nature, type.</li>\r\n\t<li>Les dates d'ouverture, de modification ou de clôture du compte.</li>\r\n</ul>\r\n<strong><span style=\"color: rgb(255, 81, 34);\">A savoir</span></strong> : FICOBA ne comporte aucun élément concernant l'historique des opérations effectuées sur le compte concerné ou sur son solde.<br />\r\n<br />\r\n<span style=\"color:#ff5122;\"><strong>En savoir plus</strong></span> : <a href=\"https://www.cnil.fr/fr/ficoba-fichier-national-des-comptes-bancaires-et-assimiles\" target=\"_blank\">FICOBA, fichier en fiche</a>","format":"text/html"}]}