{"id":"766","uri":"/selfcnil/api/configuration/site/document/766/content","contents":[{"locale":"fr_FR","content":"Le responsable d'un traitement de données à caractère personnel est en principe la personne, l'autorité publique, la société ou l'organisme qui <span style=\"color:#2179c4;\"><strong>détermine les finalités et les moyens</strong></span> de ce fichier, qui décide de sa création.<br />\r\n<br />\r\nEn pratique, il s'agit généralement de la <span style=\"color:#2179c4;\"><strong>personne morale</strong></span> (entreprise, collectivité, etc.)&nbsp;<span style=\"color:#2179c4;\"><strong>incarnée par son représentant légal </strong></span>(président, maire, etc.).<br />\r\n<br />\r\nC'est lui qui doit accomplir, lorsque cela est&nbsp;encore obligatoire&nbsp;comme, par exemple, dans le domaine de la santé,&nbsp;les formalités déclaratives auprès de la CNIL.","format":"text/html"}]}