{"id":"771","uri":"/selfcnil/api/configuration/site/document/771/content","contents":[{"locale":"fr_FR","content":"<strong><span style=\"color: rgb(33, 121, 196);\">Oui.</span></strong><br />\r\n<br />\r\nLa CNIL met à votre disposition <a href=\"https://www.cnil.fr/fr/rgpd-exemples-de-mentions-dinformation\" target=\"_blank\">des exemples&nbsp;de mentions d'information</a> sur son site internet. La CNIL enrichit régulièrement les modèles qu'elle propose.<br />\r\n<br />\r\nIl ne s'agit toutefois que d'exemples. Vous devez adapter l'information en fonction des situations et des supports. Dans tous les cas, rendez cette information facilement accessible et compréhensible.","format":"text/html"}]}