{"id":"774","uri":"/selfcnil/api/configuration/site/document/774/content","contents":[{"locale":"fr_FR","content":"<p><strong><span style=\"color: rgb(33, 121, 196);\">Oui.</span></strong><br />\r\n<br />\r\nEn France, les hôteliers, les&nbsp;exploitants de villages et de maisons familiales de vacances, de&nbsp;résidences et villages résidentiels de tourisme, les&nbsp;loueurs de meublés de tourisme et de chambres d'hôtes et les exploitants de terrains de camping, de caravanage et d'autres terrains aménagés sont tenus&nbsp;de faire remplir et signer par toute personne étrangère, dès son arrivée, une fiche individuelle de police&nbsp;à des fins de prévention des troubles à l'ordre public, d'enquêtes judiciaires et de recherche dans l'intérêt des personnes (<a href=\"https://www.legifrance.gouv.fr/affichCodeArticle.do?cidTexte=LEGITEXT000006070158&amp;idArticle=LEGIARTI000021206308&amp;dateTexte=&amp;categorieLien=cid\" target=\"_blank\">article&nbsp;R611-42 du code de l'entrée et du séjour des étrangers et du droit d'asile</a>).<br />\r\n<br />\r\n<strong><span style=\"color: rgb(255, 81, 34);\">A savoir :</span></strong>&nbsp;</p>\r\n\r\n<ul>\r\n\t<li>Seules les données prévues par <a href=\"https://www.legifrance.gouv.fr/affichTexteArticle.do;jsessionid=0482EE3B61A23C1B38BECAC6FD34F94B.tpdila19v_1?cidTexte=JORFTEXT000031285813&amp;idArticle=LEGIARTI000031286733&amp;dateTexte=20151009&amp;categorieLien=cid#LEGIARTI000031286733\" target=\"_blank\">l'arrêté du 1er octobre 2015</a> peuvent vous être demandées.</li>\r\n\t<li>Vous devez être informé de l'existence de votre droit d'accès et de rectification aux informations vous concernant.</li>\r\n\t<li>Vos données ne peuvent être transmises qu'aux services de police et de gendarmerie, à leur demande et uniquement si elle est fondée sur l'un des trois motifs légaux (prévention des troubles à l'ordre public, enquêtes judiciaires, recherche dans l'intérêt des personnes).</li>\r\n</ul>\r\n","format":"text/html"}]}