{"id":"781","uri":"/selfcnil/api/configuration/site/document/781","names":[{"name":"Gestion et suivi des personnes placées par l'autorité judiciaire : que faire ?","locale":"fr_FR"}],"metadata":[{"locale":"fr_FR","name":"description","property":null,"content":"sauvegarde judiciaire, curatelle, tutelle, mesure d'accompagnement judiciaire, autorisation unique, 050, 50"}],"content":{"uri":"/selfcnil/api/configuration/site/document/781/content"},"creator":{"uri":"/selfcnil/api/configuration/site/document/781/creator"},"creationDate":1470399531000,"lastModifier":{"uri":"/selfcnil/api/configuration/site/document/781/lastModifier"},"lastModificationDate":1527240412000,"fields":[{"name":"Description","value":null,"fieldType":"TEXT","fieldOrder":null,"fieldLength":null,"listOfValueId":null,"visibleByAgent":null,"visibleBySupervisor":null,"visibleByExternalSpecialist":null,"mandatoryForAgent":null,"mandatoryForSupervisor":null,"readonlyForAgent":null,"readonlyForSupervisor":null,"localisation":[{"label":"Description","value":"sauvegarde judiciaire, curatelle, tutelle, mesure d'accompagnement judiciaire, RGPD, GDPR, règlement européen","locale":"fr_FR"}]},{"name":"OrderTemplate","value":"","fieldType":"STRING","fieldOrder":null,"fieldLength":null,"listOfValueId":null,"visibleByAgent":null,"visibleBySupervisor":null,"visibleByExternalSpecialist":null,"mandatoryForAgent":null,"mandatoryForSupervisor":null,"readonlyForAgent":null,"readonlyForSupervisor":null,"localisation":[{"label":"Ordre d'affichage","value":"","locale":"fr_FR"}]}],"hits":[{"locale":"fr_FR","hits":73}],"ranks":[{"locale":"fr_FR","rank":1.523076923076923,"count":65}],"contacts":{"uri":"/selfcnil/api/configuration/site/document/781/contacts"},"relatedDocuments":{"uri":"/selfcnil/api/configuration/site/document/781/relatedDocuments"},"attachments":{"uri":"/selfcnil/api/configuration/site/document/781/attachments"},"path":[{"id":"12","uri":"/selfcnil/api/configuration/site/documentGroup/12"},{"id":"49","uri":"/selfcnil/api/configuration/site/documentGroup/49"},{"id":"48","uri":"/selfcnil/api/configuration/site/documentGroup/48"}],"parentGroup":{"id":"48","uri":"/selfcnil/api/configuration/site/documentGroup/48"},"publicationStatus":"None"}