{"id":"785","uri":"/selfcnil/api/configuration/site/document/785","names":[{"name":"Crèches, jardins d'enfants, écoles maternelles et élémentaires : que faire ?","locale":"fr_FR"}],"metadata":[{"locale":"fr_FR","name":"description","property":null,"content":"crèches parentales, jardins d'enfants, crèches collectives, haltes-garderies, services d'accueil familial, crèches familiales, micro-crèches, services multi-accueil, maternelle, élémentaire, NS 058, déclaration simplifiée 58, déclarer, formalités"}],"content":{"uri":"/selfcnil/api/configuration/site/document/785/content"},"creator":{"uri":"/selfcnil/api/configuration/site/document/785/creator"},"creationDate":1471944623000,"lastModifier":{"uri":"/selfcnil/api/configuration/site/document/785/lastModifier"},"lastModificationDate":1527179872000,"fields":[{"name":"Description","value":null,"fieldType":"TEXT","fieldOrder":null,"fieldLength":null,"listOfValueId":null,"visibleByAgent":null,"visibleBySupervisor":null,"visibleByExternalSpecialist":null,"mandatoryForAgent":null,"mandatoryForSupervisor":null,"readonlyForAgent":null,"readonlyForSupervisor":null,"localisation":[{"label":"Description","value":"crèches parentales, jardins d'enfants, crèches collectives, haltes-garderies, services d'accueil familial, crèches familiales, micro-crèches, services multi-accueil, maternelle, élémentaire,rgpd, gdpr, règlement européen","locale":"fr_FR"}]},{"name":"OrderTemplate","value":"","fieldType":"STRING","fieldOrder":null,"fieldLength":null,"listOfValueId":null,"visibleByAgent":null,"visibleBySupervisor":null,"visibleByExternalSpecialist":null,"mandatoryForAgent":null,"mandatoryForSupervisor":null,"readonlyForAgent":null,"readonlyForSupervisor":null,"localisation":[{"label":"Ordre d'affichage","value":"","locale":"fr_FR"}]}],"hits":[{"locale":"fr_FR","hits":43}],"ranks":[{"locale":"fr_FR","rank":1.364864864864865,"count":74}],"contacts":{"uri":"/selfcnil/api/configuration/site/document/785/contacts"},"relatedDocuments":{"uri":"/selfcnil/api/configuration/site/document/785/relatedDocuments"},"attachments":{"uri":"/selfcnil/api/configuration/site/document/785/attachments"},"path":[{"id":"12","uri":"/selfcnil/api/configuration/site/documentGroup/12"},{"id":"49","uri":"/selfcnil/api/configuration/site/documentGroup/49"},{"id":"80","uri":"/selfcnil/api/configuration/site/documentGroup/80"}],"parentGroup":{"id":"80","uri":"/selfcnil/api/configuration/site/documentGroup/80"},"publicationStatus":"None"}