{"id":"801","uri":"/selfcnil/api/configuration/site/document/801","names":[{"name":"Des labels à la certification, qu'est-ce qui change ?","locale":"fr_FR"}],"metadata":[{"locale":"fr_FR","name":"description","property":null,"content":"label, mode d'emploi, procédure, référentiel, certification, coffre-fort électronique, audit, formation, gouvernance"}],"content":{"uri":"/selfcnil/api/configuration/site/document/801/content"},"creator":{"uri":"/selfcnil/api/configuration/site/document/801/creator"},"creationDate":1473155732000,"lastModifier":{"uri":"/selfcnil/api/configuration/site/document/801/lastModifier"},"lastModificationDate":1547745884000,"fields":[{"name":"Description","value":null,"fieldType":"TEXT","fieldOrder":null,"fieldLength":null,"listOfValueId":null,"visibleByAgent":null,"visibleBySupervisor":null,"visibleByExternalSpecialist":null,"mandatoryForAgent":null,"mandatoryForSupervisor":null,"readonlyForAgent":null,"readonlyForSupervisor":null,"localisation":[{"label":"Description","value":"label, mode d'emploi, procédure, référentiel, certification, coffre-fort électronique, audit, formation, gouvernance","locale":"fr_FR"}]},{"name":"OrderTemplate","value":"","fieldType":"STRING","fieldOrder":null,"fieldLength":null,"listOfValueId":null,"visibleByAgent":null,"visibleBySupervisor":null,"visibleByExternalSpecialist":null,"mandatoryForAgent":null,"mandatoryForSupervisor":null,"readonlyForAgent":null,"readonlyForSupervisor":null,"localisation":[{"label":"Ordre d'affichage","value":"","locale":"fr_FR"}]}],"hits":[{"locale":"fr_FR","hits":42}],"ranks":[{"locale":"fr_FR","rank":1.3012048192771084,"count":83}],"contacts":{"uri":"/selfcnil/api/configuration/site/document/801/contacts"},"relatedDocuments":{"uri":"/selfcnil/api/configuration/site/document/801/relatedDocuments"},"attachments":{"uri":"/selfcnil/api/configuration/site/document/801/attachments"},"path":[{"id":"12","uri":"/selfcnil/api/configuration/site/documentGroup/12"},{"id":"49","uri":"/selfcnil/api/configuration/site/documentGroup/49"},{"id":"63","uri":"/selfcnil/api/configuration/site/documentGroup/63"}],"parentGroup":{"id":"63","uri":"/selfcnil/api/configuration/site/documentGroup/63"},"publicationStatus":"None"}