{"id":"812","uri":"/selfcnil/api/configuration/site/document/812/content","contents":[{"locale":"fr_FR","content":"<strong><span style=\"color:#2179c4;\">Oui, sous certaines conditions.</span></strong><br />\r\n<br />\r\nPar exemple, les règles protectrices des données personnelles&nbsp;<strong><span style=\"color:#2179c4;\">n'interdisent pas</span></strong> à une société dont vous êtes client de céder son fichier à une autre société afin qu'elle vous adresse une publicité.<br />\r\n<br />\r\nCependant, la société dont vous êtes client <strong><span style=\"color:#2179c4;\">doit, préalablement </span></strong>à cette cession :\r\n<ul>\r\n\t<li>Vous avoir informé de votre <strong><span style=\"color:#2179c4;\">faculté de vous opposer</span></strong> à ce que vos <strong><span style=\"color:#2179c4;\">coordonnées postales</span></strong> soient mises à disposition d'organismes extérieurs à des fins de prospection.</li>\r\n\t<li>Avoir recueilli votre <strong><span style=\"color:#2179c4;\">consentement exprès</span></strong> si la cession concerne votre <strong><span style=\"color:#2179c4;\">adresse électronique</span></strong> (<a href=\"http://www.legifrance.gouv.fr/affichCodeArticle.do?idArticle=LEGIARTI000028748611&amp;cidTexte=LEGITEXT000006070987&amp;dateTexte=20151102&amp;oldAction=rechCodeArticle&amp;fastReqId=2052944584&amp;nbResultRech=1\" target=\"_blank\">article L34-5 du code des postes et des communications électroniques</a>).</li>\r\n</ul>\r\n<br />\r\n<strong><span style=\"color:#ff5122;\">Attention</span></strong> : la CNIL n'est pas compétente pour les publicités anonymes (prospectus) distribuées dans votre boîte aux lettres.","format":"text/html"}]}