{"id":"819","uri":"/selfcnil/api/configuration/site/document/819","names":[{"name":"Biométrie : un \"gabarit\" biométrique, c'est quoi ?","locale":"fr_FR"}],"metadata":[{"locale":"fr_FR","name":"description","property":null,"content":"biométrie, gabarit, maîtrise, mesures,traces,caractéristiques, morphologie, comportement, biologie, contrôle, accès"}],"content":{"uri":"/selfcnil/api/configuration/site/document/819/content"},"creator":{"uri":"/selfcnil/api/configuration/site/document/819/creator"},"creationDate":1475072919000,"lastModifier":{"uri":"/selfcnil/api/configuration/site/document/819/lastModifier"},"lastModificationDate":1555333437000,"fields":[{"name":"Description","value":null,"fieldType":"TEXT","fieldOrder":null,"fieldLength":null,"listOfValueId":null,"visibleByAgent":null,"visibleBySupervisor":null,"visibleByExternalSpecialist":null,"mandatoryForAgent":null,"mandatoryForSupervisor":null,"readonlyForAgent":null,"readonlyForSupervisor":null,"localisation":[{"label":"Description","value":"biométrie, gabarit, maîtrise, mesures,traces,caractéristiques, morphologie, comportement, biologie, contrôle, accès, biométrie, gabarit, badge, accès, locaux contrôle, salariés, iris, empreinte, yeux, lieux de travail, règlement-type, condition","locale":"fr_FR"}]},{"name":"OrderTemplate","value":"","fieldType":"STRING","fieldOrder":null,"fieldLength":null,"listOfValueId":null,"visibleByAgent":null,"visibleBySupervisor":null,"visibleByExternalSpecialist":null,"mandatoryForAgent":null,"mandatoryForSupervisor":null,"readonlyForAgent":null,"readonlyForSupervisor":null,"localisation":[{"label":"Ordre d'affichage","value":"","locale":"fr_FR"}]}],"hits":[{"locale":"fr_FR","hits":75}],"ranks":[{"locale":"fr_FR","rank":1.7,"count":70}],"contacts":{"uri":"/selfcnil/api/configuration/site/document/819/contacts"},"relatedDocuments":{"uri":"/selfcnil/api/configuration/site/document/819/relatedDocuments"},"attachments":{"uri":"/selfcnil/api/configuration/site/document/819/attachments"},"path":[{"id":"12","uri":"/selfcnil/api/configuration/site/documentGroup/12"},{"id":"49","uri":"/selfcnil/api/configuration/site/documentGroup/49"},{"id":"35","uri":"/selfcnil/api/configuration/site/documentGroup/35"}],"parentGroup":{"id":"35","uri":"/selfcnil/api/configuration/site/documentGroup/35"},"publicationStatus":"None"}