{"id":"831","uri":"/selfcnil/api/configuration/site/document/831","names":[{"name":"Elections : quelles sont les obligations \"Informatique et Libertés\" pour les partis politiques ?","locale":"fr_FR"}],"metadata":[{"locale":"fr_FR","name":"description","property":null,"content":"Élection, primaire, parti politique, candidat, présidentielle, legislatives, NS34"}],"content":{"uri":"/selfcnil/api/configuration/site/document/831/content"},"creator":{"uri":"/selfcnil/api/configuration/site/document/831/creator"},"creationDate":1477042420000,"lastModifier":{"uri":"/selfcnil/api/configuration/site/document/831/lastModifier"},"lastModificationDate":1487580855000,"fields":[{"name":"Description","value":null,"fieldType":"TEXT","fieldOrder":null,"fieldLength":null,"listOfValueId":null,"visibleByAgent":null,"visibleBySupervisor":null,"visibleByExternalSpecialist":null,"mandatoryForAgent":null,"mandatoryForSupervisor":null,"readonlyForAgent":null,"readonlyForSupervisor":null,"localisation":[{"label":"Description","value":"Élection, primaire, parti politique, candidat, présidentielle, legislatives, NS34","locale":"fr_FR"}]},{"name":"OrderTemplate","value":"","fieldType":"STRING","fieldOrder":null,"fieldLength":null,"listOfValueId":null,"visibleByAgent":null,"visibleBySupervisor":null,"visibleByExternalSpecialist":null,"mandatoryForAgent":null,"mandatoryForSupervisor":null,"readonlyForAgent":null,"readonlyForSupervisor":null,"localisation":[{"label":"Ordre d'affichage","value":"","locale":"fr_FR"}]}],"hits":[{"locale":"fr_FR","hits":76}],"ranks":[{"locale":"fr_FR","rank":1.4528301886792452,"count":53}],"contacts":{"uri":"/selfcnil/api/configuration/site/document/831/contacts"},"relatedDocuments":{"uri":"/selfcnil/api/configuration/site/document/831/relatedDocuments"},"attachments":{"uri":"/selfcnil/api/configuration/site/document/831/attachments"},"path":[{"id":"12","uri":"/selfcnil/api/configuration/site/documentGroup/12"},{"id":"49","uri":"/selfcnil/api/configuration/site/documentGroup/49"},{"id":"63","uri":"/selfcnil/api/configuration/site/documentGroup/63"}],"parentGroup":{"id":"63","uri":"/selfcnil/api/configuration/site/documentGroup/63"},"publicationStatus":"None"}