{"id":"832","uri":"/selfcnil/api/configuration/site/document/832","names":[{"name":"Recherches dans le domaine de la santé sans recueil du consentement : la MR-003","locale":"fr_FR"}],"metadata":[{"locale":"fr_FR","name":"description","property":null,"content":"non interventionnelle, soins courants, essai clinique, médicament, grappe, MR003, MR3, MR03,MR 003, MR 03, MR 3, étude, matériovigilance, RIPH, CPP, recherches interventionnelles"}],"content":{"uri":"/selfcnil/api/configuration/site/document/832/content"},"creator":{"uri":"/selfcnil/api/configuration/site/document/832/creator"},"creationDate":1477404317000,"lastModifier":{"uri":"/selfcnil/api/configuration/site/document/832/lastModifier"},"lastModificationDate":1513072881000,"fields":[{"name":"Description","value":null,"fieldType":"TEXT","fieldOrder":null,"fieldLength":null,"listOfValueId":null,"visibleByAgent":null,"visibleBySupervisor":null,"visibleByExternalSpecialist":null,"mandatoryForAgent":null,"mandatoryForSupervisor":null,"readonlyForAgent":null,"readonlyForSupervisor":null,"localisation":[{"label":"Description","value":"non interventionnelle, soins courants, essai clinique, médicament, grappe, MR003, MR3, MR03,MR 003, MR 03, MR 3, étude, matériovigilance, RIPH, CPP, recherches interventionnelles","locale":"fr_FR"}]},{"name":"OrderTemplate","value":"","fieldType":"STRING","fieldOrder":null,"fieldLength":null,"listOfValueId":null,"visibleByAgent":null,"visibleBySupervisor":null,"visibleByExternalSpecialist":null,"mandatoryForAgent":null,"mandatoryForSupervisor":null,"readonlyForAgent":null,"readonlyForSupervisor":null,"localisation":[{"label":"Ordre d'affichage","value":"","locale":"fr_FR"}]}],"hits":[{"locale":"fr_FR","hits":85}],"ranks":[{"locale":"fr_FR","rank":1.403361344537815,"count":119}],"contacts":{"uri":"/selfcnil/api/configuration/site/document/832/contacts"},"relatedDocuments":{"uri":"/selfcnil/api/configuration/site/document/832/relatedDocuments"},"attachments":{"uri":"/selfcnil/api/configuration/site/document/832/attachments"},"path":[{"id":"12","uri":"/selfcnil/api/configuration/site/documentGroup/12"},{"id":"49","uri":"/selfcnil/api/configuration/site/documentGroup/49"},{"id":"48","uri":"/selfcnil/api/configuration/site/documentGroup/48"}],"parentGroup":{"id":"48","uri":"/selfcnil/api/configuration/site/documentGroup/48"},"publicationStatus":"None"}