{"id":"832","uri":"/selfcnil/api/configuration/site/document/832/content","contents":[{"locale":"fr_FR","content":"Si les traitements que vous mettez en oeuvre, comprenant des données de santé, réalisés dans le cadre de <span style=\"color:#2179c4;\"><strong>recherches pour lesquelles le patient ne s'oppose pas à participer</strong></span> après avoir été individuellement informé, sont conformes au texte de la <a href=\"https://www.cnil.fr/fr/declaration/mr-003-recherches-dans-le-domaine-de-la-sante-sans-recueil-du-consentement\" target=\"_blank\">méthodologie de référence 003</a> (MR-003), vous devez effectuer une <a href=\"http://www.cnil.fr/vos-obligations/declarer-a-la-cnil/\" target=\"_blank\">déclaration simplifiée</a> auprès de notre Commission.<br />\r\n<br />\r\nSi vos traitements ne sont pas conformes au texte de la MR-003, vous devrez procéder à une <a href=\"https://declarations.cnil.fr/declarations/declaration/brouillon.action?declarationType=DT\" target=\"_blank\">demande d'autorisation de recherche dans le domaine de la santé</a>.<br />\r\n<br />\r\n<span style=\"color:#ff5122;\"><strong>A savoir</strong></span> : Aucune annexe ne doit être jointe à cette déclaration simplifiée. La déclaration simplifiée s'effectue une seule fois; elle couvre l'ensemble des recherches effectuées et à venir qui y sont conformes.<br />\r\n<br />\r\n<span style=\"color:#ff5122;\"><strong>Attention</strong></span> : L'<span style=\"color:#2179c4;\"><strong>avis d'un comité de protection des personnes</strong></span> (CPP) devra être obtenu dans tous les cas de recherches impliquant la personne humaine, et préalablement au dépôt éventuel d'une demande d'autorisation de recherche médicale auprès de la CNIL.","format":"text/html"}]}