{"id":"842","uri":"/selfcnil/api/configuration/site/document/842","names":[{"name":"J'installe des caméras dans mon commerce, quelles sont les règles ?","locale":"fr_FR"}],"metadata":[{"locale":"fr_FR","name":"description","property":null,"content":"vidéo, commerce, magasin, supermarché, centre commercial, boutique, caméra, supérette"}],"content":{"uri":"/selfcnil/api/configuration/site/document/842/content"},"creator":{"uri":"/selfcnil/api/configuration/site/document/842/creator"},"creationDate":1484057978000,"lastModifier":{"uri":"/selfcnil/api/configuration/site/document/842/lastModifier"},"lastModificationDate":1531417355000,"fields":[{"name":"Description","value":null,"fieldType":"TEXT","fieldOrder":null,"fieldLength":null,"listOfValueId":null,"visibleByAgent":null,"visibleBySupervisor":null,"visibleByExternalSpecialist":null,"mandatoryForAgent":null,"mandatoryForSupervisor":null,"readonlyForAgent":null,"readonlyForSupervisor":null,"localisation":[{"label":"Description","value":"vidéo, vidéosurveillance, commerce, magasin, supermarché, centre commercial, boutique, caméra, supérette, salariés, RGPD, GDPR, règlement européen","locale":"fr_FR"}]},{"name":"OrderTemplate","value":"","fieldType":"STRING","fieldOrder":null,"fieldLength":null,"listOfValueId":null,"visibleByAgent":null,"visibleBySupervisor":null,"visibleByExternalSpecialist":null,"mandatoryForAgent":null,"mandatoryForSupervisor":null,"readonlyForAgent":null,"readonlyForSupervisor":null,"localisation":[{"label":"Ordre d'affichage","value":"","locale":"fr_FR"}]}],"hits":[{"locale":"fr_FR","hits":8}],"ranks":[{"locale":"fr_FR","rank":1.4610389610389611,"count":154}],"contacts":{"uri":"/selfcnil/api/configuration/site/document/842/contacts"},"relatedDocuments":{"uri":"/selfcnil/api/configuration/site/document/842/relatedDocuments"},"attachments":{"uri":"/selfcnil/api/configuration/site/document/842/attachments"},"path":[{"id":"12","uri":"/selfcnil/api/configuration/site/documentGroup/12"},{"id":"49","uri":"/selfcnil/api/configuration/site/documentGroup/49"},{"id":"38","uri":"/selfcnil/api/configuration/site/documentGroup/38"}],"parentGroup":{"id":"38","uri":"/selfcnil/api/configuration/site/documentGroup/38"},"publicationStatus":"None"}