{"id":"843","uri":"/selfcnil/api/configuration/site/document/843","names":[{"name":"Dénonciation des employés auteurs d'infractions au code de la route : que faire ?","locale":"fr_FR"}],"metadata":[{"locale":"fr_FR","name":"description","property":null,"content":"radar, voiture, AU10, désignation, conducteur, contravention, route, véhicule, infraction, immatriculation"}],"content":{"uri":"/selfcnil/api/configuration/site/document/843/content"},"creator":{"uri":"/selfcnil/api/configuration/site/document/843/creator"},"creationDate":1484298978000,"lastModifier":{"uri":"/selfcnil/api/configuration/site/document/843/lastModifier"},"lastModificationDate":1527669533000,"fields":[{"name":"Description","value":null,"fieldType":"TEXT","fieldOrder":null,"fieldLength":null,"listOfValueId":null,"visibleByAgent":null,"visibleBySupervisor":null,"visibleByExternalSpecialist":null,"mandatoryForAgent":null,"mandatoryForSupervisor":null,"readonlyForAgent":null,"readonlyForSupervisor":null,"localisation":[{"label":"Description","value":"radar, voiture, AU10, désignation, conducteur, contravention, route, véhicule, infraction, immatriculation","locale":"fr_FR"}]},{"name":"OrderTemplate","value":"","fieldType":"STRING","fieldOrder":null,"fieldLength":null,"listOfValueId":null,"visibleByAgent":null,"visibleBySupervisor":null,"visibleByExternalSpecialist":null,"mandatoryForAgent":null,"mandatoryForSupervisor":null,"readonlyForAgent":null,"readonlyForSupervisor":null,"localisation":[{"label":"Ordre d'affichage","value":"","locale":"fr_FR"}]}],"hits":[{"locale":"fr_FR","hits":6}],"ranks":[{"locale":"fr_FR","rank":1.4230769230769231,"count":52}],"contacts":{"uri":"/selfcnil/api/configuration/site/document/843/contacts"},"relatedDocuments":{"uri":"/selfcnil/api/configuration/site/document/843/relatedDocuments"},"attachments":{"uri":"/selfcnil/api/configuration/site/document/843/attachments"},"path":[{"id":"12","uri":"/selfcnil/api/configuration/site/documentGroup/12"},{"id":"49","uri":"/selfcnil/api/configuration/site/documentGroup/49"},{"id":"35","uri":"/selfcnil/api/configuration/site/documentGroup/35"}],"parentGroup":{"id":"35","uri":"/selfcnil/api/configuration/site/documentGroup/35"},"publicationStatus":"None"}