{"id":"844","uri":"/selfcnil/api/configuration/site/document/844","names":[{"name":"Adresser une réclamation (plainte) à la CNIL : à quelles conditions et comment ?","locale":"fr_FR"}],"metadata":[{"locale":"fr_FR","name":"description","property":null,"content":"plainte, signalement, dénonciation, intervention CNIL, difficultés, problème"}],"content":{"uri":"/selfcnil/api/configuration/site/document/844/content"},"creator":{"uri":"/selfcnil/api/configuration/site/document/844/creator"},"creationDate":1484561741000,"lastModifier":{"uri":"/selfcnil/api/configuration/site/document/844/lastModifier"},"lastModificationDate":1536246076000,"fields":[{"name":"Description","value":null,"fieldType":"TEXT","fieldOrder":null,"fieldLength":null,"listOfValueId":null,"visibleByAgent":null,"visibleBySupervisor":null,"visibleByExternalSpecialist":null,"mandatoryForAgent":null,"mandatoryForSupervisor":null,"readonlyForAgent":null,"readonlyForSupervisor":null,"localisation":[{"label":"Description","value":"plainte, signalement, dénonciation, intervention CNIL, difficultés, problème","locale":"fr_FR"}]},{"name":"OrderTemplate","value":"","fieldType":"STRING","fieldOrder":null,"fieldLength":null,"listOfValueId":null,"visibleByAgent":null,"visibleBySupervisor":null,"visibleByExternalSpecialist":null,"mandatoryForAgent":null,"mandatoryForSupervisor":null,"readonlyForAgent":null,"readonlyForSupervisor":null,"localisation":[{"label":"Ordre d'affichage","value":"","locale":"fr_FR"}]}],"hits":[{"locale":"fr_FR","hits":13}],"ranks":[{"locale":"fr_FR","rank":1.4342105263157894,"count":760}],"contacts":{"uri":"/selfcnil/api/configuration/site/document/844/contacts"},"relatedDocuments":{"uri":"/selfcnil/api/configuration/site/document/844/relatedDocuments"},"attachments":{"uri":"/selfcnil/api/configuration/site/document/844/attachments"},"path":[{"id":"12","uri":"/selfcnil/api/configuration/site/documentGroup/12"},{"id":"65","uri":"/selfcnil/api/configuration/site/documentGroup/65"},{"id":"73","uri":"/selfcnil/api/configuration/site/documentGroup/73"}],"parentGroup":{"id":"73","uri":"/selfcnil/api/configuration/site/documentGroup/73"},"publicationStatus":"None"}