{"id":"845","uri":"/selfcnil/api/configuration/site/document/845","names":[{"name":"Mentions légales sur un site internet, est-ce obligatoire ?","locale":"fr_FR"}],"metadata":[{"locale":"fr_FR","name":"description","property":null,"content":"mention légale, infos légales, LCEN, éditeur, hébergeur"}],"content":{"uri":"/selfcnil/api/configuration/site/document/845/content"},"creator":{"uri":"/selfcnil/api/configuration/site/document/845/creator"},"creationDate":1484562826000,"lastModifier":{"uri":"/selfcnil/api/configuration/site/document/845/lastModifier"},"lastModificationDate":1527258990000,"fields":[{"name":"Description","value":null,"fieldType":"TEXT","fieldOrder":null,"fieldLength":null,"listOfValueId":null,"visibleByAgent":null,"visibleBySupervisor":null,"visibleByExternalSpecialist":null,"mandatoryForAgent":null,"mandatoryForSupervisor":null,"readonlyForAgent":null,"readonlyForSupervisor":null,"localisation":[{"label":"Description","value":"mention légale, infos légales, LCEN, éditeur, hébergeur, rgpd, gdpr, règlement européen","locale":"fr_FR"}]},{"name":"OrderTemplate","value":"","fieldType":"STRING","fieldOrder":null,"fieldLength":null,"listOfValueId":null,"visibleByAgent":null,"visibleBySupervisor":null,"visibleByExternalSpecialist":null,"mandatoryForAgent":null,"mandatoryForSupervisor":null,"readonlyForAgent":null,"readonlyForSupervisor":null,"localisation":[{"label":"Ordre d'affichage","value":"","locale":"fr_FR"}]}],"hits":[{"locale":"fr_FR","hits":11}],"ranks":[{"locale":"fr_FR","rank":1.550098231827112,"count":509}],"contacts":{"uri":"/selfcnil/api/configuration/site/document/845/contacts"},"relatedDocuments":{"uri":"/selfcnil/api/configuration/site/document/845/relatedDocuments"},"attachments":{"uri":"/selfcnil/api/configuration/site/document/845/attachments"},"path":[{"id":"12","uri":"/selfcnil/api/configuration/site/documentGroup/12"},{"id":"49","uri":"/selfcnil/api/configuration/site/documentGroup/49"},{"id":"44","uri":"/selfcnil/api/configuration/site/documentGroup/44"}],"parentGroup":{"id":"44","uri":"/selfcnil/api/configuration/site/documentGroup/44"},"publicationStatus":"None"}