{"id":"845","uri":"/selfcnil/api/configuration/site/document/845/content","contents":[{"locale":"fr_FR","content":"<span style=\"color:#2179c4;\"><strong>Oui</strong></span>.<br />\r\n<br />\r\nTout site internet <a href=\"https://www.legifrance.gouv.fr/affichTexteArticle.do;jsessionid=D10C48734ABEA789B9F34BF6D54B3E27.tpdila07v_2?idArticle=LEGIARTI000032400316&amp;cidTexte=LEGITEXT000005789847&amp;dateTexte=20170116\" target=\"_blank\">doit</a> permettre d'identifier son responsable et son hébergeur, en application de la loi pour la confiance dans l'économie numérique du 21 juin 2004.<br />\r\n<br />\r\n<span style=\"color:#ff5122;\"><strong>Pour en savoir plus :</strong></span> <a href=\"https://www.service-public.fr/professionnels-entreprises/vosdroits/F31228\" target=\"_blank\">Quelles sont les mentions obligatoires sur un site internet ?</a><br />\r\n<br />\r\n<strong><span style=\"color:#ff5122;\">Attention !</span></strong> Les \"mentions légales\" sont à distinguer <a href=\"https://www.cnil.fr/fr/rgpd-exemples-de-mentions-dinformation\" target=\"_blank\">des mentions d'information</a> des personnes concernées par un fichier.","format":"text/html"}]}