{"id":"847","uri":"/selfcnil/api/configuration/site/document/847","names":[{"name":"Alertes professionnelles : que faire ?","locale":"fr_FR"}],"metadata":[{"locale":"fr_FR","name":"description","property":null,"content":"whistle blowing, whistleblowing, alerte pro, lanceur d'alertes, dénonciation, signalement, lanceurs d'alerte"}],"content":{"uri":"/selfcnil/api/configuration/site/document/847/content"},"creator":{"uri":"/selfcnil/api/configuration/site/document/847/creator"},"creationDate":1484564210000,"lastModifier":{"uri":"/selfcnil/api/configuration/site/document/847/lastModifier"},"lastModificationDate":1560870864000,"fields":[{"name":"Description","value":null,"fieldType":"TEXT","fieldOrder":null,"fieldLength":null,"listOfValueId":null,"visibleByAgent":null,"visibleBySupervisor":null,"visibleByExternalSpecialist":null,"mandatoryForAgent":null,"mandatoryForSupervisor":null,"readonlyForAgent":null,"readonlyForSupervisor":null,"localisation":[{"label":"Description","value":"whistle blowing, whistleblowing, alerte pro, lanceur d'alertes, dénonciation, signalement, lanceurs d'alerte, Sapin,\r\nrgpd, gdpr, règlement européen\r\n","locale":"fr_FR"}]},{"name":"OrderTemplate","value":"","fieldType":"STRING","fieldOrder":null,"fieldLength":null,"listOfValueId":null,"visibleByAgent":null,"visibleBySupervisor":null,"visibleByExternalSpecialist":null,"mandatoryForAgent":null,"mandatoryForSupervisor":null,"readonlyForAgent":null,"readonlyForSupervisor":null,"localisation":[{"label":"Ordre d'affichage","value":"","locale":"fr_FR"}]}],"hits":[{"locale":"fr_FR","hits":8}],"ranks":[{"locale":"fr_FR","rank":1.4700854700854702,"count":117}],"contacts":{"uri":"/selfcnil/api/configuration/site/document/847/contacts"},"relatedDocuments":{"uri":"/selfcnil/api/configuration/site/document/847/relatedDocuments"},"attachments":{"uri":"/selfcnil/api/configuration/site/document/847/attachments"},"path":[{"id":"12","uri":"/selfcnil/api/configuration/site/documentGroup/12"},{"id":"49","uri":"/selfcnil/api/configuration/site/documentGroup/49"},{"id":"35","uri":"/selfcnil/api/configuration/site/documentGroup/35"}],"parentGroup":{"id":"35","uri":"/selfcnil/api/configuration/site/documentGroup/35"},"publicationStatus":"None"}