{"id":"847","uri":"/selfcnil/api/configuration/site/document/847/content","contents":[{"locale":"fr_FR","content":"<p>Les fichiers relatifs aux dispositifs d'alertes professionnelles n'ont plus à être déclarés à la CNIL depuis le 25 mai 2018, date d'entrée en application du <a href=\"https://www.cnil.fr/fr/reglement-europeen-protection-donnees\" target=\"_blank\">RGPD</a>.</p>\r\n\r\n<p><strong>Pour vous conformer aux règles de protection des données personnelles, vous devez :</strong></p>\r\n\r\n<ul>\r\n\t<li>Demander conseil et assistance à votre <a href=\"https://www.cnil.fr/fr/devenir-delegue-la-protection-des-donnees\" target=\"_blank\">Délégué à la protection des données</a> (DPO) si vous en avez un.</li>\r\n\t<li>Pour ce type de traitement, une&nbsp;<a href=\"https://www.cnil.fr/fr/RGPD-analyse-impact-protection-des-donnees-pia\" target=\"_blank\">analyse d'impact</a> sur la protection des données (PIA) doit <a href=\"https://www.cnil.fr/sites/default/files/atoms/files/liste-traitements-avec-aipd-requise-v2.pdf\" target=\"_blank\">impérativement</a> être menée.</li>\r\n\t<li>Inscrire votre fichier dans le <a href=\"https://www.cnil.fr/fr/rgpd-et-tpepme-un-nouveau-modele-de-registre-plus-simple-et-plus-didactique\" target=\"_blank\">Registre</a> des activités de traitement tenu par votre société.</li>\r\n\t<li><a href=\"https://www.cnil.fr/fr/rgpd-exemples-de-mentions-dinformation\" target=\"_blank\">Informer</a>&nbsp;les personnes&nbsp;des conditions dans lesquelles vous traitez leurs données.</li>\r\n\t<li>Prévoir des mesures de sécurité adaptées au regard des risques.</li>\r\n</ul>\r\n\r\n<p><strong><span style=\"color:#ff5122;\">A noter !</span></strong> La CNIL vous propose des outils pour vous aider dans ces démarches :</p>\r\n\r\n<ul>\r\n\t<li>Des <a href=\"https://www.cnil.fr/fr/PIA-privacy-impact-assessment\" target=\"_blank\">guides</a> pour réaliser un PIA.</li>\r\n\t<li>Un <a href=\"https://www.cnil.fr/sites/default/files/atoms/files/registre_rgpd_basique.pdf\" target=\"_blank\">modèle</a> de Registre.</li>\r\n\t<li>Un <a href=\"https://www.cnil.fr/fr/principes-cles/guide-de-la-securite-des-donnees-personnelles\" target=\"_blank\">Guide sur la sécurité des données personnelles</a>.</li>\r\n\t<li>Pour vous aider à respecter vos obligations, vous pouvez vous appuyer sur l'ancienne <strong><a href=\"https://www.cnil.fr/declaration/au-004-alertes-professionnelles\" target=\"_blank\" title=\"AU-004\">autorisation&nbsp;unique 004</a></strong>&nbsp;concernant les fichiers relatifs aux dispositifs d'alertes professionnelles.</li>\r\n</ul>\r\n\r\n<p><strong><span style=\"color:#ff5122;\">En savoir plus :</span></strong></p>\r\n\r\n<ul>\r\n\t<li><a href=\"https://www.cnil.fr/fr/principes-cles/rgpd-se-preparer-en-6-etapes\" target=\"_blank\">RGPD : se préparer en 6 étapes</a></li>\r\n\t<li><a href=\"https://www.cnil.fr/fr/transferer-des-donnees-hors-de-lue\" target=\"_blank\">Les transferts de données hors de l'Union européenne</a></li>\r\n</ul>\r\n<strong><span style=\"color:#ff5122;\">Attention !</span></strong>\r\n\r\n<ul>\r\n\t<li>Les alertes peuvent être faites par <span style=\"color:#2179c4;\"><strong>le personnel mais aussi par les collaborateurs extérieurs et occasionnels </strong></span>de l'organisme.</li>\r\n\t<li>Les données concernant l'émetteur de l'alerte ne peuvent pas être divulguées, sauf à l'autorité judiciaire et seulement avec le consentement de la personne.</li>\r\n\t<li>Les données concernant la personne mise en cause par un signalement ne peuvent pas être divulguées, sauf à l'autorité judiciaire et une fois établi le caractère fondé de l'alerte.</li>\r\n</ul>\r\n","format":"text/html"}]}