{"id":"84","uri":"/selfcnil/api/configuration/site/document/84/content","contents":[{"locale":"fr_FR","content":"Dans votre situation, <span style=\"color:#2179c4;\"><strong>la CNIL ne peut pas intervenir</strong></span>.<br />\r\n<br />\r\nLa forclusion a pour conséquence d'interdire au créancier d'agir en justice lorsque le délai de deux ans, qui donne naissance à l'action en paiement, s'est écoulé depuis le premier incident de paiement non régularisé. Elle n'a pas pour effet d'éteindre la créance qui peut toujours être légitimement honorée par le débiteur.<br />\r\n<br />\r\nAinsi,<strong> <span style=\"color:#2179c4;\">la forclusion de l'action en justice d'un établissement financier n'est pas suffisante pour faire procéder à la levée d'une inscription au FICP</span></strong>.<br />\r\n<br />\r\nLes informations figurant dans le&nbsp;FICP sont conservées pendant cinq ans à compter de leur date d'enregistrement et ne peuvent être radiées qu'à la condition du paiement intégral des sommes dues ou lorsqu'un juge ordonne expressément cette radiation.","format":"text/html"}]}