{"id":"85","uri":"/selfcnil/api/configuration/site/document/85","names":[{"name":"Ma liquidation judiciaire est close pour insuffisance d'actif et je suis toujours fiché au FICP. Que peut faire la CNIL ?","locale":"fr_FR"}],"metadata":[{"locale":"fr_FR","name":"description","property":null,"content":"FICP, interdit de crédit, crédit, banque, Banque de France, insuffisance d'actif, liquidation judiciaire"}],"content":{"uri":"/selfcnil/api/configuration/site/document/85/content"},"creator":null,"creationDate":1423231384000,"lastModifier":{"uri":"/selfcnil/api/configuration/site/document/85/lastModifier"},"lastModificationDate":1477475721000,"fields":[{"name":"Description","value":null,"fieldType":"TEXT","fieldOrder":null,"fieldLength":null,"listOfValueId":null,"visibleByAgent":null,"visibleBySupervisor":null,"visibleByExternalSpecialist":null,"mandatoryForAgent":null,"mandatoryForSupervisor":null,"readonlyForAgent":null,"readonlyForSupervisor":null,"localisation":[{"label":"Description","value":"FICP, interdit de crédit, crédit, banque, Banque de France, insuffisance d'actif, liquidation judiciaire","locale":"fr_FR"}]},{"name":"OrderTemplate","value":"","fieldType":"STRING","fieldOrder":null,"fieldLength":null,"listOfValueId":null,"visibleByAgent":null,"visibleBySupervisor":null,"visibleByExternalSpecialist":null,"mandatoryForAgent":null,"mandatoryForSupervisor":null,"readonlyForAgent":null,"readonlyForSupervisor":null,"localisation":[{"label":"Ordre d'affichage","value":"","locale":"fr_FR"}]}],"hits":[{"locale":"fr_FR","hits":453}],"ranks":[{"locale":"fr_FR","rank":1.3835616438356164,"count":146}],"contacts":{"uri":"/selfcnil/api/configuration/site/document/85/contacts"},"relatedDocuments":{"uri":"/selfcnil/api/configuration/site/document/85/relatedDocuments"},"attachments":{"uri":"/selfcnil/api/configuration/site/document/85/attachments"},"path":[{"id":"12","uri":"/selfcnil/api/configuration/site/documentGroup/12"},{"id":"65","uri":"/selfcnil/api/configuration/site/documentGroup/65"},{"id":"84","uri":"/selfcnil/api/configuration/site/documentGroup/84"}],"parentGroup":{"id":"84","uri":"/selfcnil/api/configuration/site/documentGroup/84"},"publicationStatus":"None"}