{"id":"853","uri":"/selfcnil/api/configuration/site/document/853","names":[{"name":"Gestion du personnel : que faire ?","locale":"fr_FR"}],"metadata":[{"locale":"fr_FR","name":"description","property":null,"content":"gestion personnel,dossier professionnel,annuaires internes,organigrammes, élections professionnelles, action sociale, suivi et maintenance du parc informatique"}],"content":{"uri":"/selfcnil/api/configuration/site/document/853/content"},"creator":{"uri":"/selfcnil/api/configuration/site/document/853/creator"},"creationDate":1485437290000,"lastModifier":{"uri":"/selfcnil/api/configuration/site/document/853/lastModifier"},"lastModificationDate":1527686121000,"fields":[{"name":"Description","value":null,"fieldType":"TEXT","fieldOrder":null,"fieldLength":null,"listOfValueId":null,"visibleByAgent":null,"visibleBySupervisor":null,"visibleByExternalSpecialist":null,"mandatoryForAgent":null,"mandatoryForSupervisor":null,"readonlyForAgent":null,"readonlyForSupervisor":null,"localisation":[{"label":"Description","value":"gestion personnel,dossier professionnel,annuaires internes,organigrammes, élections professionnelles, action sociale, suivi et maintenance du parc informatique  ","locale":"fr_FR"}]},{"name":"OrderTemplate","value":"","fieldType":"STRING","fieldOrder":null,"fieldLength":null,"listOfValueId":null,"visibleByAgent":null,"visibleBySupervisor":null,"visibleByExternalSpecialist":null,"mandatoryForAgent":null,"mandatoryForSupervisor":null,"readonlyForAgent":null,"readonlyForSupervisor":null,"localisation":[{"label":"Ordre d'affichage","value":"","locale":"fr_FR"}]}],"hits":[{"locale":"fr_FR","hits":8}],"ranks":[{"locale":"fr_FR","rank":1.4266666666666667,"count":75}],"contacts":{"uri":"/selfcnil/api/configuration/site/document/853/contacts"},"relatedDocuments":{"uri":"/selfcnil/api/configuration/site/document/853/relatedDocuments"},"attachments":{"uri":"/selfcnil/api/configuration/site/document/853/attachments"},"path":[{"id":"12","uri":"/selfcnil/api/configuration/site/documentGroup/12"},{"id":"49","uri":"/selfcnil/api/configuration/site/documentGroup/49"},{"id":"35","uri":"/selfcnil/api/configuration/site/documentGroup/35"}],"parentGroup":{"id":"35","uri":"/selfcnil/api/configuration/site/documentGroup/35"},"publicationStatus":"None"}