{"id":"858","uri":"/selfcnil/api/configuration/site/document/858","names":[{"name":"Fichier des membres, bénévoles et donateurs d'associations : que faire ?","locale":"fr_FR"}],"metadata":[{"locale":"fr_FR","name":"description","property":null,"content":"association, bénévoles, donateurs, membres, adhésion"}],"content":{"uri":"/selfcnil/api/configuration/site/document/858/content"},"creator":{"uri":"/selfcnil/api/configuration/site/document/858/creator"},"creationDate":1487684893000,"lastModifier":{"uri":"/selfcnil/api/configuration/site/document/858/lastModifier"},"lastModificationDate":1535107732000,"fields":[{"name":"Description","value":null,"fieldType":"TEXT","fieldOrder":null,"fieldLength":null,"listOfValueId":null,"visibleByAgent":null,"visibleBySupervisor":null,"visibleByExternalSpecialist":null,"mandatoryForAgent":null,"mandatoryForSupervisor":null,"readonlyForAgent":null,"readonlyForSupervisor":null,"localisation":[{"label":"Description","value":"association, bénévoles, donateurs, membres, adhésion, rgpd, gdpr, règlement européen","locale":"fr_FR"}]},{"name":"OrderTemplate","value":"","fieldType":"STRING","fieldOrder":null,"fieldLength":null,"listOfValueId":null,"visibleByAgent":null,"visibleBySupervisor":null,"visibleByExternalSpecialist":null,"mandatoryForAgent":null,"mandatoryForSupervisor":null,"readonlyForAgent":null,"readonlyForSupervisor":null,"localisation":[{"label":"Ordre d'affichage","value":"","locale":"fr_FR"}]}],"hits":[{"locale":"fr_FR","hits":7}],"ranks":[{"locale":"fr_FR","rank":1.322314049586777,"count":121}],"contacts":{"uri":"/selfcnil/api/configuration/site/document/858/contacts"},"relatedDocuments":{"uri":"/selfcnil/api/configuration/site/document/858/relatedDocuments"},"attachments":{"uri":"/selfcnil/api/configuration/site/document/858/attachments"},"path":[{"id":"12","uri":"/selfcnil/api/configuration/site/documentGroup/12"},{"id":"49","uri":"/selfcnil/api/configuration/site/documentGroup/49"},{"id":"63","uri":"/selfcnil/api/configuration/site/documentGroup/63"}],"parentGroup":{"id":"63","uri":"/selfcnil/api/configuration/site/documentGroup/63"},"publicationStatus":"None"}