{"id":"861","uri":"/selfcnil/api/configuration/site/document/861","names":[{"name":"Piratage informatique : la CNIL est-elle compétente ?","locale":"fr_FR"}],"metadata":[],"content":{"uri":"/selfcnil/api/configuration/site/document/861/content"},"creator":{"uri":"/selfcnil/api/configuration/site/document/861/creator"},"creationDate":1487692542000,"lastModifier":{"uri":"/selfcnil/api/configuration/site/document/861/lastModifier"},"lastModificationDate":1508253092000,"fields":[{"name":"Description","value":null,"fieldType":"TEXT","fieldOrder":null,"fieldLength":null,"listOfValueId":null,"visibleByAgent":null,"visibleBySupervisor":null,"visibleByExternalSpecialist":null,"mandatoryForAgent":null,"mandatoryForSupervisor":null,"readonlyForAgent":null,"readonlyForSupervisor":null,"localisation":[{"label":"Description","value":"","locale":"fr_FR"}]},{"name":"OrderTemplate","value":"","fieldType":"STRING","fieldOrder":null,"fieldLength":null,"listOfValueId":null,"visibleByAgent":null,"visibleBySupervisor":null,"visibleByExternalSpecialist":null,"mandatoryForAgent":null,"mandatoryForSupervisor":null,"readonlyForAgent":null,"readonlyForSupervisor":null,"localisation":[{"label":"Ordre d'affichage","value":"","locale":"fr_FR"}]}],"hits":[{"locale":"fr_FR","hits":2}],"ranks":[{"locale":"fr_FR","rank":1.3953488372093024,"count":86}],"contacts":{"uri":"/selfcnil/api/configuration/site/document/861/contacts"},"relatedDocuments":{"uri":"/selfcnil/api/configuration/site/document/861/relatedDocuments"},"attachments":{"uri":"/selfcnil/api/configuration/site/document/861/attachments"},"path":[{"id":"12","uri":"/selfcnil/api/configuration/site/documentGroup/12"},{"id":"65","uri":"/selfcnil/api/configuration/site/documentGroup/65"},{"id":"70","uri":"/selfcnil/api/configuration/site/documentGroup/70"}],"parentGroup":{"id":"70","uri":"/selfcnil/api/configuration/site/documentGroup/70"},"publicationStatus":"None"}