{"id":"864","uri":"/selfcnil/api/configuration/site/document/864","names":[{"name":"Comment contacter la CNIL ?","locale":"fr_FR"}],"metadata":[{"locale":"fr_FR","name":"description","property":null,"content":"contacter cnil, téléphoner cnil, juristes, téléconseillers, standard, adresse, permanences, horaires, accueil,services en ligne"}],"content":{"uri":"/selfcnil/api/configuration/site/document/864/content"},"creator":{"uri":"/selfcnil/api/configuration/site/document/864/creator"},"creationDate":1487862355000,"lastModifier":{"uri":"/selfcnil/api/configuration/site/document/864/lastModifier"},"lastModificationDate":1517330956000,"fields":[{"name":"Description","value":null,"fieldType":"TEXT","fieldOrder":null,"fieldLength":null,"listOfValueId":null,"visibleByAgent":null,"visibleBySupervisor":null,"visibleByExternalSpecialist":null,"mandatoryForAgent":null,"mandatoryForSupervisor":null,"readonlyForAgent":null,"readonlyForSupervisor":null,"localisation":[{"label":"Description","value":"contacter cnil, téléphoner cnil, juristes, téléconseillers, standard, adresse, permanences, horaires, accueil,services en ligne ","locale":"fr_FR"}]},{"name":"OrderTemplate","value":"","fieldType":"STRING","fieldOrder":null,"fieldLength":null,"listOfValueId":null,"visibleByAgent":null,"visibleBySupervisor":null,"visibleByExternalSpecialist":null,"mandatoryForAgent":null,"mandatoryForSupervisor":null,"readonlyForAgent":null,"readonlyForSupervisor":null,"localisation":[{"label":"Ordre d'affichage","value":"","locale":"fr_FR"}]}],"hits":[],"ranks":[{"locale":"fr_FR","rank":1.1461836998706338,"count":773}],"contacts":{"uri":"/selfcnil/api/configuration/site/document/864/contacts"},"relatedDocuments":{"uri":"/selfcnil/api/configuration/site/document/864/relatedDocuments"},"attachments":{"uri":"/selfcnil/api/configuration/site/document/864/attachments"},"path":[{"id":"12","uri":"/selfcnil/api/configuration/site/documentGroup/12"},{"id":"65","uri":"/selfcnil/api/configuration/site/documentGroup/65"},{"id":"73","uri":"/selfcnil/api/configuration/site/documentGroup/73"}],"parentGroup":{"id":"73","uri":"/selfcnil/api/configuration/site/documentGroup/73"},"publicationStatus":"None"}