{"id":"904","uri":"/selfcnil/api/configuration/site/document/904","names":[{"name":"La convention de divorce décide que le crédit sera remboursé par mon ex-conjoint mais je suis fiché au FICP. Que peut faire la CNIL ?","locale":"fr_FR"}],"metadata":[{"locale":"fr_FR","name":"description","property":null,"content":"interdit bancaire, divorce, caution, remboursement, séparation, convention, jugement"}],"content":{"uri":"/selfcnil/api/configuration/site/document/904/content"},"creator":{"uri":"/selfcnil/api/configuration/site/document/904/creator"},"creationDate":1498651788000,"lastModifier":{"uri":"/selfcnil/api/configuration/site/document/904/lastModifier"},"lastModificationDate":1510580072000,"fields":[{"name":"Description","value":null,"fieldType":"TEXT","fieldOrder":null,"fieldLength":null,"listOfValueId":null,"visibleByAgent":null,"visibleBySupervisor":null,"visibleByExternalSpecialist":null,"mandatoryForAgent":null,"mandatoryForSupervisor":null,"readonlyForAgent":null,"readonlyForSupervisor":null,"localisation":[{"label":"Description","value":"interdit bancaire, divorce, caution, remboursement, séparation, convention, jugement","locale":"fr_FR"}]},{"name":"OrderTemplate","value":"","fieldType":"STRING","fieldOrder":null,"fieldLength":null,"listOfValueId":null,"visibleByAgent":null,"visibleBySupervisor":null,"visibleByExternalSpecialist":null,"mandatoryForAgent":null,"mandatoryForSupervisor":null,"readonlyForAgent":null,"readonlyForSupervisor":null,"localisation":[{"label":"Ordre d'affichage","value":"","locale":"fr_FR"}]}],"hits":[],"ranks":[{"locale":"fr_FR","rank":1.2,"count":5}],"contacts":{"uri":"/selfcnil/api/configuration/site/document/904/contacts"},"relatedDocuments":{"uri":"/selfcnil/api/configuration/site/document/904/relatedDocuments"},"attachments":{"uri":"/selfcnil/api/configuration/site/document/904/attachments"},"path":[{"id":"12","uri":"/selfcnil/api/configuration/site/documentGroup/12"},{"id":"65","uri":"/selfcnil/api/configuration/site/documentGroup/65"},{"id":"84","uri":"/selfcnil/api/configuration/site/documentGroup/84"}],"parentGroup":{"id":"84","uri":"/selfcnil/api/configuration/site/documentGroup/84"},"publicationStatus":"None"}