{"id":"905","uri":"/selfcnil/api/configuration/site/document/905","names":[{"name":"Qu'est-ce que le Bouclier de Protection des Données ?","locale":"fr_FR"}],"metadata":[{"locale":"fr_FR","name":"description","property":null,"content":"Privacy Shield, Safe Harbor, transferts"}],"content":{"uri":"/selfcnil/api/configuration/site/document/905/content"},"creator":{"uri":"/selfcnil/api/configuration/site/document/905/creator"},"creationDate":1498653869000,"lastModifier":{"uri":"/selfcnil/api/configuration/site/document/905/lastModifier"},"lastModificationDate":1499677604000,"fields":[{"name":"Description","value":null,"fieldType":"TEXT","fieldOrder":null,"fieldLength":null,"listOfValueId":null,"visibleByAgent":null,"visibleBySupervisor":null,"visibleByExternalSpecialist":null,"mandatoryForAgent":null,"mandatoryForSupervisor":null,"readonlyForAgent":null,"readonlyForSupervisor":null,"localisation":[{"label":"Description","value":"Privacy Shield, Safe Harbor, transferts","locale":"fr_FR"}]},{"name":"OrderTemplate","value":"","fieldType":"STRING","fieldOrder":null,"fieldLength":null,"listOfValueId":null,"visibleByAgent":null,"visibleBySupervisor":null,"visibleByExternalSpecialist":null,"mandatoryForAgent":null,"mandatoryForSupervisor":null,"readonlyForAgent":null,"readonlyForSupervisor":null,"localisation":[{"label":"Ordre d'affichage","value":"","locale":"fr_FR"}]}],"hits":[],"ranks":[{"locale":"fr_FR","rank":1.3,"count":10}],"contacts":{"uri":"/selfcnil/api/configuration/site/document/905/contacts"},"relatedDocuments":{"uri":"/selfcnil/api/configuration/site/document/905/relatedDocuments"},"attachments":{"uri":"/selfcnil/api/configuration/site/document/905/attachments"},"path":[{"id":"12","uri":"/selfcnil/api/configuration/site/documentGroup/12"},{"id":"65","uri":"/selfcnil/api/configuration/site/documentGroup/65"},{"id":"73","uri":"/selfcnil/api/configuration/site/documentGroup/73"}],"parentGroup":{"id":"73","uri":"/selfcnil/api/configuration/site/documentGroup/73"},"publicationStatus":"None"}