{"id":"917","uri":"/selfcnil/api/configuration/site/document/917/content","contents":[{"locale":"fr_FR","content":"<ul>\r\n\t<li>Le LSUN, qui remplace le livret personnel de compétence (LPC), est une<span style=\"color:#2179c4;\"> <strong>application numérique nationale</strong></span> de suivi de la scolarité des élèves du CP à la 3ème.</li>\r\n\t<li>Le LSUN contient les notes des élèves, les bilans périodiques et de fin de cycle, les appréciations des professeurs et le suivi de l'acquis des compétences.</li>\r\n\t<li>Les données enregistrées dans le LSUN sont conservées pendant<strong> </strong><span style=\"color:#2179c4;\"><strong>3 ans (durée d'un cycle scolaire) plus une année</strong></span>.</li>\r\n\t<li>Le LSUN est <span style=\"color:#2179c4;\"><strong>obligatoire</strong></span> (<a href=\"https://www.legifrance.gouv.fr/eli/arrete/2015/12/31/MENE1531425A/jo/texte\" target=\"_blank\">arrêté du 31 décembre 2015</a>).</li>\r\n\t<li>En revanche, <span style=\"color:#2179c4;\"><strong>le téléservice</strong></span> qui sera prochainement déployé afin que les parents puissent consulter en ligne le livret scolaire de leur enfant et télécharger des documents est <span style=\"color:#2179c4;\"><strong>facultatif</strong></span>. Un exemplaire papier du livret sera remis aux parents qui ne souhaitent pas utiliser le téléservice.</li>\r\n</ul>\r\n.<br />\r\n&nbsp;","format":"text/html"}]}